{
  "title": "Using Clerk with Next.js 14",
  "description": "A comprehensive guide to implementing authentication in your Next.js 14 application using Clerk.",
  "date": "2025-10-23T00:00:00.000Z",
  "published": true,
  "featured": true,
  "body": {
    "raw": "\n<Callout>\n  This guide has been updated to use Clerk, a modern authentication solution for Next.js applications.\n</Callout>\n\n## Introduction to Clerk\n\nClerk is a complete authentication and user management solution that provides a seamless way to add authentication to your Next.js applications. It offers features like:\n\n- Email/Password authentication\n- Social logins (Google, GitHub, etc.)\n- Multi-factor authentication\n- User management\n- Session management\n- And more!\n\n## Getting Started\n\n### 1. Install Clerk\n\nFirst, install the Clerk Next.js package:\n\n```bash\nnpm install @clerk/nextjs\n# or\nyarn add @clerk/nextjs\n# or\npnpm add @clerk/nextjs\n```\n\n### 2. Set Up Environment Variables\n\nCreate or update your `.env.local` file with your Clerk credentials:\n\n```env\nNEXT_PUBLIC_CLERK_PUBLISHABLE_KEY=pk_test_*\nCLERK_SECRET_KEY=sk_test_*\nNEXT_PUBLIC_CLERK_SIGN_IN_URL=/sign-in\nNEXT_PUBLIC_CLERK_SIGN_UP_URL=/sign-up\nNEXT_PUBLIC_CLERK_AFTER_SIGN_IN_URL=/dashboard\nNEXT_PUBLIC_CLERK_AFTER_SIGN_UP_URL=/dashboard\n```\n\n### 3. Update `next.config.js`\n\nUpdate your Next.js configuration to include Clerk's domains:\n\n```js\n/** @type {import('next').NextConfig} */\nconst nextConfig = {\n  images: {\n    domains: ['images.unsplash.com', 'img.clerk.com'],\n  },\n};\n\nmodule.exports = nextConfig;\n```\n\n## Setting Up the Clerk Provider\n\n### 1. Create a Root Layout\n\nUpdate your root layout to include the `ClerkProvider`:\n\n```tsx\n// app/layout.tsx\nimport { ClerkProvider } from '@clerk/nextjs';\n\nexport default function RootLayout({\n  children,\n}: {\n  children: React.ReactNode;\n}) {\n  return (\n    <html lang=\"en\">\n      <ClerkProvider>\n        <body>{children}</body>\n      </ClerkProvider>\n    </html>\n  );\n}\n```\n\n### 2. Create a Middleware\n\nCreate a middleware file to protect your routes:\n\n```ts\n// middleware.ts\nimport { authMiddleware } from '@clerk/nextjs';\n \nexport default authMiddleware({\n  // Public routes that don't require authentication\n  publicRoutes: ['/', '/sign-in(.*)', '/sign-up(.*)'],\n});\n \nexport const config = {\n  matcher: ['/((?!.+\\\\.[\\\\w]+$|_next).*)', '/', '/(api|trpc)(.*)'],\n};\n```\n\n## Authentication Components\n\n### Sign In Page\n\nCreate a sign-in page:\n\n```tsx\n// app/sign-in/[[...sign-in]]/page.tsx\nimport { SignIn } from '@clerk/nextjs';\n\nexport default function SignInPage() {\n  return (\n    <div className=\"flex min-h-screen items-center justify-center\">\n      <SignIn path=\"/sign-in\" routing=\"path\" signUpUrl=\"/sign-up\" />\n    </div>\n  );\n}\n```\n\n### Sign Up Page\n\nCreate a sign-up page:\n\n```tsx\n// app/sign-up/[[...sign-up]]/page.tsx\nimport { SignUp } from '@clerk/nextjs';\n\nexport default function SignUpPage() {\n  return (\n    <div className=\"flex min-h-screen items-center justify-center\">\n      <SignUp path=\"/sign-up\" routing=\"path\" signInUrl=\"/sign-in\" />\n    </div>\n  );\n}\n```\n\n## Protecting Routes\n\n### Server Components\n\nUse `auth()` to protect server components:\n\n```tsx\n// app/dashboard/page.tsx\nimport { auth } from '@clerk/nextjs';\n\nexport default async function DashboardPage() {\n  const { userId } = auth();\n  \n  if (!userId) {\n    return <div>Not authenticated</div>;\n  }\n  \n  return (\n    <div>\n      <h1>Welcome to your dashboard!</h1>\n      <p>User ID: {userId}</p>\n    </div>\n  );\n}\n```\n\n### Client Components\n\nUse `useUser()` to access user data in client components:\n\n```tsx\n// components/UserButton.tsx\n'use client';\n\nimport { UserButton } from '@clerk/nextjs';\n\nexport default function UserProfile() {\n  return (\n    <div>\n      <UserButton afterSignOutUrl=\"/\" />\n    </div>\n  );\n}\n```\n\n## Advanced Usage\n\n### Custom User Profile\n\nCreate a custom user profile page:\n\n```tsx\n// app/profile/page.tsx\nimport { auth } from '@clerk/nextjs';\n\nexport default async function ProfilePage() {\n  const { userId } = auth();\n  \n  if (!userId) {\n    return <div>Please sign in to view your profile</div>;\n  }\n  \n  return (\n    <div className=\"max-w-2xl mx-auto p-6\">\n      <h1 className=\"text-2xl font-bold mb-6\">Your Profile</h1>\n      <div className=\"space-y-4\">\n        <div>\n          <h2 className=\"font-semibold\">User ID</h2>\n          <p className=\"text-gray-600\">{userId}</p>\n        </div>\n      </div>\n    </div>\n  );\n}\n```\n\n### API Routes\n\nProtect your API routes:\n\n```ts\n// app/api/protected/route.ts\nimport { auth } from '@clerk/nextjs';\nimport { NextResponse } from 'next/server';\n\nexport async function GET() {\n  const { userId } = auth();\n  \n  if (!userId) {\n    return new NextResponse('Unauthorized', { status: 401 });\n  }\n  \n  return NextResponse.json({ data: 'Protected data' });\n}\n```\n\n## Conclusion\n\nClerk provides a powerful and flexible authentication solution for Next.js applications. With its pre-built components and easy-to-use API, you can quickly add secure authentication to your application.\n\nFor more information, check out the [Clerk documentation](https://clerk.com/docs).\n\n## Troubleshooting\n\n### Common Issues\n\n1. **Clerk not loading**\n   - Make sure your environment variables are correctly set in `.env.local`\n   - Verify your Clerk credentials are correct\n   - Check the browser console for any errors\n\n2. **Middleware issues**\n   - Ensure your middleware is properly configured\n   - Check the matcher pattern in your middleware configuration\n\n3. **API route protection**\n   - Make sure to use `auth()` in your API routes\n   - Check the request headers for the session token\n\n### Getting Help\n\nIf you run into any issues, check out the [Clerk documentation](https://clerk.com/docs) or join the [Clerk community](https://clerk.com/community) for support.\n",
    "code": "var Component=(()=>{var p=Object.create;var s=Object.defineProperty;var E=Object.getOwnPropertyDescriptor;var y=Object.getOwnPropertyNames;var u=Object.getPrototypeOf,g=Object.prototype.hasOwnProperty;var F=(l,n)=>()=>(n||l((n={exports:{}}).exports,n),n.exports),m=(l,n)=>{for(var r in n)s(l,r,{get:n[r],enumerable:!0})},i=(l,n,r,c)=>{if(n&&typeof n==\"object\"||typeof n==\"function\")for(let a of y(n))!g.call(l,a)&&a!==r&&s(l,a,{get:()=>n[a],enumerable:!(c=E(n,a))||c.enumerable});return l};var f=(l,n,r)=>(r=l!=null?p(u(l)):{},i(n||!l||!l.__esModule?s(r,\"default\",{value:l,enumerable:!0}):r,l)),k=l=>i(s({},\"__esModule\",{value:!0}),l);var t=F((B,o)=>{o.exports=_jsx_runtime});var b={};m(b,{default:()=>h,frontmatter:()=>x});var e=f(t()),x={title:\"Using Clerk with Next.js 14\",description:\"A comprehensive guide to implementing authentication in your Next.js 14 application using Clerk.\",date:\"2025-10-23\",featured:!0};function d(l){let n={a:\"a\",code:\"code\",figure:\"figure\",h2:\"h2\",h3:\"h3\",li:\"li\",ol:\"ol\",p:\"p\",pre:\"pre\",span:\"span\",strong:\"strong\",ul:\"ul\",...l.components},{Callout:r}=n;return r||C(\"Callout\",!0),(0,e.jsxs)(e.Fragment,{children:[(0,e.jsx)(r,{children:(0,e.jsx)(n.p,{children:\"This guide has been updated to use Clerk, a modern authentication solution for Next.js applications.\"})}),`\n`,(0,e.jsxs)(n.h2,{id:\"introduction-to-clerk\",children:[(0,e.jsx)(n.a,{className:\"subheading-anchor\",\"aria-label\":\"Link to section\",href:\"#introduction-to-clerk\",children:(0,e.jsx)(n.span,{className:\"icon icon-link\"})}),\"Introduction to Clerk\"]}),`\n`,(0,e.jsx)(n.p,{children:\"Clerk is a complete authentication and user management solution that provides a seamless way to add authentication to your Next.js applications. It offers features like:\"}),`\n`,(0,e.jsxs)(n.ul,{children:[`\n`,(0,e.jsx)(n.li,{children:\"Email/Password authentication\"}),`\n`,(0,e.jsx)(n.li,{children:\"Social logins (Google, GitHub, etc.)\"}),`\n`,(0,e.jsx)(n.li,{children:\"Multi-factor authentication\"}),`\n`,(0,e.jsx)(n.li,{children:\"User management\"}),`\n`,(0,e.jsx)(n.li,{children:\"Session management\"}),`\n`,(0,e.jsx)(n.li,{children:\"And more!\"}),`\n`]}),`\n`,(0,e.jsxs)(n.h2,{id:\"getting-started\",children:[(0,e.jsx)(n.a,{className:\"subheading-anchor\",\"aria-label\":\"Link to section\",href:\"#getting-started\",children:(0,e.jsx)(n.span,{className:\"icon icon-link\"})}),\"Getting Started\"]}),`\n`,(0,e.jsxs)(n.h3,{id:\"1-install-clerk\",children:[(0,e.jsx)(n.a,{className:\"subheading-anchor\",\"aria-label\":\"Link to section\",href:\"#1-install-clerk\",children:(0,e.jsx)(n.span,{className:\"icon icon-link\"})}),\"1. Install Clerk\"]}),`\n`,(0,e.jsx)(n.p,{children:\"First, install the Clerk Next.js package:\"}),`\n`,(0,e.jsx)(n.figure,{\"data-rehype-pretty-code-figure\":\"\",children:(0,e.jsx)(n.pre,{style:{backgroundColor:\"#24292e\",color:\"#e1e4e8\"},tabIndex:\"0\",\"data-language\":\"bash\",\"data-theme\":\"github-dark\",__rawString__:`npm install @clerk/nextjs\n# or\nyarn add @clerk/nextjs\n# or\npnpm add @clerk/nextjs\n`,children:(0,e.jsxs)(n.code,{\"data-language\":\"bash\",\"data-theme\":\"github-dark\",style:{display:\"grid\"},children:[(0,e.jsxs)(n.span,{\"data-line\":\"\",children:[(0,e.jsx)(n.span,{style:{color:\"#B392F0\"},children:\"npm\"}),(0,e.jsx)(n.span,{style:{color:\"#9ECBFF\"},children:\" install\"}),(0,e.jsx)(n.span,{style:{color:\"#9ECBFF\"},children:\" @clerk/nextjs\"})]}),`\n`,(0,e.jsx)(n.span,{\"data-line\":\"\",children:(0,e.jsx)(n.span,{style:{color:\"#6A737D\"},children:\"# or\"})}),`\n`,(0,e.jsxs)(n.span,{\"data-line\":\"\",children:[(0,e.jsx)(n.span,{style:{color:\"#B392F0\"},children:\"yarn\"}),(0,e.jsx)(n.span,{style:{color:\"#9ECBFF\"},children:\" add\"}),(0,e.jsx)(n.span,{style:{color:\"#9ECBFF\"},children:\" @clerk/nextjs\"})]}),`\n`,(0,e.jsx)(n.span,{\"data-line\":\"\",children:(0,e.jsx)(n.span,{style:{color:\"#6A737D\"},children:\"# or\"})}),`\n`,(0,e.jsxs)(n.span,{\"data-line\":\"\",children:[(0,e.jsx)(n.span,{style:{color:\"#B392F0\"},children:\"pnpm\"}),(0,e.jsx)(n.span,{style:{color:\"#9ECBFF\"},children:\" add\"}),(0,e.jsx)(n.span,{style:{color:\"#9ECBFF\"},children:\" @clerk/nextjs\"})]})]})})}),`\n`,(0,e.jsxs)(n.h3,{id:\"2-set-up-environment-variables\",children:[(0,e.jsx)(n.a,{className:\"subheading-anchor\",\"aria-label\":\"Link to section\",href:\"#2-set-up-environment-variables\",children:(0,e.jsx)(n.span,{className:\"icon icon-link\"})}),\"2. Set Up Environment Variables\"]}),`\n`,(0,e.jsxs)(n.p,{children:[\"Create or update your \",(0,e.jsx)(n.code,{children:\".env.local\"}),\" file with your Clerk credentials:\"]}),`\n`,(0,e.jsx)(n.figure,{\"data-rehype-pretty-code-figure\":\"\",children:(0,e.jsx)(n.pre,{style:{backgroundColor:\"#24292e\",color:\"#e1e4e8\"},tabIndex:\"0\",\"data-language\":\"env\",\"data-theme\":\"github-dark\",__rawString__:`NEXT_PUBLIC_CLERK_PUBLISHABLE_KEY=pk_test_*\nCLERK_SECRET_KEY=sk_test_*\nNEXT_PUBLIC_CLERK_SIGN_IN_URL=/sign-in\nNEXT_PUBLIC_CLERK_SIGN_UP_URL=/sign-up\nNEXT_PUBLIC_CLERK_AFTER_SIGN_IN_URL=/dashboard\nNEXT_PUBLIC_CLERK_AFTER_SIGN_UP_URL=/dashboard\n`,children:(0,e.jsxs)(n.code,{\"data-language\":\"env\",\"data-theme\":\"github-dark\",style:{display:\"grid\"},children:[(0,e.jsx)(n.span,{\"data-line\":\"\",children:(0,e.jsx)(n.span,{children:\"NEXT_PUBLIC_CLERK_PUBLISHABLE_KEY=pk_test_*\"})}),`\n`,(0,e.jsx)(n.span,{\"data-line\":\"\",children:(0,e.jsx)(n.span,{children:\"CLERK_SECRET_KEY=sk_test_*\"})}),`\n`,(0,e.jsx)(n.span,{\"data-line\":\"\",children:(0,e.jsx)(n.span,{children:\"NEXT_PUBLIC_CLERK_SIGN_IN_URL=/sign-in\"})}),`\n`,(0,e.jsx)(n.span,{\"data-line\":\"\",children:(0,e.jsx)(n.span,{children:\"NEXT_PUBLIC_CLERK_SIGN_UP_URL=/sign-up\"})}),`\n`,(0,e.jsx)(n.span,{\"data-line\":\"\",children:(0,e.jsx)(n.span,{children:\"NEXT_PUBLIC_CLERK_AFTER_SIGN_IN_URL=/dashboard\"})}),`\n`,(0,e.jsx)(n.span,{\"data-line\":\"\",children:(0,e.jsx)(n.span,{children:\"NEXT_PUBLIC_CLERK_AFTER_SIGN_UP_URL=/dashboard\"})})]})})}),`\n`,(0,e.jsxs)(n.h3,{id:\"3-update-nextconfigjs\",children:[(0,e.jsx)(n.a,{className:\"subheading-anchor\",\"aria-label\":\"Link to section\",href:\"#3-update-nextconfigjs\",children:(0,e.jsx)(n.span,{className:\"icon icon-link\"})}),\"3. Update \",(0,e.jsx)(n.code,{children:\"next.config.js\"})]}),`\n`,(0,e.jsx)(n.p,{children:\"Update your Next.js configuration to include Clerk's domains:\"}),`\n`,(0,e.jsx)(n.figure,{\"data-rehype-pretty-code-figure\":\"\",children:(0,e.jsx)(n.pre,{style:{backgroundColor:\"#24292e\",color:\"#e1e4e8\"},tabIndex:\"0\",\"data-language\":\"js\",\"data-theme\":\"github-dark\",__rawString__:`/** @type {import('next').NextConfig} */\nconst nextConfig = {\n  images: {\n    domains: ['images.unsplash.com', 'img.clerk.com'],\n  },\n};\n\nmodule.exports = nextConfig;\n`,children:(0,e.jsxs)(n.code,{\"data-language\":\"js\",\"data-theme\":\"github-dark\",style:{display:\"grid\"},children:[(0,e.jsxs)(n.span,{\"data-line\":\"\",children:[(0,e.jsx)(n.span,{style:{color:\"#6A737D\"},children:\"/** \"}),(0,e.jsx)(n.span,{style:{color:\"#F97583\"},children:\"@type\"}),(0,e.jsx)(n.span,{style:{color:\"#B392F0\"},children:\" {import('next').NextConfig}\"}),(0,e.jsx)(n.span,{style:{color:\"#6A737D\"},children:\" */\"})]}),`\n`,(0,e.jsxs)(n.span,{\"data-line\":\"\",children:[(0,e.jsx)(n.span,{style:{color:\"#F97583\"},children:\"const\"}),(0,e.jsx)(n.span,{style:{color:\"#79B8FF\"},children:\" nextConfig\"}),(0,e.jsx)(n.span,{style:{color:\"#F97583\"},children:\" =\"}),(0,e.jsx)(n.span,{style:{color:\"#E1E4E8\"},children:\" {\"})]}),`\n`,(0,e.jsx)(n.span,{\"data-line\":\"\",children:(0,e.jsx)(n.span,{style:{color:\"#E1E4E8\"},children:\"  images: {\"})}),`\n`,(0,e.jsxs)(n.span,{\"data-line\":\"\",children:[(0,e.jsx)(n.span,{style:{color:\"#E1E4E8\"},children:\"    domains: [\"}),(0,e.jsx)(n.span,{style:{color:\"#9ECBFF\"},children:\"'images.unsplash.com'\"}),(0,e.jsx)(n.span,{style:{color:\"#E1E4E8\"},children:\", \"}),(0,e.jsx)(n.span,{style:{color:\"#9ECBFF\"},children:\"'img.clerk.com'\"}),(0,e.jsx)(n.span,{style:{color:\"#E1E4E8\"},children:\"],\"})]}),`\n`,(0,e.jsx)(n.span,{\"data-line\":\"\",children:(0,e.jsx)(n.span,{style:{color:\"#E1E4E8\"},children:\"  },\"})}),`\n`,(0,e.jsx)(n.span,{\"data-line\":\"\",children:(0,e.jsx)(n.span,{style:{color:\"#E1E4E8\"},children:\"};\"})}),`\n`,(0,e.jsx)(n.span,{\"data-line\":\"\",children:\" \"}),`\n`,(0,e.jsxs)(n.span,{\"data-line\":\"\",children:[(0,e.jsx)(n.span,{style:{color:\"#79B8FF\"},children:\"module\"}),(0,e.jsx)(n.span,{style:{color:\"#E1E4E8\"},children:\".\"}),(0,e.jsx)(n.span,{style:{color:\"#79B8FF\"},children:\"exports\"}),(0,e.jsx)(n.span,{style:{color:\"#F97583\"},children:\" =\"}),(0,e.jsx)(n.span,{style:{color:\"#E1E4E8\"},children:\" nextConfig;\"})]})]})})}),`\n`,(0,e.jsxs)(n.h2,{id:\"setting-up-the-clerk-provider\",children:[(0,e.jsx)(n.a,{className:\"subheading-anchor\",\"aria-label\":\"Link to section\",href:\"#setting-up-the-clerk-provider\",children:(0,e.jsx)(n.span,{className:\"icon icon-link\"})}),\"Setting Up the Clerk Provider\"]}),`\n`,(0,e.jsxs)(n.h3,{id:\"1-create-a-root-layout\",children:[(0,e.jsx)(n.a,{className:\"subheading-anchor\",\"aria-label\":\"Link to section\",href:\"#1-create-a-root-layout\",children:(0,e.jsx)(n.span,{className:\"icon icon-link\"})}),\"1. Create a Root Layout\"]}),`\n`,(0,e.jsxs)(n.p,{children:[\"Update your root layout to include the \",(0,e.jsx)(n.code,{children:\"ClerkProvider\"}),\":\"]}),`\n`,(0,e.jsx)(n.figure,{\"data-rehype-pretty-code-figure\":\"\",children:(0,e.jsx)(n.pre,{style:{backgroundColor:\"#24292e\",color:\"#e1e4e8\"},tabIndex:\"0\",\"data-language\":\"tsx\",\"data-theme\":\"github-dark\",__rawString__:`// app/layout.tsx\nimport { ClerkProvider } from '@clerk/nextjs';\n\nexport default function RootLayout({\n  children,\n}: {\n  children: React.ReactNode;\n}) {\n  return (\n    <html lang=\"en\">\n      <ClerkProvider>\n        <body>{children}</body>\n      </ClerkProvider>\n    </html>\n  );\n}\n`,children:(0,e.jsxs)(n.code,{\"data-language\":\"tsx\",\"data-theme\":\"github-dark\",style:{display:\"grid\"},children:[(0,e.jsx)(n.span,{\"data-line\":\"\",children:(0,e.jsx)(n.span,{style:{color:\"#6A737D\"},children:\"// app/layout.tsx\"})}),`\n`,(0,e.jsxs)(n.span,{\"data-line\":\"\",children:[(0,e.jsx)(n.span,{style:{color:\"#F97583\"},children:\"import\"}),(0,e.jsx)(n.span,{style:{color:\"#E1E4E8\"},children:\" { ClerkProvider } \"}),(0,e.jsx)(n.span,{style:{color:\"#F97583\"},children:\"from\"}),(0,e.jsx)(n.span,{style:{color:\"#9ECBFF\"},children:\" '@clerk/nextjs'\"}),(0,e.jsx)(n.span,{style:{color:\"#E1E4E8\"},children:\";\"})]}),`\n`,(0,e.jsx)(n.span,{\"data-line\":\"\",children:\" \"}),`\n`,(0,e.jsxs)(n.span,{\"data-line\":\"\",children:[(0,e.jsx)(n.span,{style:{color:\"#F97583\"},children:\"export\"}),(0,e.jsx)(n.span,{style:{color:\"#F97583\"},children:\" default\"}),(0,e.jsx)(n.span,{style:{color:\"#F97583\"},children:\" function\"}),(0,e.jsx)(n.span,{style:{color:\"#B392F0\"},children:\" RootLayout\"}),(0,e.jsx)(n.span,{style:{color:\"#E1E4E8\"},children:\"({\"})]}),`\n`,(0,e.jsxs)(n.span,{\"data-line\":\"\",children:[(0,e.jsx)(n.span,{style:{color:\"#FFAB70\"},children:\"  children\"}),(0,e.jsx)(n.span,{style:{color:\"#E1E4E8\"},children:\",\"})]}),`\n`,(0,e.jsxs)(n.span,{\"data-line\":\"\",children:[(0,e.jsx)(n.span,{style:{color:\"#E1E4E8\"},children:\"}\"}),(0,e.jsx)(n.span,{style:{color:\"#F97583\"},children:\":\"}),(0,e.jsx)(n.span,{style:{color:\"#E1E4E8\"},children:\" {\"})]}),`\n`,(0,e.jsxs)(n.span,{\"data-line\":\"\",children:[(0,e.jsx)(n.span,{style:{color:\"#FFAB70\"},children:\"  children\"}),(0,e.jsx)(n.span,{style:{color:\"#F97583\"},children:\":\"}),(0,e.jsx)(n.span,{style:{color:\"#B392F0\"},children:\" React\"}),(0,e.jsx)(n.span,{style:{color:\"#E1E4E8\"},children:\".\"}),(0,e.jsx)(n.span,{style:{color:\"#B392F0\"},children:\"ReactNode\"}),(0,e.jsx)(n.span,{style:{color:\"#E1E4E8\"},children:\";\"})]}),`\n`,(0,e.jsx)(n.span,{\"data-line\":\"\",children:(0,e.jsx)(n.span,{style:{color:\"#E1E4E8\"},children:\"}) {\"})}),`\n`,(0,e.jsxs)(n.span,{\"data-line\":\"\",children:[(0,e.jsx)(n.span,{style:{color:\"#F97583\"},children:\"  return\"}),(0,e.jsx)(n.span,{style:{color:\"#E1E4E8\"},children:\" (\"})]}),`\n`,(0,e.jsxs)(n.span,{\"data-line\":\"\",children:[(0,e.jsx)(n.span,{style:{color:\"#E1E4E8\"},children:\"    <\"}),(0,e.jsx)(n.span,{style:{color:\"#85E89D\"},children:\"html\"}),(0,e.jsx)(n.span,{style:{color:\"#B392F0\"},children:\" lang\"}),(0,e.jsx)(n.span,{style:{color:\"#F97583\"},children:\"=\"}),(0,e.jsx)(n.span,{style:{color:\"#9ECBFF\"},children:'\"en\"'}),(0,e.jsx)(n.span,{style:{color:\"#E1E4E8\"},children:\">\"})]}),`\n`,(0,e.jsxs)(n.span,{\"data-line\":\"\",children:[(0,e.jsx)(n.span,{style:{color:\"#E1E4E8\"},children:\"      <\"}),(0,e.jsx)(n.span,{style:{color:\"#79B8FF\"},children:\"ClerkProvider\"}),(0,e.jsx)(n.span,{style:{color:\"#E1E4E8\"},children:\">\"})]}),`\n`,(0,e.jsxs)(n.span,{\"data-line\":\"\",children:[(0,e.jsx)(n.span,{style:{color:\"#E1E4E8\"},children:\"        <\"}),(0,e.jsx)(n.span,{style:{color:\"#85E89D\"},children:\"body\"}),(0,e.jsx)(n.span,{style:{color:\"#E1E4E8\"},children:\">{children}</\"}),(0,e.jsx)(n.span,{style:{color:\"#85E89D\"},children:\"body\"}),(0,e.jsx)(n.span,{style:{color:\"#E1E4E8\"},children:\">\"})]}),`\n`,(0,e.jsxs)(n.span,{\"data-line\":\"\",children:[(0,e.jsx)(n.span,{style:{color:\"#E1E4E8\"},children:\"      </\"}),(0,e.jsx)(n.span,{style:{color:\"#79B8FF\"},children:\"ClerkProvider\"}),(0,e.jsx)(n.span,{style:{color:\"#E1E4E8\"},children:\">\"})]}),`\n`,(0,e.jsxs)(n.span,{\"data-line\":\"\",children:[(0,e.jsx)(n.span,{style:{color:\"#E1E4E8\"},children:\"    </\"}),(0,e.jsx)(n.span,{style:{color:\"#85E89D\"},children:\"html\"}),(0,e.jsx)(n.span,{style:{color:\"#E1E4E8\"},children:\">\"})]}),`\n`,(0,e.jsx)(n.span,{\"data-line\":\"\",children:(0,e.jsx)(n.span,{style:{color:\"#E1E4E8\"},children:\"  );\"})}),`\n`,(0,e.jsx)(n.span,{\"data-line\":\"\",children:(0,e.jsx)(n.span,{style:{color:\"#E1E4E8\"},children:\"}\"})})]})})}),`\n`,(0,e.jsxs)(n.h3,{id:\"2-create-a-middleware\",children:[(0,e.jsx)(n.a,{className:\"subheading-anchor\",\"aria-label\":\"Link to section\",href:\"#2-create-a-middleware\",children:(0,e.jsx)(n.span,{className:\"icon icon-link\"})}),\"2. Create a Middleware\"]}),`\n`,(0,e.jsx)(n.p,{children:\"Create a middleware file to protect your routes:\"}),`\n`,(0,e.jsx)(n.figure,{\"data-rehype-pretty-code-figure\":\"\",children:(0,e.jsx)(n.pre,{style:{backgroundColor:\"#24292e\",color:\"#e1e4e8\"},tabIndex:\"0\",\"data-language\":\"ts\",\"data-theme\":\"github-dark\",__rawString__:`// middleware.ts\nimport { authMiddleware } from '@clerk/nextjs';\n \nexport default authMiddleware({\n  // Public routes that don't require authentication\n  publicRoutes: ['/', '/sign-in(.*)', '/sign-up(.*)'],\n});\n \nexport const config = {\n  matcher: ['/((?!.+\\\\\\\\.[\\\\\\\\w]+$|_next).*)', '/', '/(api|trpc)(.*)'],\n};\n`,children:(0,e.jsxs)(n.code,{\"data-language\":\"ts\",\"data-theme\":\"github-dark\",style:{display:\"grid\"},children:[(0,e.jsx)(n.span,{\"data-line\":\"\",children:(0,e.jsx)(n.span,{style:{color:\"#6A737D\"},children:\"// middleware.ts\"})}),`\n`,(0,e.jsxs)(n.span,{\"data-line\":\"\",children:[(0,e.jsx)(n.span,{style:{color:\"#F97583\"},children:\"import\"}),(0,e.jsx)(n.span,{style:{color:\"#E1E4E8\"},children:\" { authMiddleware } \"}),(0,e.jsx)(n.span,{style:{color:\"#F97583\"},children:\"from\"}),(0,e.jsx)(n.span,{style:{color:\"#9ECBFF\"},children:\" '@clerk/nextjs'\"}),(0,e.jsx)(n.span,{style:{color:\"#E1E4E8\"},children:\";\"})]}),`\n`,(0,e.jsx)(n.span,{\"data-line\":\"\",children:(0,e.jsx)(n.span,{style:{color:\"#E1E4E8\"},children:\" \"})}),`\n`,(0,e.jsxs)(n.span,{\"data-line\":\"\",children:[(0,e.jsx)(n.span,{style:{color:\"#F97583\"},children:\"export\"}),(0,e.jsx)(n.span,{style:{color:\"#F97583\"},children:\" default\"}),(0,e.jsx)(n.span,{style:{color:\"#B392F0\"},children:\" authMiddleware\"}),(0,e.jsx)(n.span,{style:{color:\"#E1E4E8\"},children:\"({\"})]}),`\n`,(0,e.jsx)(n.span,{\"data-line\":\"\",children:(0,e.jsx)(n.span,{style:{color:\"#6A737D\"},children:\"  // Public routes that don't require authentication\"})}),`\n`,(0,e.jsxs)(n.span,{\"data-line\":\"\",children:[(0,e.jsx)(n.span,{style:{color:\"#E1E4E8\"},children:\"  publicRoutes: [\"}),(0,e.jsx)(n.span,{style:{color:\"#9ECBFF\"},children:\"'/'\"}),(0,e.jsx)(n.span,{style:{color:\"#E1E4E8\"},children:\", \"}),(0,e.jsx)(n.span,{style:{color:\"#9ECBFF\"},children:\"'/sign-in(.*)'\"}),(0,e.jsx)(n.span,{style:{color:\"#E1E4E8\"},children:\", \"}),(0,e.jsx)(n.span,{style:{color:\"#9ECBFF\"},children:\"'/sign-up(.*)'\"}),(0,e.jsx)(n.span,{style:{color:\"#E1E4E8\"},children:\"],\"})]}),`\n`,(0,e.jsx)(n.span,{\"data-line\":\"\",children:(0,e.jsx)(n.span,{style:{color:\"#E1E4E8\"},children:\"});\"})}),`\n`,(0,e.jsx)(n.span,{\"data-line\":\"\",children:(0,e.jsx)(n.span,{style:{color:\"#E1E4E8\"},children:\" \"})}),`\n`,(0,e.jsxs)(n.span,{\"data-line\":\"\",children:[(0,e.jsx)(n.span,{style:{color:\"#F97583\"},children:\"export\"}),(0,e.jsx)(n.span,{style:{color:\"#F97583\"},children:\" const\"}),(0,e.jsx)(n.span,{style:{color:\"#79B8FF\"},children:\" config\"}),(0,e.jsx)(n.span,{style:{color:\"#F97583\"},children:\" =\"}),(0,e.jsx)(n.span,{style:{color:\"#E1E4E8\"},children:\" {\"})]}),`\n`,(0,e.jsxs)(n.span,{\"data-line\":\"\",children:[(0,e.jsx)(n.span,{style:{color:\"#E1E4E8\"},children:\"  matcher: [\"}),(0,e.jsx)(n.span,{style:{color:\"#9ECBFF\"},children:\"'/((?!.+\"}),(0,e.jsx)(n.span,{style:{color:\"#79B8FF\"},children:\"\\\\\\\\\"}),(0,e.jsx)(n.span,{style:{color:\"#9ECBFF\"},children:\".[\"}),(0,e.jsx)(n.span,{style:{color:\"#79B8FF\"},children:\"\\\\\\\\\"}),(0,e.jsx)(n.span,{style:{color:\"#9ECBFF\"},children:\"w]+$|_next).*)'\"}),(0,e.jsx)(n.span,{style:{color:\"#E1E4E8\"},children:\", \"}),(0,e.jsx)(n.span,{style:{color:\"#9ECBFF\"},children:\"'/'\"}),(0,e.jsx)(n.span,{style:{color:\"#E1E4E8\"},children:\", \"}),(0,e.jsx)(n.span,{style:{color:\"#9ECBFF\"},children:\"'/(api|trpc)(.*)'\"}),(0,e.jsx)(n.span,{style:{color:\"#E1E4E8\"},children:\"],\"})]}),`\n`,(0,e.jsx)(n.span,{\"data-line\":\"\",children:(0,e.jsx)(n.span,{style:{color:\"#E1E4E8\"},children:\"};\"})})]})})}),`\n`,(0,e.jsxs)(n.h2,{id:\"authentication-components\",children:[(0,e.jsx)(n.a,{className:\"subheading-anchor\",\"aria-label\":\"Link to section\",href:\"#authentication-components\",children:(0,e.jsx)(n.span,{className:\"icon icon-link\"})}),\"Authentication Components\"]}),`\n`,(0,e.jsxs)(n.h3,{id:\"sign-in-page\",children:[(0,e.jsx)(n.a,{className:\"subheading-anchor\",\"aria-label\":\"Link to section\",href:\"#sign-in-page\",children:(0,e.jsx)(n.span,{className:\"icon icon-link\"})}),\"Sign In Page\"]}),`\n`,(0,e.jsx)(n.p,{children:\"Create a sign-in page:\"}),`\n`,(0,e.jsx)(n.figure,{\"data-rehype-pretty-code-figure\":\"\",children:(0,e.jsx)(n.pre,{style:{backgroundColor:\"#24292e\",color:\"#e1e4e8\"},tabIndex:\"0\",\"data-language\":\"tsx\",\"data-theme\":\"github-dark\",__rawString__:`// app/sign-in/[[...sign-in]]/page.tsx\nimport { SignIn } from '@clerk/nextjs';\n\nexport default function SignInPage() {\n  return (\n    <div className=\"flex min-h-screen items-center justify-center\">\n      <SignIn path=\"/sign-in\" routing=\"path\" signUpUrl=\"/sign-up\" />\n    </div>\n  );\n}\n`,children:(0,e.jsxs)(n.code,{\"data-language\":\"tsx\",\"data-theme\":\"github-dark\",style:{display:\"grid\"},children:[(0,e.jsx)(n.span,{\"data-line\":\"\",children:(0,e.jsx)(n.span,{style:{color:\"#6A737D\"},children:\"// app/sign-in/[[...sign-in]]/page.tsx\"})}),`\n`,(0,e.jsxs)(n.span,{\"data-line\":\"\",children:[(0,e.jsx)(n.span,{style:{color:\"#F97583\"},children:\"import\"}),(0,e.jsx)(n.span,{style:{color:\"#E1E4E8\"},children:\" { SignIn } \"}),(0,e.jsx)(n.span,{style:{color:\"#F97583\"},children:\"from\"}),(0,e.jsx)(n.span,{style:{color:\"#9ECBFF\"},children:\" '@clerk/nextjs'\"}),(0,e.jsx)(n.span,{style:{color:\"#E1E4E8\"},children:\";\"})]}),`\n`,(0,e.jsx)(n.span,{\"data-line\":\"\",children:\" \"}),`\n`,(0,e.jsxs)(n.span,{\"data-line\":\"\",children:[(0,e.jsx)(n.span,{style:{color:\"#F97583\"},children:\"export\"}),(0,e.jsx)(n.span,{style:{color:\"#F97583\"},children:\" default\"}),(0,e.jsx)(n.span,{style:{color:\"#F97583\"},children:\" function\"}),(0,e.jsx)(n.span,{style:{color:\"#B392F0\"},children:\" SignInPage\"}),(0,e.jsx)(n.span,{style:{color:\"#E1E4E8\"},children:\"() {\"})]}),`\n`,(0,e.jsxs)(n.span,{\"data-line\":\"\",children:[(0,e.jsx)(n.span,{style:{color:\"#F97583\"},children:\"  return\"}),(0,e.jsx)(n.span,{style:{color:\"#E1E4E8\"},children:\" (\"})]}),`\n`,(0,e.jsxs)(n.span,{\"data-line\":\"\",children:[(0,e.jsx)(n.span,{style:{color:\"#E1E4E8\"},children:\"    <\"}),(0,e.jsx)(n.span,{style:{color:\"#85E89D\"},children:\"div\"}),(0,e.jsx)(n.span,{style:{color:\"#B392F0\"},children:\" className\"}),(0,e.jsx)(n.span,{style:{color:\"#F97583\"},children:\"=\"}),(0,e.jsx)(n.span,{style:{color:\"#9ECBFF\"},children:'\"flex min-h-screen items-center justify-center\"'}),(0,e.jsx)(n.span,{style:{color:\"#E1E4E8\"},children:\">\"})]}),`\n`,(0,e.jsxs)(n.span,{\"data-line\":\"\",children:[(0,e.jsx)(n.span,{style:{color:\"#E1E4E8\"},children:\"      <\"}),(0,e.jsx)(n.span,{style:{color:\"#79B8FF\"},children:\"SignIn\"}),(0,e.jsx)(n.span,{style:{color:\"#B392F0\"},children:\" path\"}),(0,e.jsx)(n.span,{style:{color:\"#F97583\"},children:\"=\"}),(0,e.jsx)(n.span,{style:{color:\"#9ECBFF\"},children:'\"/sign-in\"'}),(0,e.jsx)(n.span,{style:{color:\"#B392F0\"},children:\" routing\"}),(0,e.jsx)(n.span,{style:{color:\"#F97583\"},children:\"=\"}),(0,e.jsx)(n.span,{style:{color:\"#9ECBFF\"},children:'\"path\"'}),(0,e.jsx)(n.span,{style:{color:\"#B392F0\"},children:\" signUpUrl\"}),(0,e.jsx)(n.span,{style:{color:\"#F97583\"},children:\"=\"}),(0,e.jsx)(n.span,{style:{color:\"#9ECBFF\"},children:'\"/sign-up\"'}),(0,e.jsx)(n.span,{style:{color:\"#E1E4E8\"},children:\" />\"})]}),`\n`,(0,e.jsxs)(n.span,{\"data-line\":\"\",children:[(0,e.jsx)(n.span,{style:{color:\"#E1E4E8\"},children:\"    </\"}),(0,e.jsx)(n.span,{style:{color:\"#85E89D\"},children:\"div\"}),(0,e.jsx)(n.span,{style:{color:\"#E1E4E8\"},children:\">\"})]}),`\n`,(0,e.jsx)(n.span,{\"data-line\":\"\",children:(0,e.jsx)(n.span,{style:{color:\"#E1E4E8\"},children:\"  );\"})}),`\n`,(0,e.jsx)(n.span,{\"data-line\":\"\",children:(0,e.jsx)(n.span,{style:{color:\"#E1E4E8\"},children:\"}\"})})]})})}),`\n`,(0,e.jsxs)(n.h3,{id:\"sign-up-page\",children:[(0,e.jsx)(n.a,{className:\"subheading-anchor\",\"aria-label\":\"Link to section\",href:\"#sign-up-page\",children:(0,e.jsx)(n.span,{className:\"icon icon-link\"})}),\"Sign Up Page\"]}),`\n`,(0,e.jsx)(n.p,{children:\"Create a sign-up page:\"}),`\n`,(0,e.jsx)(n.figure,{\"data-rehype-pretty-code-figure\":\"\",children:(0,e.jsx)(n.pre,{style:{backgroundColor:\"#24292e\",color:\"#e1e4e8\"},tabIndex:\"0\",\"data-language\":\"tsx\",\"data-theme\":\"github-dark\",__rawString__:`// app/sign-up/[[...sign-up]]/page.tsx\nimport { SignUp } from '@clerk/nextjs';\n\nexport default function SignUpPage() {\n  return (\n    <div className=\"flex min-h-screen items-center justify-center\">\n      <SignUp path=\"/sign-up\" routing=\"path\" signInUrl=\"/sign-in\" />\n    </div>\n  );\n}\n`,children:(0,e.jsxs)(n.code,{\"data-language\":\"tsx\",\"data-theme\":\"github-dark\",style:{display:\"grid\"},children:[(0,e.jsx)(n.span,{\"data-line\":\"\",children:(0,e.jsx)(n.span,{style:{color:\"#6A737D\"},children:\"// app/sign-up/[[...sign-up]]/page.tsx\"})}),`\n`,(0,e.jsxs)(n.span,{\"data-line\":\"\",children:[(0,e.jsx)(n.span,{style:{color:\"#F97583\"},children:\"import\"}),(0,e.jsx)(n.span,{style:{color:\"#E1E4E8\"},children:\" { SignUp } \"}),(0,e.jsx)(n.span,{style:{color:\"#F97583\"},children:\"from\"}),(0,e.jsx)(n.span,{style:{color:\"#9ECBFF\"},children:\" '@clerk/nextjs'\"}),(0,e.jsx)(n.span,{style:{color:\"#E1E4E8\"},children:\";\"})]}),`\n`,(0,e.jsx)(n.span,{\"data-line\":\"\",children:\" \"}),`\n`,(0,e.jsxs)(n.span,{\"data-line\":\"\",children:[(0,e.jsx)(n.span,{style:{color:\"#F97583\"},children:\"export\"}),(0,e.jsx)(n.span,{style:{color:\"#F97583\"},children:\" default\"}),(0,e.jsx)(n.span,{style:{color:\"#F97583\"},children:\" function\"}),(0,e.jsx)(n.span,{style:{color:\"#B392F0\"},children:\" SignUpPage\"}),(0,e.jsx)(n.span,{style:{color:\"#E1E4E8\"},children:\"() {\"})]}),`\n`,(0,e.jsxs)(n.span,{\"data-line\":\"\",children:[(0,e.jsx)(n.span,{style:{color:\"#F97583\"},children:\"  return\"}),(0,e.jsx)(n.span,{style:{color:\"#E1E4E8\"},children:\" (\"})]}),`\n`,(0,e.jsxs)(n.span,{\"data-line\":\"\",children:[(0,e.jsx)(n.span,{style:{color:\"#E1E4E8\"},children:\"    <\"}),(0,e.jsx)(n.span,{style:{color:\"#85E89D\"},children:\"div\"}),(0,e.jsx)(n.span,{style:{color:\"#B392F0\"},children:\" className\"}),(0,e.jsx)(n.span,{style:{color:\"#F97583\"},children:\"=\"}),(0,e.jsx)(n.span,{style:{color:\"#9ECBFF\"},children:'\"flex min-h-screen items-center justify-center\"'}),(0,e.jsx)(n.span,{style:{color:\"#E1E4E8\"},children:\">\"})]}),`\n`,(0,e.jsxs)(n.span,{\"data-line\":\"\",children:[(0,e.jsx)(n.span,{style:{color:\"#E1E4E8\"},children:\"      <\"}),(0,e.jsx)(n.span,{style:{color:\"#79B8FF\"},children:\"SignUp\"}),(0,e.jsx)(n.span,{style:{color:\"#B392F0\"},children:\" path\"}),(0,e.jsx)(n.span,{style:{color:\"#F97583\"},children:\"=\"}),(0,e.jsx)(n.span,{style:{color:\"#9ECBFF\"},children:'\"/sign-up\"'}),(0,e.jsx)(n.span,{style:{color:\"#B392F0\"},children:\" routing\"}),(0,e.jsx)(n.span,{style:{color:\"#F97583\"},children:\"=\"}),(0,e.jsx)(n.span,{style:{color:\"#9ECBFF\"},children:'\"path\"'}),(0,e.jsx)(n.span,{style:{color:\"#B392F0\"},children:\" signInUrl\"}),(0,e.jsx)(n.span,{style:{color:\"#F97583\"},children:\"=\"}),(0,e.jsx)(n.span,{style:{color:\"#9ECBFF\"},children:'\"/sign-in\"'}),(0,e.jsx)(n.span,{style:{color:\"#E1E4E8\"},children:\" />\"})]}),`\n`,(0,e.jsxs)(n.span,{\"data-line\":\"\",children:[(0,e.jsx)(n.span,{style:{color:\"#E1E4E8\"},children:\"    </\"}),(0,e.jsx)(n.span,{style:{color:\"#85E89D\"},children:\"div\"}),(0,e.jsx)(n.span,{style:{color:\"#E1E4E8\"},children:\">\"})]}),`\n`,(0,e.jsx)(n.span,{\"data-line\":\"\",children:(0,e.jsx)(n.span,{style:{color:\"#E1E4E8\"},children:\"  );\"})}),`\n`,(0,e.jsx)(n.span,{\"data-line\":\"\",children:(0,e.jsx)(n.span,{style:{color:\"#E1E4E8\"},children:\"}\"})})]})})}),`\n`,(0,e.jsxs)(n.h2,{id:\"protecting-routes\",children:[(0,e.jsx)(n.a,{className:\"subheading-anchor\",\"aria-label\":\"Link to section\",href:\"#protecting-routes\",children:(0,e.jsx)(n.span,{className:\"icon icon-link\"})}),\"Protecting Routes\"]}),`\n`,(0,e.jsxs)(n.h3,{id:\"server-components\",children:[(0,e.jsx)(n.a,{className:\"subheading-anchor\",\"aria-label\":\"Link to section\",href:\"#server-components\",children:(0,e.jsx)(n.span,{className:\"icon icon-link\"})}),\"Server Components\"]}),`\n`,(0,e.jsxs)(n.p,{children:[\"Use \",(0,e.jsx)(n.code,{children:\"auth()\"}),\" to protect server components:\"]}),`\n`,(0,e.jsx)(n.figure,{\"data-rehype-pretty-code-figure\":\"\",children:(0,e.jsx)(n.pre,{style:{backgroundColor:\"#24292e\",color:\"#e1e4e8\"},tabIndex:\"0\",\"data-language\":\"tsx\",\"data-theme\":\"github-dark\",__rawString__:`// app/dashboard/page.tsx\nimport { auth } from '@clerk/nextjs';\n\nexport default async function DashboardPage() {\n  const { userId } = auth();\n  \n  if (!userId) {\n    return <div>Not authenticated</div>;\n  }\n  \n  return (\n    <div>\n      <h1>Welcome to your dashboard!</h1>\n      <p>User ID: {userId}</p>\n    </div>\n  );\n}\n`,children:(0,e.jsxs)(n.code,{\"data-language\":\"tsx\",\"data-theme\":\"github-dark\",style:{display:\"grid\"},children:[(0,e.jsx)(n.span,{\"data-line\":\"\",children:(0,e.jsx)(n.span,{style:{color:\"#6A737D\"},children:\"// app/dashboard/page.tsx\"})}),`\n`,(0,e.jsxs)(n.span,{\"data-line\":\"\",children:[(0,e.jsx)(n.span,{style:{color:\"#F97583\"},children:\"import\"}),(0,e.jsx)(n.span,{style:{color:\"#E1E4E8\"},children:\" { auth } \"}),(0,e.jsx)(n.span,{style:{color:\"#F97583\"},children:\"from\"}),(0,e.jsx)(n.span,{style:{color:\"#9ECBFF\"},children:\" '@clerk/nextjs'\"}),(0,e.jsx)(n.span,{style:{color:\"#E1E4E8\"},children:\";\"})]}),`\n`,(0,e.jsx)(n.span,{\"data-line\":\"\",children:\" \"}),`\n`,(0,e.jsxs)(n.span,{\"data-line\":\"\",children:[(0,e.jsx)(n.span,{style:{color:\"#F97583\"},children:\"export\"}),(0,e.jsx)(n.span,{style:{color:\"#F97583\"},children:\" default\"}),(0,e.jsx)(n.span,{style:{color:\"#F97583\"},children:\" async\"}),(0,e.jsx)(n.span,{style:{color:\"#F97583\"},children:\" function\"}),(0,e.jsx)(n.span,{style:{color:\"#B392F0\"},children:\" DashboardPage\"}),(0,e.jsx)(n.span,{style:{color:\"#E1E4E8\"},children:\"() {\"})]}),`\n`,(0,e.jsxs)(n.span,{\"data-line\":\"\",children:[(0,e.jsx)(n.span,{style:{color:\"#F97583\"},children:\"  const\"}),(0,e.jsx)(n.span,{style:{color:\"#E1E4E8\"},children:\" { \"}),(0,e.jsx)(n.span,{style:{color:\"#79B8FF\"},children:\"userId\"}),(0,e.jsx)(n.span,{style:{color:\"#E1E4E8\"},children:\" } \"}),(0,e.jsx)(n.span,{style:{color:\"#F97583\"},children:\"=\"}),(0,e.jsx)(n.span,{style:{color:\"#B392F0\"},children:\" auth\"}),(0,e.jsx)(n.span,{style:{color:\"#E1E4E8\"},children:\"();\"})]}),`\n`,(0,e.jsx)(n.span,{\"data-line\":\"\",children:(0,e.jsx)(n.span,{style:{color:\"#E1E4E8\"},children:\"  \"})}),`\n`,(0,e.jsxs)(n.span,{\"data-line\":\"\",children:[(0,e.jsx)(n.span,{style:{color:\"#F97583\"},children:\"  if\"}),(0,e.jsx)(n.span,{style:{color:\"#E1E4E8\"},children:\" (\"}),(0,e.jsx)(n.span,{style:{color:\"#F97583\"},children:\"!\"}),(0,e.jsx)(n.span,{style:{color:\"#E1E4E8\"},children:\"userId) {\"})]}),`\n`,(0,e.jsxs)(n.span,{\"data-line\":\"\",children:[(0,e.jsx)(n.span,{style:{color:\"#F97583\"},children:\"    return\"}),(0,e.jsx)(n.span,{style:{color:\"#E1E4E8\"},children:\" <\"}),(0,e.jsx)(n.span,{style:{color:\"#85E89D\"},children:\"div\"}),(0,e.jsx)(n.span,{style:{color:\"#E1E4E8\"},children:\">Not authenticated</\"}),(0,e.jsx)(n.span,{style:{color:\"#85E89D\"},children:\"div\"}),(0,e.jsx)(n.span,{style:{color:\"#E1E4E8\"},children:\">;\"})]}),`\n`,(0,e.jsx)(n.span,{\"data-line\":\"\",children:(0,e.jsx)(n.span,{style:{color:\"#E1E4E8\"},children:\"  }\"})}),`\n`,(0,e.jsx)(n.span,{\"data-line\":\"\",children:(0,e.jsx)(n.span,{style:{color:\"#E1E4E8\"},children:\"  \"})}),`\n`,(0,e.jsxs)(n.span,{\"data-line\":\"\",children:[(0,e.jsx)(n.span,{style:{color:\"#F97583\"},children:\"  return\"}),(0,e.jsx)(n.span,{style:{color:\"#E1E4E8\"},children:\" (\"})]}),`\n`,(0,e.jsxs)(n.span,{\"data-line\":\"\",children:[(0,e.jsx)(n.span,{style:{color:\"#E1E4E8\"},children:\"    <\"}),(0,e.jsx)(n.span,{style:{color:\"#85E89D\"},children:\"div\"}),(0,e.jsx)(n.span,{style:{color:\"#E1E4E8\"},children:\">\"})]}),`\n`,(0,e.jsxs)(n.span,{\"data-line\":\"\",children:[(0,e.jsx)(n.span,{style:{color:\"#E1E4E8\"},children:\"      <\"}),(0,e.jsx)(n.span,{style:{color:\"#85E89D\"},children:\"h1\"}),(0,e.jsx)(n.span,{style:{color:\"#E1E4E8\"},children:\">Welcome to your dashboard!</\"}),(0,e.jsx)(n.span,{style:{color:\"#85E89D\"},children:\"h1\"}),(0,e.jsx)(n.span,{style:{color:\"#E1E4E8\"},children:\">\"})]}),`\n`,(0,e.jsxs)(n.span,{\"data-line\":\"\",children:[(0,e.jsx)(n.span,{style:{color:\"#E1E4E8\"},children:\"      <\"}),(0,e.jsx)(n.span,{style:{color:\"#85E89D\"},children:\"p\"}),(0,e.jsx)(n.span,{style:{color:\"#E1E4E8\"},children:\">User ID: {userId}</\"}),(0,e.jsx)(n.span,{style:{color:\"#85E89D\"},children:\"p\"}),(0,e.jsx)(n.span,{style:{color:\"#E1E4E8\"},children:\">\"})]}),`\n`,(0,e.jsxs)(n.span,{\"data-line\":\"\",children:[(0,e.jsx)(n.span,{style:{color:\"#E1E4E8\"},children:\"    </\"}),(0,e.jsx)(n.span,{style:{color:\"#85E89D\"},children:\"div\"}),(0,e.jsx)(n.span,{style:{color:\"#E1E4E8\"},children:\">\"})]}),`\n`,(0,e.jsx)(n.span,{\"data-line\":\"\",children:(0,e.jsx)(n.span,{style:{color:\"#E1E4E8\"},children:\"  );\"})}),`\n`,(0,e.jsx)(n.span,{\"data-line\":\"\",children:(0,e.jsx)(n.span,{style:{color:\"#E1E4E8\"},children:\"}\"})})]})})}),`\n`,(0,e.jsxs)(n.h3,{id:\"client-components\",children:[(0,e.jsx)(n.a,{className:\"subheading-anchor\",\"aria-label\":\"Link to section\",href:\"#client-components\",children:(0,e.jsx)(n.span,{className:\"icon icon-link\"})}),\"Client Components\"]}),`\n`,(0,e.jsxs)(n.p,{children:[\"Use \",(0,e.jsx)(n.code,{children:\"useUser()\"}),\" to access user data in client components:\"]}),`\n`,(0,e.jsx)(n.figure,{\"data-rehype-pretty-code-figure\":\"\",children:(0,e.jsx)(n.pre,{style:{backgroundColor:\"#24292e\",color:\"#e1e4e8\"},tabIndex:\"0\",\"data-language\":\"tsx\",\"data-theme\":\"github-dark\",__rawString__:`// components/UserButton.tsx\n'use client';\n\nimport { UserButton } from '@clerk/nextjs';\n\nexport default function UserProfile() {\n  return (\n    <div>\n      <UserButton afterSignOutUrl=\"/\" />\n    </div>\n  );\n}\n`,children:(0,e.jsxs)(n.code,{\"data-language\":\"tsx\",\"data-theme\":\"github-dark\",style:{display:\"grid\"},children:[(0,e.jsx)(n.span,{\"data-line\":\"\",children:(0,e.jsx)(n.span,{style:{color:\"#6A737D\"},children:\"// components/UserButton.tsx\"})}),`\n`,(0,e.jsxs)(n.span,{\"data-line\":\"\",children:[(0,e.jsx)(n.span,{style:{color:\"#9ECBFF\"},children:\"'use client'\"}),(0,e.jsx)(n.span,{style:{color:\"#E1E4E8\"},children:\";\"})]}),`\n`,(0,e.jsx)(n.span,{\"data-line\":\"\",children:\" \"}),`\n`,(0,e.jsxs)(n.span,{\"data-line\":\"\",children:[(0,e.jsx)(n.span,{style:{color:\"#F97583\"},children:\"import\"}),(0,e.jsx)(n.span,{style:{color:\"#E1E4E8\"},children:\" { UserButton } \"}),(0,e.jsx)(n.span,{style:{color:\"#F97583\"},children:\"from\"}),(0,e.jsx)(n.span,{style:{color:\"#9ECBFF\"},children:\" '@clerk/nextjs'\"}),(0,e.jsx)(n.span,{style:{color:\"#E1E4E8\"},children:\";\"})]}),`\n`,(0,e.jsx)(n.span,{\"data-line\":\"\",children:\" \"}),`\n`,(0,e.jsxs)(n.span,{\"data-line\":\"\",children:[(0,e.jsx)(n.span,{style:{color:\"#F97583\"},children:\"export\"}),(0,e.jsx)(n.span,{style:{color:\"#F97583\"},children:\" default\"}),(0,e.jsx)(n.span,{style:{color:\"#F97583\"},children:\" function\"}),(0,e.jsx)(n.span,{style:{color:\"#B392F0\"},children:\" UserProfile\"}),(0,e.jsx)(n.span,{style:{color:\"#E1E4E8\"},children:\"() {\"})]}),`\n`,(0,e.jsxs)(n.span,{\"data-line\":\"\",children:[(0,e.jsx)(n.span,{style:{color:\"#F97583\"},children:\"  return\"}),(0,e.jsx)(n.span,{style:{color:\"#E1E4E8\"},children:\" (\"})]}),`\n`,(0,e.jsxs)(n.span,{\"data-line\":\"\",children:[(0,e.jsx)(n.span,{style:{color:\"#E1E4E8\"},children:\"    <\"}),(0,e.jsx)(n.span,{style:{color:\"#85E89D\"},children:\"div\"}),(0,e.jsx)(n.span,{style:{color:\"#E1E4E8\"},children:\">\"})]}),`\n`,(0,e.jsxs)(n.span,{\"data-line\":\"\",children:[(0,e.jsx)(n.span,{style:{color:\"#E1E4E8\"},children:\"      <\"}),(0,e.jsx)(n.span,{style:{color:\"#79B8FF\"},children:\"UserButton\"}),(0,e.jsx)(n.span,{style:{color:\"#B392F0\"},children:\" afterSignOutUrl\"}),(0,e.jsx)(n.span,{style:{color:\"#F97583\"},children:\"=\"}),(0,e.jsx)(n.span,{style:{color:\"#9ECBFF\"},children:'\"/\"'}),(0,e.jsx)(n.span,{style:{color:\"#E1E4E8\"},children:\" />\"})]}),`\n`,(0,e.jsxs)(n.span,{\"data-line\":\"\",children:[(0,e.jsx)(n.span,{style:{color:\"#E1E4E8\"},children:\"    </\"}),(0,e.jsx)(n.span,{style:{color:\"#85E89D\"},children:\"div\"}),(0,e.jsx)(n.span,{style:{color:\"#E1E4E8\"},children:\">\"})]}),`\n`,(0,e.jsx)(n.span,{\"data-line\":\"\",children:(0,e.jsx)(n.span,{style:{color:\"#E1E4E8\"},children:\"  );\"})}),`\n`,(0,e.jsx)(n.span,{\"data-line\":\"\",children:(0,e.jsx)(n.span,{style:{color:\"#E1E4E8\"},children:\"}\"})})]})})}),`\n`,(0,e.jsxs)(n.h2,{id:\"advanced-usage\",children:[(0,e.jsx)(n.a,{className:\"subheading-anchor\",\"aria-label\":\"Link to section\",href:\"#advanced-usage\",children:(0,e.jsx)(n.span,{className:\"icon icon-link\"})}),\"Advanced Usage\"]}),`\n`,(0,e.jsxs)(n.h3,{id:\"custom-user-profile\",children:[(0,e.jsx)(n.a,{className:\"subheading-anchor\",\"aria-label\":\"Link to section\",href:\"#custom-user-profile\",children:(0,e.jsx)(n.span,{className:\"icon icon-link\"})}),\"Custom User Profile\"]}),`\n`,(0,e.jsx)(n.p,{children:\"Create a custom user profile page:\"}),`\n`,(0,e.jsx)(n.figure,{\"data-rehype-pretty-code-figure\":\"\",children:(0,e.jsx)(n.pre,{style:{backgroundColor:\"#24292e\",color:\"#e1e4e8\"},tabIndex:\"0\",\"data-language\":\"tsx\",\"data-theme\":\"github-dark\",__rawString__:`// app/profile/page.tsx\nimport { auth } from '@clerk/nextjs';\n\nexport default async function ProfilePage() {\n  const { userId } = auth();\n  \n  if (!userId) {\n    return <div>Please sign in to view your profile</div>;\n  }\n  \n  return (\n    <div className=\"max-w-2xl mx-auto p-6\">\n      <h1 className=\"text-2xl font-bold mb-6\">Your Profile</h1>\n      <div className=\"space-y-4\">\n        <div>\n          <h2 className=\"font-semibold\">User ID</h2>\n          <p className=\"text-gray-600\">{userId}</p>\n        </div>\n      </div>\n    </div>\n  );\n}\n`,children:(0,e.jsxs)(n.code,{\"data-language\":\"tsx\",\"data-theme\":\"github-dark\",style:{display:\"grid\"},children:[(0,e.jsx)(n.span,{\"data-line\":\"\",children:(0,e.jsx)(n.span,{style:{color:\"#6A737D\"},children:\"// app/profile/page.tsx\"})}),`\n`,(0,e.jsxs)(n.span,{\"data-line\":\"\",children:[(0,e.jsx)(n.span,{style:{color:\"#F97583\"},children:\"import\"}),(0,e.jsx)(n.span,{style:{color:\"#E1E4E8\"},children:\" { auth } \"}),(0,e.jsx)(n.span,{style:{color:\"#F97583\"},children:\"from\"}),(0,e.jsx)(n.span,{style:{color:\"#9ECBFF\"},children:\" '@clerk/nextjs'\"}),(0,e.jsx)(n.span,{style:{color:\"#E1E4E8\"},children:\";\"})]}),`\n`,(0,e.jsx)(n.span,{\"data-line\":\"\",children:\" \"}),`\n`,(0,e.jsxs)(n.span,{\"data-line\":\"\",children:[(0,e.jsx)(n.span,{style:{color:\"#F97583\"},children:\"export\"}),(0,e.jsx)(n.span,{style:{color:\"#F97583\"},children:\" default\"}),(0,e.jsx)(n.span,{style:{color:\"#F97583\"},children:\" async\"}),(0,e.jsx)(n.span,{style:{color:\"#F97583\"},children:\" function\"}),(0,e.jsx)(n.span,{style:{color:\"#B392F0\"},children:\" ProfilePage\"}),(0,e.jsx)(n.span,{style:{color:\"#E1E4E8\"},children:\"() {\"})]}),`\n`,(0,e.jsxs)(n.span,{\"data-line\":\"\",children:[(0,e.jsx)(n.span,{style:{color:\"#F97583\"},children:\"  const\"}),(0,e.jsx)(n.span,{style:{color:\"#E1E4E8\"},children:\" { \"}),(0,e.jsx)(n.span,{style:{color:\"#79B8FF\"},children:\"userId\"}),(0,e.jsx)(n.span,{style:{color:\"#E1E4E8\"},children:\" } \"}),(0,e.jsx)(n.span,{style:{color:\"#F97583\"},children:\"=\"}),(0,e.jsx)(n.span,{style:{color:\"#B392F0\"},children:\" auth\"}),(0,e.jsx)(n.span,{style:{color:\"#E1E4E8\"},children:\"();\"})]}),`\n`,(0,e.jsx)(n.span,{\"data-line\":\"\",children:(0,e.jsx)(n.span,{style:{color:\"#E1E4E8\"},children:\"  \"})}),`\n`,(0,e.jsxs)(n.span,{\"data-line\":\"\",children:[(0,e.jsx)(n.span,{style:{color:\"#F97583\"},children:\"  if\"}),(0,e.jsx)(n.span,{style:{color:\"#E1E4E8\"},children:\" (\"}),(0,e.jsx)(n.span,{style:{color:\"#F97583\"},children:\"!\"}),(0,e.jsx)(n.span,{style:{color:\"#E1E4E8\"},children:\"userId) {\"})]}),`\n`,(0,e.jsxs)(n.span,{\"data-line\":\"\",children:[(0,e.jsx)(n.span,{style:{color:\"#F97583\"},children:\"    return\"}),(0,e.jsx)(n.span,{style:{color:\"#E1E4E8\"},children:\" <\"}),(0,e.jsx)(n.span,{style:{color:\"#85E89D\"},children:\"div\"}),(0,e.jsx)(n.span,{style:{color:\"#E1E4E8\"},children:\">Please sign in to view your profile</\"}),(0,e.jsx)(n.span,{style:{color:\"#85E89D\"},children:\"div\"}),(0,e.jsx)(n.span,{style:{color:\"#E1E4E8\"},children:\">;\"})]}),`\n`,(0,e.jsx)(n.span,{\"data-line\":\"\",children:(0,e.jsx)(n.span,{style:{color:\"#E1E4E8\"},children:\"  }\"})}),`\n`,(0,e.jsx)(n.span,{\"data-line\":\"\",children:(0,e.jsx)(n.span,{style:{color:\"#E1E4E8\"},children:\"  \"})}),`\n`,(0,e.jsxs)(n.span,{\"data-line\":\"\",children:[(0,e.jsx)(n.span,{style:{color:\"#F97583\"},children:\"  return\"}),(0,e.jsx)(n.span,{style:{color:\"#E1E4E8\"},children:\" (\"})]}),`\n`,(0,e.jsxs)(n.span,{\"data-line\":\"\",children:[(0,e.jsx)(n.span,{style:{color:\"#E1E4E8\"},children:\"    <\"}),(0,e.jsx)(n.span,{style:{color:\"#85E89D\"},children:\"div\"}),(0,e.jsx)(n.span,{style:{color:\"#B392F0\"},children:\" className\"}),(0,e.jsx)(n.span,{style:{color:\"#F97583\"},children:\"=\"}),(0,e.jsx)(n.span,{style:{color:\"#9ECBFF\"},children:'\"max-w-2xl mx-auto p-6\"'}),(0,e.jsx)(n.span,{style:{color:\"#E1E4E8\"},children:\">\"})]}),`\n`,(0,e.jsxs)(n.span,{\"data-line\":\"\",children:[(0,e.jsx)(n.span,{style:{color:\"#E1E4E8\"},children:\"      <\"}),(0,e.jsx)(n.span,{style:{color:\"#85E89D\"},children:\"h1\"}),(0,e.jsx)(n.span,{style:{color:\"#B392F0\"},children:\" className\"}),(0,e.jsx)(n.span,{style:{color:\"#F97583\"},children:\"=\"}),(0,e.jsx)(n.span,{style:{color:\"#9ECBFF\"},children:'\"text-2xl font-bold mb-6\"'}),(0,e.jsx)(n.span,{style:{color:\"#E1E4E8\"},children:\">Your Profile</\"}),(0,e.jsx)(n.span,{style:{color:\"#85E89D\"},children:\"h1\"}),(0,e.jsx)(n.span,{style:{color:\"#E1E4E8\"},children:\">\"})]}),`\n`,(0,e.jsxs)(n.span,{\"data-line\":\"\",children:[(0,e.jsx)(n.span,{style:{color:\"#E1E4E8\"},children:\"      <\"}),(0,e.jsx)(n.span,{style:{color:\"#85E89D\"},children:\"div\"}),(0,e.jsx)(n.span,{style:{color:\"#B392F0\"},children:\" className\"}),(0,e.jsx)(n.span,{style:{color:\"#F97583\"},children:\"=\"}),(0,e.jsx)(n.span,{style:{color:\"#9ECBFF\"},children:'\"space-y-4\"'}),(0,e.jsx)(n.span,{style:{color:\"#E1E4E8\"},children:\">\"})]}),`\n`,(0,e.jsxs)(n.span,{\"data-line\":\"\",children:[(0,e.jsx)(n.span,{style:{color:\"#E1E4E8\"},children:\"        <\"}),(0,e.jsx)(n.span,{style:{color:\"#85E89D\"},children:\"div\"}),(0,e.jsx)(n.span,{style:{color:\"#E1E4E8\"},children:\">\"})]}),`\n`,(0,e.jsxs)(n.span,{\"data-line\":\"\",children:[(0,e.jsx)(n.span,{style:{color:\"#E1E4E8\"},children:\"          <\"}),(0,e.jsx)(n.span,{style:{color:\"#85E89D\"},children:\"h2\"}),(0,e.jsx)(n.span,{style:{color:\"#B392F0\"},children:\" className\"}),(0,e.jsx)(n.span,{style:{color:\"#F97583\"},children:\"=\"}),(0,e.jsx)(n.span,{style:{color:\"#9ECBFF\"},children:'\"font-semibold\"'}),(0,e.jsx)(n.span,{style:{color:\"#E1E4E8\"},children:\">User ID</\"}),(0,e.jsx)(n.span,{style:{color:\"#85E89D\"},children:\"h2\"}),(0,e.jsx)(n.span,{style:{color:\"#E1E4E8\"},children:\">\"})]}),`\n`,(0,e.jsxs)(n.span,{\"data-line\":\"\",children:[(0,e.jsx)(n.span,{style:{color:\"#E1E4E8\"},children:\"          <\"}),(0,e.jsx)(n.span,{style:{color:\"#85E89D\"},children:\"p\"}),(0,e.jsx)(n.span,{style:{color:\"#B392F0\"},children:\" className\"}),(0,e.jsx)(n.span,{style:{color:\"#F97583\"},children:\"=\"}),(0,e.jsx)(n.span,{style:{color:\"#9ECBFF\"},children:'\"text-gray-600\"'}),(0,e.jsx)(n.span,{style:{color:\"#E1E4E8\"},children:\">{userId}</\"}),(0,e.jsx)(n.span,{style:{color:\"#85E89D\"},children:\"p\"}),(0,e.jsx)(n.span,{style:{color:\"#E1E4E8\"},children:\">\"})]}),`\n`,(0,e.jsxs)(n.span,{\"data-line\":\"\",children:[(0,e.jsx)(n.span,{style:{color:\"#E1E4E8\"},children:\"        </\"}),(0,e.jsx)(n.span,{style:{color:\"#85E89D\"},children:\"div\"}),(0,e.jsx)(n.span,{style:{color:\"#E1E4E8\"},children:\">\"})]}),`\n`,(0,e.jsxs)(n.span,{\"data-line\":\"\",children:[(0,e.jsx)(n.span,{style:{color:\"#E1E4E8\"},children:\"      </\"}),(0,e.jsx)(n.span,{style:{color:\"#85E89D\"},children:\"div\"}),(0,e.jsx)(n.span,{style:{color:\"#E1E4E8\"},children:\">\"})]}),`\n`,(0,e.jsxs)(n.span,{\"data-line\":\"\",children:[(0,e.jsx)(n.span,{style:{color:\"#E1E4E8\"},children:\"    </\"}),(0,e.jsx)(n.span,{style:{color:\"#85E89D\"},children:\"div\"}),(0,e.jsx)(n.span,{style:{color:\"#E1E4E8\"},children:\">\"})]}),`\n`,(0,e.jsx)(n.span,{\"data-line\":\"\",children:(0,e.jsx)(n.span,{style:{color:\"#E1E4E8\"},children:\"  );\"})}),`\n`,(0,e.jsx)(n.span,{\"data-line\":\"\",children:(0,e.jsx)(n.span,{style:{color:\"#E1E4E8\"},children:\"}\"})})]})})}),`\n`,(0,e.jsxs)(n.h3,{id:\"api-routes\",children:[(0,e.jsx)(n.a,{className:\"subheading-anchor\",\"aria-label\":\"Link to section\",href:\"#api-routes\",children:(0,e.jsx)(n.span,{className:\"icon icon-link\"})}),\"API Routes\"]}),`\n`,(0,e.jsx)(n.p,{children:\"Protect your API routes:\"}),`\n`,(0,e.jsx)(n.figure,{\"data-rehype-pretty-code-figure\":\"\",children:(0,e.jsx)(n.pre,{style:{backgroundColor:\"#24292e\",color:\"#e1e4e8\"},tabIndex:\"0\",\"data-language\":\"ts\",\"data-theme\":\"github-dark\",__rawString__:`// app/api/protected/route.ts\nimport { auth } from '@clerk/nextjs';\nimport { NextResponse } from 'next/server';\n\nexport async function GET() {\n  const { userId } = auth();\n  \n  if (!userId) {\n    return new NextResponse('Unauthorized', { status: 401 });\n  }\n  \n  return NextResponse.json({ data: 'Protected data' });\n}\n`,children:(0,e.jsxs)(n.code,{\"data-language\":\"ts\",\"data-theme\":\"github-dark\",style:{display:\"grid\"},children:[(0,e.jsx)(n.span,{\"data-line\":\"\",children:(0,e.jsx)(n.span,{style:{color:\"#6A737D\"},children:\"// app/api/protected/route.ts\"})}),`\n`,(0,e.jsxs)(n.span,{\"data-line\":\"\",children:[(0,e.jsx)(n.span,{style:{color:\"#F97583\"},children:\"import\"}),(0,e.jsx)(n.span,{style:{color:\"#E1E4E8\"},children:\" { auth } \"}),(0,e.jsx)(n.span,{style:{color:\"#F97583\"},children:\"from\"}),(0,e.jsx)(n.span,{style:{color:\"#9ECBFF\"},children:\" '@clerk/nextjs'\"}),(0,e.jsx)(n.span,{style:{color:\"#E1E4E8\"},children:\";\"})]}),`\n`,(0,e.jsxs)(n.span,{\"data-line\":\"\",children:[(0,e.jsx)(n.span,{style:{color:\"#F97583\"},children:\"import\"}),(0,e.jsx)(n.span,{style:{color:\"#E1E4E8\"},children:\" { NextResponse } \"}),(0,e.jsx)(n.span,{style:{color:\"#F97583\"},children:\"from\"}),(0,e.jsx)(n.span,{style:{color:\"#9ECBFF\"},children:\" 'next/server'\"}),(0,e.jsx)(n.span,{style:{color:\"#E1E4E8\"},children:\";\"})]}),`\n`,(0,e.jsx)(n.span,{\"data-line\":\"\",children:\" \"}),`\n`,(0,e.jsxs)(n.span,{\"data-line\":\"\",children:[(0,e.jsx)(n.span,{style:{color:\"#F97583\"},children:\"export\"}),(0,e.jsx)(n.span,{style:{color:\"#F97583\"},children:\" async\"}),(0,e.jsx)(n.span,{style:{color:\"#F97583\"},children:\" function\"}),(0,e.jsx)(n.span,{style:{color:\"#B392F0\"},children:\" GET\"}),(0,e.jsx)(n.span,{style:{color:\"#E1E4E8\"},children:\"() {\"})]}),`\n`,(0,e.jsxs)(n.span,{\"data-line\":\"\",children:[(0,e.jsx)(n.span,{style:{color:\"#F97583\"},children:\"  const\"}),(0,e.jsx)(n.span,{style:{color:\"#E1E4E8\"},children:\" { \"}),(0,e.jsx)(n.span,{style:{color:\"#79B8FF\"},children:\"userId\"}),(0,e.jsx)(n.span,{style:{color:\"#E1E4E8\"},children:\" } \"}),(0,e.jsx)(n.span,{style:{color:\"#F97583\"},children:\"=\"}),(0,e.jsx)(n.span,{style:{color:\"#B392F0\"},children:\" auth\"}),(0,e.jsx)(n.span,{style:{color:\"#E1E4E8\"},children:\"();\"})]}),`\n`,(0,e.jsx)(n.span,{\"data-line\":\"\",children:(0,e.jsx)(n.span,{style:{color:\"#E1E4E8\"},children:\"  \"})}),`\n`,(0,e.jsxs)(n.span,{\"data-line\":\"\",children:[(0,e.jsx)(n.span,{style:{color:\"#F97583\"},children:\"  if\"}),(0,e.jsx)(n.span,{style:{color:\"#E1E4E8\"},children:\" (\"}),(0,e.jsx)(n.span,{style:{color:\"#F97583\"},children:\"!\"}),(0,e.jsx)(n.span,{style:{color:\"#E1E4E8\"},children:\"userId) {\"})]}),`\n`,(0,e.jsxs)(n.span,{\"data-line\":\"\",children:[(0,e.jsx)(n.span,{style:{color:\"#F97583\"},children:\"    return\"}),(0,e.jsx)(n.span,{style:{color:\"#F97583\"},children:\" new\"}),(0,e.jsx)(n.span,{style:{color:\"#B392F0\"},children:\" NextResponse\"}),(0,e.jsx)(n.span,{style:{color:\"#E1E4E8\"},children:\"(\"}),(0,e.jsx)(n.span,{style:{color:\"#9ECBFF\"},children:\"'Unauthorized'\"}),(0,e.jsx)(n.span,{style:{color:\"#E1E4E8\"},children:\", { status: \"}),(0,e.jsx)(n.span,{style:{color:\"#79B8FF\"},children:\"401\"}),(0,e.jsx)(n.span,{style:{color:\"#E1E4E8\"},children:\" });\"})]}),`\n`,(0,e.jsx)(n.span,{\"data-line\":\"\",children:(0,e.jsx)(n.span,{style:{color:\"#E1E4E8\"},children:\"  }\"})}),`\n`,(0,e.jsx)(n.span,{\"data-line\":\"\",children:(0,e.jsx)(n.span,{style:{color:\"#E1E4E8\"},children:\"  \"})}),`\n`,(0,e.jsxs)(n.span,{\"data-line\":\"\",children:[(0,e.jsx)(n.span,{style:{color:\"#F97583\"},children:\"  return\"}),(0,e.jsx)(n.span,{style:{color:\"#E1E4E8\"},children:\" NextResponse.\"}),(0,e.jsx)(n.span,{style:{color:\"#B392F0\"},children:\"json\"}),(0,e.jsx)(n.span,{style:{color:\"#E1E4E8\"},children:\"({ data: \"}),(0,e.jsx)(n.span,{style:{color:\"#9ECBFF\"},children:\"'Protected data'\"}),(0,e.jsx)(n.span,{style:{color:\"#E1E4E8\"},children:\" });\"})]}),`\n`,(0,e.jsx)(n.span,{\"data-line\":\"\",children:(0,e.jsx)(n.span,{style:{color:\"#E1E4E8\"},children:\"}\"})})]})})}),`\n`,(0,e.jsxs)(n.h2,{id:\"conclusion\",children:[(0,e.jsx)(n.a,{className:\"subheading-anchor\",\"aria-label\":\"Link to section\",href:\"#conclusion\",children:(0,e.jsx)(n.span,{className:\"icon icon-link\"})}),\"Conclusion\"]}),`\n`,(0,e.jsx)(n.p,{children:\"Clerk provides a powerful and flexible authentication solution for Next.js applications. With its pre-built components and easy-to-use API, you can quickly add secure authentication to your application.\"}),`\n`,(0,e.jsxs)(n.p,{children:[\"For more information, check out the \",(0,e.jsx)(n.a,{href:\"https://clerk.com/docs\",children:\"Clerk documentation\"}),\".\"]}),`\n`,(0,e.jsxs)(n.h2,{id:\"troubleshooting\",children:[(0,e.jsx)(n.a,{className:\"subheading-anchor\",\"aria-label\":\"Link to section\",href:\"#troubleshooting\",children:(0,e.jsx)(n.span,{className:\"icon icon-link\"})}),\"Troubleshooting\"]}),`\n`,(0,e.jsxs)(n.h3,{id:\"common-issues\",children:[(0,e.jsx)(n.a,{className:\"subheading-anchor\",\"aria-label\":\"Link to section\",href:\"#common-issues\",children:(0,e.jsx)(n.span,{className:\"icon icon-link\"})}),\"Common Issues\"]}),`\n`,(0,e.jsxs)(n.ol,{children:[`\n`,(0,e.jsxs)(n.li,{children:[`\n`,(0,e.jsx)(n.p,{children:(0,e.jsx)(n.strong,{children:\"Clerk not loading\"})}),`\n`,(0,e.jsxs)(n.ul,{children:[`\n`,(0,e.jsxs)(n.li,{children:[\"Make sure your environment variables are correctly set in \",(0,e.jsx)(n.code,{children:\".env.local\"})]}),`\n`,(0,e.jsx)(n.li,{children:\"Verify your Clerk credentials are correct\"}),`\n`,(0,e.jsx)(n.li,{children:\"Check the browser console for any errors\"}),`\n`]}),`\n`]}),`\n`,(0,e.jsxs)(n.li,{children:[`\n`,(0,e.jsx)(n.p,{children:(0,e.jsx)(n.strong,{children:\"Middleware issues\"})}),`\n`,(0,e.jsxs)(n.ul,{children:[`\n`,(0,e.jsx)(n.li,{children:\"Ensure your middleware is properly configured\"}),`\n`,(0,e.jsx)(n.li,{children:\"Check the matcher pattern in your middleware configuration\"}),`\n`]}),`\n`]}),`\n`,(0,e.jsxs)(n.li,{children:[`\n`,(0,e.jsx)(n.p,{children:(0,e.jsx)(n.strong,{children:\"API route protection\"})}),`\n`,(0,e.jsxs)(n.ul,{children:[`\n`,(0,e.jsxs)(n.li,{children:[\"Make sure to use \",(0,e.jsx)(n.code,{children:\"auth()\"}),\" in your API routes\"]}),`\n`,(0,e.jsx)(n.li,{children:\"Check the request headers for the session token\"}),`\n`]}),`\n`]}),`\n`]}),`\n`,(0,e.jsxs)(n.h3,{id:\"getting-help\",children:[(0,e.jsx)(n.a,{className:\"subheading-anchor\",\"aria-label\":\"Link to section\",href:\"#getting-help\",children:(0,e.jsx)(n.span,{className:\"icon icon-link\"})}),\"Getting Help\"]}),`\n`,(0,e.jsxs)(n.p,{children:[\"If you run into any issues, check out the \",(0,e.jsx)(n.a,{href:\"https://clerk.com/docs\",children:\"Clerk documentation\"}),\" or join the \",(0,e.jsx)(n.a,{href:\"https://clerk.com/community\",children:\"Clerk community\"}),\" for support.\"]})]})}function h(l={}){let{wrapper:n}=l.components||{};return n?(0,e.jsx)(n,{...l,children:(0,e.jsx)(d,{...l})}):d(l)}function C(l,n){throw new Error(\"Expected \"+(n?\"component\":\"object\")+\" `\"+l+\"` to be defined: you likely forgot to import, pass, or provide it.\")}return k(b);})();\n;return Component;"
  },
  "_id": "guides/using-clerk-next-13.mdx",
  "_raw": {
    "sourceFilePath": "guides/using-clerk-next-13.mdx",
    "sourceFileName": "using-clerk-next-13.mdx",
    "sourceFileDir": "guides",
    "contentType": "mdx",
    "flattenedPath": "guides/using-clerk-next-13"
  },
  "type": "Guide",
  "slug": "/guides/using-clerk-next-13",
  "slugAsParams": "using-clerk-next-13",
  "images": []
}