{
  "title": "Email",
  "description": "How to manage emails in this project.",
  "published": true,
  "body": {
    "raw": "\n## Integrations &amp; Best Practices\n\nAll integrations mentioned in these documentation pages are already properly integrated using best practices within the project. These documentation pages are primarily for developers who want to dive deep into the code and understand the implementation details.\n\n## Email Configuration\n\nThis guide provides simplified instructions for setting up email services using Resend for your Get Cracked Starter SaaS boilerplate.\n\n<Steps>\n\n### 1. Create a Resend Account\n\nIf you don't already have one, create an account on Resend [here](https://resend.com/signup).\n\n### 2. Obtain Your Resend API Key\n\nAfter signing in to your Resend account, you will be prompted to create your first API key. Copy this key.\n\n### 3. Configure Your `.env` File\n\nPaste your Resend API key into your project's `.env` file:\n\n```dotenv\nRESEND_API_KEY=re_your_resend_api_key\n```\n\n</Steps>",
    "code": "var Component=(()=>{var p=Object.create;var t=Object.defineProperty;var u=Object.getOwnPropertyDescriptor;var g=Object.getOwnPropertyNames;var m=Object.getPrototypeOf,y=Object.prototype.hasOwnProperty;var f=(i,e)=>()=>(e||i((e={exports:{}}).exports,e),e.exports),b=(i,e)=>{for(var a in e)t(i,a,{get:e[a],enumerable:!0})},c=(i,e,a,o)=>{if(e&&typeof e==\"object\"||typeof e==\"function\")for(let r of g(e))!y.call(i,r)&&r!==a&&t(i,r,{get:()=>e[r],enumerable:!(o=u(e,r))||o.enumerable});return i};var _=(i,e,a)=>(a=i!=null?p(m(i)):{},c(e||!i||!i.__esModule?t(a,\"default\",{value:i,enumerable:!0}):a,i)),k=i=>c(t({},\"__esModule\",{value:!0}),i);var d=f((j,s)=>{s.exports=_jsx_runtime});var x={};b(x,{default:()=>h,frontmatter:()=>E});var n=_(d()),E={title:\"Email\",description:\"How to manage emails in this project.\"};function l(i){let e={a:\"a\",code:\"code\",figure:\"figure\",h2:\"h2\",h3:\"h3\",p:\"p\",pre:\"pre\",span:\"span\",...i.components},{Steps:a}=e;return a||v(\"Steps\",!0),(0,n.jsxs)(n.Fragment,{children:[(0,n.jsxs)(e.h2,{id:\"integrations--best-practices\",children:[(0,n.jsx)(e.a,{className:\"subheading-anchor\",\"aria-label\":\"Link to section\",href:\"#integrations--best-practices\",children:(0,n.jsx)(e.span,{className:\"icon icon-link\"})}),\"Integrations & Best Practices\"]}),`\n`,(0,n.jsx)(e.p,{children:\"All integrations mentioned in these documentation pages are already properly integrated using best practices within the project. These documentation pages are primarily for developers who want to dive deep into the code and understand the implementation details.\"}),`\n`,(0,n.jsxs)(e.h2,{id:\"email-configuration\",children:[(0,n.jsx)(e.a,{className:\"subheading-anchor\",\"aria-label\":\"Link to section\",href:\"#email-configuration\",children:(0,n.jsx)(e.span,{className:\"icon icon-link\"})}),\"Email Configuration\"]}),`\n`,(0,n.jsx)(e.p,{children:\"This guide provides simplified instructions for setting up email services using Resend for your Get Cracked Starter SaaS boilerplate.\"}),`\n`,(0,n.jsxs)(a,{children:[(0,n.jsxs)(e.h3,{id:\"1-create-a-resend-account\",children:[(0,n.jsx)(e.a,{className:\"subheading-anchor\",\"aria-label\":\"Link to section\",href:\"#1-create-a-resend-account\",children:(0,n.jsx)(e.span,{className:\"icon icon-link\"})}),\"1. Create a Resend Account\"]}),(0,n.jsxs)(e.p,{children:[\"If you don't already have one, create an account on Resend \",(0,n.jsx)(e.a,{href:\"https://resend.com/signup\",children:\"here\"}),\".\"]}),(0,n.jsxs)(e.h3,{id:\"2-obtain-your-resend-api-key\",children:[(0,n.jsx)(e.a,{className:\"subheading-anchor\",\"aria-label\":\"Link to section\",href:\"#2-obtain-your-resend-api-key\",children:(0,n.jsx)(e.span,{className:\"icon icon-link\"})}),\"2. Obtain Your Resend API Key\"]}),(0,n.jsx)(e.p,{children:\"After signing in to your Resend account, you will be prompted to create your first API key. Copy this key.\"}),(0,n.jsxs)(e.h3,{id:\"3-configure-your-env-file\",children:[(0,n.jsx)(e.a,{className:\"subheading-anchor\",\"aria-label\":\"Link to section\",href:\"#3-configure-your-env-file\",children:(0,n.jsx)(e.span,{className:\"icon icon-link\"})}),\"3. Configure Your \",(0,n.jsx)(e.code,{children:\".env\"}),\" File\"]}),(0,n.jsxs)(e.p,{children:[\"Paste your Resend API key into your project's \",(0,n.jsx)(e.code,{children:\".env\"}),\" file:\"]}),(0,n.jsx)(e.figure,{\"data-rehype-pretty-code-figure\":\"\",children:(0,n.jsx)(e.pre,{style:{backgroundColor:\"#24292e\",color:\"#e1e4e8\"},tabIndex:\"0\",\"data-language\":\"dotenv\",\"data-theme\":\"github-dark\",__rawString__:`RESEND_API_KEY=re_your_resend_api_key\n`,children:(0,n.jsx)(e.code,{\"data-language\":\"dotenv\",\"data-theme\":\"github-dark\",style:{display:\"grid\"},children:(0,n.jsxs)(e.span,{\"data-line\":\"\",children:[(0,n.jsx)(e.span,{style:{color:\"#FFAB70\"},children:\"RESEND_API_KEY\"}),(0,n.jsx)(e.span,{style:{color:\"#F97583\"},children:\"=\"}),(0,n.jsx)(e.span,{style:{color:\"#E1E4E8\"},children:\"re_your_resend_api_key\"})]})})})})]})]})}function h(i={}){let{wrapper:e}=i.components||{};return e?(0,n.jsx)(e,{...i,children:(0,n.jsx)(l,{...i})}):l(i)}function v(i,e){throw new Error(\"Expected \"+(e?\"component\":\"object\")+\" `\"+i+\"` to be defined: you likely forgot to import, pass, or provide it.\")}return k(x);})();\n;return Component;"
  },
  "_id": "docs/configuration/email.mdx",
  "_raw": {
    "sourceFilePath": "docs/configuration/email.mdx",
    "sourceFileName": "email.mdx",
    "sourceFileDir": "docs/configuration",
    "contentType": "mdx",
    "flattenedPath": "docs/configuration/email"
  },
  "type": "Doc",
  "slug": "/docs/configuration/email",
  "slugAsParams": "configuration/email",
  "images": []
}