{
  "title": "Database",
  "description": "How to config your Neon database.",
  "published": true,
  "body": {
    "raw": "\n## Integrations &amp; Best Practices\n\nAll integrations mentioned in these documentation pages are already properly integrated using best practices within the project. These documentation pages are primarily for developers who want to dive deep into the code and understand the implementation details.\n\nThis template uses **Neon** as its recommended database solution. Neon offers a generous free tier for development and testing. You can find more information on their [pricing page](https://neon.tech/pricing).\n\n## Steps\n\n<Steps>\n\n### Create Neon account\n\nIf you don't have a Neon account, follow their simple steps [here](https://neon.tech/docs/get-started-with-neon/signing-up) to create one.\n\n### Copy database url\n\nAfter creating a project on Neon, navigate to the \"Connection Details\" section. Select `Prisma` from the dropdown, then go to the `env` tab to find your `DATABASE_URL`.\n\n<Callout type=\"warning\">\n  <b>Don't forget</b> to reveal the information hidden behind the stars using the eye icon to get the full connection string.\n</Callout>\n\nPaste in your `.env` file.\n\n```js\nDATABASE_URL = \"postgres://alex:AbC123dEf@ep-cool-darkness-123456.us-east-2.aws.neon.tech/dbname\";\n```\n\n### Push migrations\n\nYou can push the migrations on your database with the cli.\n\n```bash\nnpx prisma db push\n```\n\n</Steps>\n",
    "code": "var Component=(()=>{var g=Object.create;var o=Object.defineProperty;var u=Object.getOwnPropertyDescriptor;var m=Object.getOwnPropertyNames;var f=Object.getPrototypeOf,b=Object.prototype.hasOwnProperty;var y=(t,e)=>()=>(e||t((e={exports:{}}).exports,e),e.exports),k=(t,e)=>{for(var a in e)o(t,a,{get:e[a],enumerable:!0})},s=(t,e,a,r)=>{if(e&&typeof e==\"object\"||typeof e==\"function\")for(let i of m(e))!b.call(t,i)&&i!==a&&o(t,i,{get:()=>e[i],enumerable:!(r=u(e,i))||r.enumerable});return t};var _=(t,e,a)=>(a=t!=null?g(f(t)):{},s(e||!t||!t.__esModule?o(a,\"default\",{value:t,enumerable:!0}):a,t)),x=t=>s(o({},\"__esModule\",{value:!0}),t);var d=y((E,c)=>{c.exports=_jsx_runtime});var N={};k(N,{default:()=>p,frontmatter:()=>w});var n=_(d()),w={title:\"Database\",description:\"How to config your Neon database.\"};function l(t){let e={a:\"a\",code:\"code\",figure:\"figure\",h2:\"h2\",h3:\"h3\",p:\"p\",pre:\"pre\",span:\"span\",strong:\"strong\",...t.components},{Callout:a,Steps:r}=e;return a||h(\"Callout\",!0),r||h(\"Steps\",!0),(0,n.jsxs)(n.Fragment,{children:[(0,n.jsxs)(e.h2,{id:\"integrations--best-practices\",children:[(0,n.jsx)(e.a,{className:\"subheading-anchor\",\"aria-label\":\"Link to section\",href:\"#integrations--best-practices\",children:(0,n.jsx)(e.span,{className:\"icon icon-link\"})}),\"Integrations & Best Practices\"]}),`\n`,(0,n.jsx)(e.p,{children:\"All integrations mentioned in these documentation pages are already properly integrated using best practices within the project. These documentation pages are primarily for developers who want to dive deep into the code and understand the implementation details.\"}),`\n`,(0,n.jsxs)(e.p,{children:[\"This template uses \",(0,n.jsx)(e.strong,{children:\"Neon\"}),\" as its recommended database solution. Neon offers a generous free tier for development and testing. You can find more information on their \",(0,n.jsx)(e.a,{href:\"https://neon.tech/pricing\",children:\"pricing page\"}),\".\"]}),`\n`,(0,n.jsxs)(e.h2,{id:\"steps\",children:[(0,n.jsx)(e.a,{className:\"subheading-anchor\",\"aria-label\":\"Link to section\",href:\"#steps\",children:(0,n.jsx)(e.span,{className:\"icon icon-link\"})}),\"Steps\"]}),`\n`,(0,n.jsxs)(r,{children:[(0,n.jsxs)(e.h3,{id:\"create-neon-account\",children:[(0,n.jsx)(e.a,{className:\"subheading-anchor\",\"aria-label\":\"Link to section\",href:\"#create-neon-account\",children:(0,n.jsx)(e.span,{className:\"icon icon-link\"})}),\"Create Neon account\"]}),(0,n.jsxs)(e.p,{children:[\"If you don't have a Neon account, follow their simple steps \",(0,n.jsx)(e.a,{href:\"https://neon.tech/docs/get-started-with-neon/signing-up\",children:\"here\"}),\" to create one.\"]}),(0,n.jsxs)(e.h3,{id:\"copy-database-url\",children:[(0,n.jsx)(e.a,{className:\"subheading-anchor\",\"aria-label\":\"Link to section\",href:\"#copy-database-url\",children:(0,n.jsx)(e.span,{className:\"icon icon-link\"})}),\"Copy database url\"]}),(0,n.jsxs)(e.p,{children:['After creating a project on Neon, navigate to the \"Connection Details\" section. Select ',(0,n.jsx)(e.code,{children:\"Prisma\"}),\" from the dropdown, then go to the \",(0,n.jsx)(e.code,{children:\"env\"}),\" tab to find your \",(0,n.jsx)(e.code,{children:\"DATABASE_URL\"}),\".\"]}),(0,n.jsx)(a,{type:\"warning\",children:(0,n.jsxs)(e.p,{children:[(0,n.jsx)(\"b\",{children:\"Don't forget\"}),\" to reveal the information hidden behind the stars using the eye icon to get the full connection string.\"]})}),(0,n.jsxs)(e.p,{children:[\"Paste in your \",(0,n.jsx)(e.code,{children:\".env\"}),\" file.\"]}),(0,n.jsx)(e.figure,{\"data-rehype-pretty-code-figure\":\"\",children:(0,n.jsx)(e.pre,{style:{backgroundColor:\"#24292e\",color:\"#e1e4e8\"},tabIndex:\"0\",\"data-language\":\"js\",\"data-theme\":\"github-dark\",__rawString__:`DATABASE_URL = \"postgres://alex:AbC123dEf@ep-cool-darkness-123456.us-east-2.aws.neon.tech/dbname\";\n`,children:(0,n.jsx)(e.code,{\"data-language\":\"js\",\"data-theme\":\"github-dark\",style:{display:\"grid\"},children:(0,n.jsxs)(e.span,{\"data-line\":\"\",children:[(0,n.jsx)(e.span,{style:{color:\"#79B8FF\"},children:\"DATABASE_URL\"}),(0,n.jsx)(e.span,{style:{color:\"#F97583\"},children:\" =\"}),(0,n.jsx)(e.span,{style:{color:\"#9ECBFF\"},children:' \"postgres://alex:AbC123dEf@ep-cool-darkness-123456.us-east-2.aws.neon.tech/dbname\"'}),(0,n.jsx)(e.span,{style:{color:\"#E1E4E8\"},children:\";\"})]})})})}),(0,n.jsxs)(e.h3,{id:\"push-migrations\",children:[(0,n.jsx)(e.a,{className:\"subheading-anchor\",\"aria-label\":\"Link to section\",href:\"#push-migrations\",children:(0,n.jsx)(e.span,{className:\"icon icon-link\"})}),\"Push migrations\"]}),(0,n.jsx)(e.p,{children:\"You can push the migrations on your database with the cli.\"}),(0,n.jsx)(e.figure,{\"data-rehype-pretty-code-figure\":\"\",children:(0,n.jsx)(e.pre,{style:{backgroundColor:\"#24292e\",color:\"#e1e4e8\"},tabIndex:\"0\",\"data-language\":\"bash\",\"data-theme\":\"github-dark\",__rawString__:`npx prisma db push\n`,children:(0,n.jsx)(e.code,{\"data-language\":\"bash\",\"data-theme\":\"github-dark\",style:{display:\"grid\"},children:(0,n.jsxs)(e.span,{\"data-line\":\"\",children:[(0,n.jsx)(e.span,{style:{color:\"#B392F0\"},children:\"npx\"}),(0,n.jsx)(e.span,{style:{color:\"#9ECBFF\"},children:\" prisma\"}),(0,n.jsx)(e.span,{style:{color:\"#9ECBFF\"},children:\" db\"}),(0,n.jsx)(e.span,{style:{color:\"#9ECBFF\"},children:\" push\"})]})})})})]})]})}function p(t={}){let{wrapper:e}=t.components||{};return e?(0,n.jsx)(e,{...t,children:(0,n.jsx)(l,{...t})}):l(t)}function h(t,e){throw new Error(\"Expected \"+(e?\"component\":\"object\")+\" `\"+t+\"` to be defined: you likely forgot to import, pass, or provide it.\")}return x(N);})();\n;return Component;"
  },
  "_id": "docs/configuration/database.mdx",
  "_raw": {
    "sourceFilePath": "docs/configuration/database.mdx",
    "sourceFileName": "database.mdx",
    "sourceFileDir": "docs/configuration",
    "contentType": "mdx",
    "flattenedPath": "docs/configuration/database"
  },
  "type": "Doc",
  "slug": "/docs/configuration/database",
  "slugAsParams": "configuration/database",
  "images": []
}