{
  "title": "Welcome to Get Cracked Starter",
  "description": "Your premium SaaS boilerplate for rapid development and market launch",
  "published": true,
  "body": {
    "raw": "\n## 🚀 Launch Your SaaS Empire Faster\n\nWelcome to **Get Cracked Starter** - the premium SaaS boilerplate designed to catapult your business from concept to launch in record time. This isn't just another template; it's a comprehensive, production-ready foundation that eliminates months of development work and thousands in costs.\n\n<Callout type=\"success\">\n  **Built for entrepreneurs who mean business.** Skip the boilerplate code and focus on what matters - your unique product and rapid growth.\n</Callout>\n\n## ✨ What Makes Get Cracked Special\n\n### **Enterprise-Grade Tech Stack**\nGet Cracked Starter comes pre-configured with the most powerful and reliable technologies in the modern web ecosystem:\n\n- **⚡Next.js** - Lightning-fast React framework with App Router\n- **🗄️ Prisma + Neon** - Type-safe database with PostgreSQL on the edge\n- **🔐 Clerk** - Battle-tested authentication and user management\n- **💳 Stripe** - Complete subscription and payment processing\n- **📧 Resend** - Professional email delivery and templating\n- **🎨 Shadcn/ui** - Beautiful, accessible components with Tailwind CSS\n- **🤖 AI SDK** - AI-powered features and integrations\n- **🧠 Hume AI** - AI voice generation, TTS, and content generation\n\n### **Production-Ready Features**\nEverything you need to launch and scale is included out-of-the-box:\n\n- **Multi-tenant architecture** ready for enterprise clients\n- **Subscription management** with Stripe billing integration\n- **User authentication** with social logins and role-based access\n- **Email systems** for onboarding, notifications, and marketing\n- **Admin dashboard** for user and content management\n- **Blog system** with Contentlayer and MDX support\n- **API routes** for custom integrations and webhooks\n- **Responsive design** that works perfectly on all devices\n\n## 🎯 Perfect For\n\nGet Cracked Starter is designed for:\n\n- **SaaS entrepreneurs** ready to launch their next big idea\n- **Agencies** building client applications under tight deadlines\n- **Startups** that need to move fast and scale quickly\n- **Developers** who want to focus on business logic, not infrastructure\n- **Product teams** looking for a reliable, maintainable foundation\n\n## 📈 Accelerate Your Success\n\n### **Time Saved**\n- ⏱️ **6-8 weeks** of development time eliminated\n- 🚫 **Zero configuration** required for core features\n- 📚 **Comprehensive documentation** to get you started immediately\n\n### **Cost Reduction**\n- 💰 **Thousands saved** on initial development costs\n- 🔧 **Pre-integrated services** avoid vendor setup headaches\n- 🛠️ **Best practices included** prevent costly refactoring later\n\n### **Quality Assurance**\n- ✅ **Production-tested** in real SaaS environments\n- 🔒 **Security-first** approach with industry standards\n- 📱 **Mobile-optimized** design for modern users\n- ♿ **Accessibility compliant** components\n\n## 🗺️ What's Next?\n\nReady to transform your SaaS vision into reality? Here's your roadmap:\n\n1. **[Installation Guide](/docs/installation)** - Get up and running in minutes\n2. **[Configuration Overview](/docs/configuration)** - Customize for your needs\n3. **[Component Library](/docs/configuration/components)** - Leverage built-in UI elements\n4. **[Authentication Setup](/docs/configuration/authentification)** - Secure your application\n5. **[Database Configuration](/docs/configuration/database)** - Set up your data layer\n\n<Callout type=\"info\">\n  **Pro Tip:** Start with the [Installation Guide](/docs/installation) to get your development environment configured, then explore the configuration sections to customize the boilerplate for your specific use case.\n</Callout>\n\n## 💬 Need Help?\n\n- 📖 **Documentation** - Comprehensive guides for every feature\n- 🐛 **Issues** - Found a bug? [Report it here](https://github.com/drewsephski/get2cracked/issues)\n- 💡 **Discussions** - Ask questions and share ideas with the community\n- 📧 **Support** - Need priority help? Contact the maintainers\n\n---\n\n**Get Cracked Starter v0.3.1** - Because your time is too valuable to waste on boilerplate code.\n\n<Callout type=\"note\">\n  This documentation is actively maintained and updated. Check back regularly for new features, improvements, and best practices.\n</Callout>\n",
    "code": "var Component=(()=>{var u=Object.create;var a=Object.defineProperty;var p=Object.getOwnPropertyDescriptor;var g=Object.getOwnPropertyNames;var m=Object.getPrototypeOf,f=Object.prototype.hasOwnProperty;var b=(i,e)=>()=>(e||i((e={exports:{}}).exports,e),e.exports),y=(i,e)=>{for(var r in e)a(i,r,{get:e[r],enumerable:!0})},c=(i,e,r,o)=>{if(e&&typeof e==\"object\"||typeof e==\"function\")for(let t of g(e))!f.call(i,t)&&t!==r&&a(i,t,{get:()=>e[t],enumerable:!(o=p(e,t))||o.enumerable});return i};var k=(i,e,r)=>(r=i!=null?u(m(i)):{},c(e||!i||!i.__esModule?a(r,\"default\",{value:i,enumerable:!0}):r,i)),S=i=>c(a({},\"__esModule\",{value:!0}),i);var l=b((x,s)=>{s.exports=_jsx_runtime});var N={};y(N,{default:()=>h,frontmatter:()=>v});var n=k(l()),v={title:\"Welcome to Get Cracked Starter\",description:\"Your premium SaaS boilerplate for rapid development and market launch\"};function d(i){let e={a:\"a\",h2:\"h2\",h3:\"h3\",hr:\"hr\",li:\"li\",ol:\"ol\",p:\"p\",span:\"span\",strong:\"strong\",ul:\"ul\",...i.components},{Callout:r}=e;return r||w(\"Callout\",!0),(0,n.jsxs)(n.Fragment,{children:[(0,n.jsxs)(e.h2,{id:\"-launch-your-saas-empire-faster\",children:[(0,n.jsx)(e.a,{className:\"subheading-anchor\",\"aria-label\":\"Link to section\",href:\"#-launch-your-saas-empire-faster\",children:(0,n.jsx)(e.span,{className:\"icon icon-link\"})}),\"\\u{1F680} Launch Your SaaS Empire Faster\"]}),`\n`,(0,n.jsxs)(e.p,{children:[\"Welcome to \",(0,n.jsx)(e.strong,{children:\"Get Cracked Starter\"}),\" - the premium SaaS boilerplate designed to catapult your business from concept to launch in record time. This isn't just another template; it's a comprehensive, production-ready foundation that eliminates months of development work and thousands in costs.\"]}),`\n`,(0,n.jsx)(r,{type:\"success\",children:(0,n.jsxs)(e.p,{children:[(0,n.jsx)(e.strong,{children:\"Built for entrepreneurs who mean business.\"}),\" Skip the boilerplate code and focus on what matters - your unique product and rapid growth.\"]})}),`\n`,(0,n.jsxs)(e.h2,{id:\"-what-makes-get-cracked-special\",children:[(0,n.jsx)(e.a,{className:\"subheading-anchor\",\"aria-label\":\"Link to section\",href:\"#-what-makes-get-cracked-special\",children:(0,n.jsx)(e.span,{className:\"icon icon-link\"})}),\"\\u2728 What Makes Get Cracked Special\"]}),`\n`,(0,n.jsxs)(e.h3,{id:\"enterprise-grade-tech-stack\",children:[(0,n.jsx)(e.a,{className:\"subheading-anchor\",\"aria-label\":\"Link to section\",href:\"#enterprise-grade-tech-stack\",children:(0,n.jsx)(e.span,{className:\"icon icon-link\"})}),(0,n.jsx)(e.strong,{children:\"Enterprise-Grade Tech Stack\"})]}),`\n`,(0,n.jsx)(e.p,{children:\"Get Cracked Starter comes pre-configured with the most powerful and reliable technologies in the modern web ecosystem:\"}),`\n`,(0,n.jsxs)(e.ul,{children:[`\n`,(0,n.jsxs)(e.li,{children:[(0,n.jsx)(e.strong,{children:\"\\u26A1Next.js\"}),\" - Lightning-fast React framework with App Router\"]}),`\n`,(0,n.jsxs)(e.li,{children:[(0,n.jsx)(e.strong,{children:\"\\u{1F5C4}\\uFE0F Prisma + Neon\"}),\" - Type-safe database with PostgreSQL on the edge\"]}),`\n`,(0,n.jsxs)(e.li,{children:[(0,n.jsx)(e.strong,{children:\"\\u{1F510} Clerk\"}),\" - Battle-tested authentication and user management\"]}),`\n`,(0,n.jsxs)(e.li,{children:[(0,n.jsx)(e.strong,{children:\"\\u{1F4B3} Stripe\"}),\" - Complete subscription and payment processing\"]}),`\n`,(0,n.jsxs)(e.li,{children:[(0,n.jsx)(e.strong,{children:\"\\u{1F4E7} Resend\"}),\" - Professional email delivery and templating\"]}),`\n`,(0,n.jsxs)(e.li,{children:[(0,n.jsx)(e.strong,{children:\"\\u{1F3A8} Shadcn/ui\"}),\" - Beautiful, accessible components with Tailwind CSS\"]}),`\n`,(0,n.jsxs)(e.li,{children:[(0,n.jsx)(e.strong,{children:\"\\u{1F916} AI SDK\"}),\" - AI-powered features and integrations\"]}),`\n`,(0,n.jsxs)(e.li,{children:[(0,n.jsx)(e.strong,{children:\"\\u{1F9E0} Hume AI\"}),\" - AI voice generation, TTS, and content generation\"]}),`\n`]}),`\n`,(0,n.jsxs)(e.h3,{id:\"production-ready-features\",children:[(0,n.jsx)(e.a,{className:\"subheading-anchor\",\"aria-label\":\"Link to section\",href:\"#production-ready-features\",children:(0,n.jsx)(e.span,{className:\"icon icon-link\"})}),(0,n.jsx)(e.strong,{children:\"Production-Ready Features\"})]}),`\n`,(0,n.jsx)(e.p,{children:\"Everything you need to launch and scale is included out-of-the-box:\"}),`\n`,(0,n.jsxs)(e.ul,{children:[`\n`,(0,n.jsxs)(e.li,{children:[(0,n.jsx)(e.strong,{children:\"Multi-tenant architecture\"}),\" ready for enterprise clients\"]}),`\n`,(0,n.jsxs)(e.li,{children:[(0,n.jsx)(e.strong,{children:\"Subscription management\"}),\" with Stripe billing integration\"]}),`\n`,(0,n.jsxs)(e.li,{children:[(0,n.jsx)(e.strong,{children:\"User authentication\"}),\" with social logins and role-based access\"]}),`\n`,(0,n.jsxs)(e.li,{children:[(0,n.jsx)(e.strong,{children:\"Email systems\"}),\" for onboarding, notifications, and marketing\"]}),`\n`,(0,n.jsxs)(e.li,{children:[(0,n.jsx)(e.strong,{children:\"Admin dashboard\"}),\" for user and content management\"]}),`\n`,(0,n.jsxs)(e.li,{children:[(0,n.jsx)(e.strong,{children:\"Blog system\"}),\" with Contentlayer and MDX support\"]}),`\n`,(0,n.jsxs)(e.li,{children:[(0,n.jsx)(e.strong,{children:\"API routes\"}),\" for custom integrations and webhooks\"]}),`\n`,(0,n.jsxs)(e.li,{children:[(0,n.jsx)(e.strong,{children:\"Responsive design\"}),\" that works perfectly on all devices\"]}),`\n`]}),`\n`,(0,n.jsxs)(e.h2,{id:\"-perfect-for\",children:[(0,n.jsx)(e.a,{className:\"subheading-anchor\",\"aria-label\":\"Link to section\",href:\"#-perfect-for\",children:(0,n.jsx)(e.span,{className:\"icon icon-link\"})}),\"\\u{1F3AF} Perfect For\"]}),`\n`,(0,n.jsx)(e.p,{children:\"Get Cracked Starter is designed for:\"}),`\n`,(0,n.jsxs)(e.ul,{children:[`\n`,(0,n.jsxs)(e.li,{children:[(0,n.jsx)(e.strong,{children:\"SaaS entrepreneurs\"}),\" ready to launch their next big idea\"]}),`\n`,(0,n.jsxs)(e.li,{children:[(0,n.jsx)(e.strong,{children:\"Agencies\"}),\" building client applications under tight deadlines\"]}),`\n`,(0,n.jsxs)(e.li,{children:[(0,n.jsx)(e.strong,{children:\"Startups\"}),\" that need to move fast and scale quickly\"]}),`\n`,(0,n.jsxs)(e.li,{children:[(0,n.jsx)(e.strong,{children:\"Developers\"}),\" who want to focus on business logic, not infrastructure\"]}),`\n`,(0,n.jsxs)(e.li,{children:[(0,n.jsx)(e.strong,{children:\"Product teams\"}),\" looking for a reliable, maintainable foundation\"]}),`\n`]}),`\n`,(0,n.jsxs)(e.h2,{id:\"-accelerate-your-success\",children:[(0,n.jsx)(e.a,{className:\"subheading-anchor\",\"aria-label\":\"Link to section\",href:\"#-accelerate-your-success\",children:(0,n.jsx)(e.span,{className:\"icon icon-link\"})}),\"\\u{1F4C8} Accelerate Your Success\"]}),`\n`,(0,n.jsxs)(e.h3,{id:\"time-saved\",children:[(0,n.jsx)(e.a,{className:\"subheading-anchor\",\"aria-label\":\"Link to section\",href:\"#time-saved\",children:(0,n.jsx)(e.span,{className:\"icon icon-link\"})}),(0,n.jsx)(e.strong,{children:\"Time Saved\"})]}),`\n`,(0,n.jsxs)(e.ul,{children:[`\n`,(0,n.jsxs)(e.li,{children:[\"\\u23F1\\uFE0F \",(0,n.jsx)(e.strong,{children:\"6-8 weeks\"}),\" of development time eliminated\"]}),`\n`,(0,n.jsxs)(e.li,{children:[\"\\u{1F6AB} \",(0,n.jsx)(e.strong,{children:\"Zero configuration\"}),\" required for core features\"]}),`\n`,(0,n.jsxs)(e.li,{children:[\"\\u{1F4DA} \",(0,n.jsx)(e.strong,{children:\"Comprehensive documentation\"}),\" to get you started immediately\"]}),`\n`]}),`\n`,(0,n.jsxs)(e.h3,{id:\"cost-reduction\",children:[(0,n.jsx)(e.a,{className:\"subheading-anchor\",\"aria-label\":\"Link to section\",href:\"#cost-reduction\",children:(0,n.jsx)(e.span,{className:\"icon icon-link\"})}),(0,n.jsx)(e.strong,{children:\"Cost Reduction\"})]}),`\n`,(0,n.jsxs)(e.ul,{children:[`\n`,(0,n.jsxs)(e.li,{children:[\"\\u{1F4B0} \",(0,n.jsx)(e.strong,{children:\"Thousands saved\"}),\" on initial development costs\"]}),`\n`,(0,n.jsxs)(e.li,{children:[\"\\u{1F527} \",(0,n.jsx)(e.strong,{children:\"Pre-integrated services\"}),\" avoid vendor setup headaches\"]}),`\n`,(0,n.jsxs)(e.li,{children:[\"\\u{1F6E0}\\uFE0F \",(0,n.jsx)(e.strong,{children:\"Best practices included\"}),\" prevent costly refactoring later\"]}),`\n`]}),`\n`,(0,n.jsxs)(e.h3,{id:\"quality-assurance\",children:[(0,n.jsx)(e.a,{className:\"subheading-anchor\",\"aria-label\":\"Link to section\",href:\"#quality-assurance\",children:(0,n.jsx)(e.span,{className:\"icon icon-link\"})}),(0,n.jsx)(e.strong,{children:\"Quality Assurance\"})]}),`\n`,(0,n.jsxs)(e.ul,{children:[`\n`,(0,n.jsxs)(e.li,{children:[\"\\u2705 \",(0,n.jsx)(e.strong,{children:\"Production-tested\"}),\" in real SaaS environments\"]}),`\n`,(0,n.jsxs)(e.li,{children:[\"\\u{1F512} \",(0,n.jsx)(e.strong,{children:\"Security-first\"}),\" approach with industry standards\"]}),`\n`,(0,n.jsxs)(e.li,{children:[\"\\u{1F4F1} \",(0,n.jsx)(e.strong,{children:\"Mobile-optimized\"}),\" design for modern users\"]}),`\n`,(0,n.jsxs)(e.li,{children:[\"\\u267F \",(0,n.jsx)(e.strong,{children:\"Accessibility compliant\"}),\" components\"]}),`\n`]}),`\n`,(0,n.jsxs)(e.h2,{id:\"\\uFE0F-whats-next\",children:[(0,n.jsx)(e.a,{className:\"subheading-anchor\",\"aria-label\":\"Link to section\",href:\"#\\uFE0F-whats-next\",children:(0,n.jsx)(e.span,{className:\"icon icon-link\"})}),\"\\u{1F5FA}\\uFE0F What's Next?\"]}),`\n`,(0,n.jsx)(e.p,{children:\"Ready to transform your SaaS vision into reality? Here's your roadmap:\"}),`\n`,(0,n.jsxs)(e.ol,{children:[`\n`,(0,n.jsxs)(e.li,{children:[(0,n.jsx)(e.strong,{children:(0,n.jsx)(e.a,{href:\"/docs/installation\",children:\"Installation Guide\"})}),\" - Get up and running in minutes\"]}),`\n`,(0,n.jsxs)(e.li,{children:[(0,n.jsx)(e.strong,{children:(0,n.jsx)(e.a,{href:\"/docs/configuration\",children:\"Configuration Overview\"})}),\" - Customize for your needs\"]}),`\n`,(0,n.jsxs)(e.li,{children:[(0,n.jsx)(e.strong,{children:(0,n.jsx)(e.a,{href:\"/docs/configuration/components\",children:\"Component Library\"})}),\" - Leverage built-in UI elements\"]}),`\n`,(0,n.jsxs)(e.li,{children:[(0,n.jsx)(e.strong,{children:(0,n.jsx)(e.a,{href:\"/docs/configuration/authentification\",children:\"Authentication Setup\"})}),\" - Secure your application\"]}),`\n`,(0,n.jsxs)(e.li,{children:[(0,n.jsx)(e.strong,{children:(0,n.jsx)(e.a,{href:\"/docs/configuration/database\",children:\"Database Configuration\"})}),\" - Set up your data layer\"]}),`\n`]}),`\n`,(0,n.jsx)(r,{type:\"info\",children:(0,n.jsxs)(e.p,{children:[(0,n.jsx)(e.strong,{children:\"Pro Tip:\"}),\" Start with the \",(0,n.jsx)(e.a,{href:\"/docs/installation\",children:\"Installation Guide\"}),\" to get your development environment configured, then explore the configuration sections to customize the boilerplate for your specific use case.\"]})}),`\n`,(0,n.jsxs)(e.h2,{id:\"-need-help\",children:[(0,n.jsx)(e.a,{className:\"subheading-anchor\",\"aria-label\":\"Link to section\",href:\"#-need-help\",children:(0,n.jsx)(e.span,{className:\"icon icon-link\"})}),\"\\u{1F4AC} Need Help?\"]}),`\n`,(0,n.jsxs)(e.ul,{children:[`\n`,(0,n.jsxs)(e.li,{children:[\"\\u{1F4D6} \",(0,n.jsx)(e.strong,{children:\"Documentation\"}),\" - Comprehensive guides for every feature\"]}),`\n`,(0,n.jsxs)(e.li,{children:[\"\\u{1F41B} \",(0,n.jsx)(e.strong,{children:\"Issues\"}),\" - Found a bug? \",(0,n.jsx)(e.a,{href:\"https://github.com/drewsephski/get2cracked/issues\",children:\"Report it here\"})]}),`\n`,(0,n.jsxs)(e.li,{children:[\"\\u{1F4A1} \",(0,n.jsx)(e.strong,{children:\"Discussions\"}),\" - Ask questions and share ideas with the community\"]}),`\n`,(0,n.jsxs)(e.li,{children:[\"\\u{1F4E7} \",(0,n.jsx)(e.strong,{children:\"Support\"}),\" - Need priority help? Contact the maintainers\"]}),`\n`]}),`\n`,(0,n.jsx)(e.hr,{}),`\n`,(0,n.jsxs)(e.p,{children:[(0,n.jsx)(e.strong,{children:\"Get Cracked Starter v0.3.1\"}),\" - Because your time is too valuable to waste on boilerplate code.\"]}),`\n`,(0,n.jsx)(r,{type:\"note\",children:(0,n.jsx)(e.p,{children:\"This documentation is actively maintained and updated. Check back regularly for new features, improvements, and best practices.\"})})]})}function h(i={}){let{wrapper:e}=i.components||{};return e?(0,n.jsx)(e,{...i,children:(0,n.jsx)(d,{...i})}):d(i)}function w(i,e){throw new Error(\"Expected \"+(e?\"component\":\"object\")+\" `\"+i+\"` to be defined: you likely forgot to import, pass, or provide it.\")}return S(N);})();\n;return Component;"
  },
  "_id": "docs/index.mdx",
  "_raw": {
    "sourceFilePath": "docs/index.mdx",
    "sourceFileName": "index.mdx",
    "sourceFileDir": "docs",
    "contentType": "mdx",
    "flattenedPath": "docs"
  },
  "type": "Doc",
  "slug": "/docs",
  "slugAsParams": "",
  "images": []
}