{
  "title": "Installation",
  "description": "How to install the project.",
  "published": true,
  "body": {
    "raw": "\n## Integrations &amp; Best Practices\n\nAll integrations mentioned in these documentation pages are already properly integrated using best practices within the project. These documentation pages are primarily for developers who want to dive deep into the code and understand the implementation details.\n\n<Steps>\n\n### Setup Project\n\nOnce you download the zip file for your Get Cracked Starter SaaS boilerplate, extract it and open the project in your preferred IDE (e.g., Cursor, Windsurf, VS Code).\n\n### Install Dependencies\n\nNavigate into the project directory and install the necessary dependencies:\n\n```bash\ncd get-cracked\npnpm install\n```\n\n### Create a `.env` file\n\nCopy/paste the `.env.example` in the `.env` file:\n\n```md title=\".env\"\nNEXT_PUBLIC_APP_URL=http://localhost:3000\n\nAUTH_SECRET=\nGOOGLE_CLIENT_ID=\nGOOGLE_CLIENT_SECRET=\nGITHUB_OAUTH_TOKEN=\n\nDATABASE_URL=\n\nRESEND_API_KEY=\nEMAIL_FROM=\n\nSTRIPE_API_KEY=\nSTRIPE_WEBHOOK_SECRET=\n\nNEXT_PUBLIC_STRIPE_PRO_MONTHLY_PLAN_ID=\nNEXT_PUBLIC_STRIPE_PRO_YEARLY_PLAN_ID=\nNEXT_PUBLIC_STRIPE_BUSINESS_MONTHLY_PLAN_ID=\nNEXT_PUBLIC_STRIPE_BUSINESS_YEARLY_PLAN_ID=\n```\n\n### Configuration part\n\nLet's check the configuration part for update all environment variables before use `pnpm run dev`.\n\n</Steps>\n",
    "code": "var Component=(()=>{var p=Object.create;var r=Object.defineProperty;var E=Object.getOwnPropertyDescriptor;var _=Object.getOwnPropertyNames;var g=Object.getPrototypeOf,I=Object.prototype.hasOwnProperty;var u=(a,e)=>()=>(e||a((e={exports:{}}).exports,e),e.exports),L=(a,e)=>{for(var i in e)r(a,i,{get:e[i],enumerable:!0})},c=(a,e,i,l)=>{if(e&&typeof e==\"object\"||typeof e==\"function\")for(let t of _(e))!I.call(a,t)&&t!==i&&r(a,t,{get:()=>e[t],enumerable:!(l=E(e,t))||l.enumerable});return a};var T=(a,e,i)=>(i=a!=null?p(g(a)):{},c(e||!a||!a.__esModule?r(i,\"default\",{value:a,enumerable:!0}):i,a)),N=a=>c(r({},\"__esModule\",{value:!0}),a);var o=u((f,d)=>{d.exports=_jsx_runtime});var y={};L(y,{default:()=>h,frontmatter:()=>P});var n=T(o()),P={title:\"Installation\",description:\"How to install the project.\"};function s(a){let e={a:\"a\",code:\"code\",figcaption:\"figcaption\",figure:\"figure\",h2:\"h2\",h3:\"h3\",p:\"p\",pre:\"pre\",span:\"span\",...a.components},{Steps:i}=e;return i||S(\"Steps\",!0),(0,n.jsxs)(n.Fragment,{children:[(0,n.jsxs)(e.h2,{id:\"integrations--best-practices\",children:[(0,n.jsx)(e.a,{className:\"subheading-anchor\",\"aria-label\":\"Link to section\",href:\"#integrations--best-practices\",children:(0,n.jsx)(e.span,{className:\"icon icon-link\"})}),\"Integrations & Best Practices\"]}),`\n`,(0,n.jsx)(e.p,{children:\"All integrations mentioned in these documentation pages are already properly integrated using best practices within the project. These documentation pages are primarily for developers who want to dive deep into the code and understand the implementation details.\"}),`\n`,(0,n.jsxs)(i,{children:[(0,n.jsxs)(e.h3,{id:\"setup-project\",children:[(0,n.jsx)(e.a,{className:\"subheading-anchor\",\"aria-label\":\"Link to section\",href:\"#setup-project\",children:(0,n.jsx)(e.span,{className:\"icon icon-link\"})}),\"Setup Project\"]}),(0,n.jsx)(e.p,{children:\"Once you download the zip file for your Get Cracked Starter SaaS boilerplate, extract it and open the project in your preferred IDE (e.g., Cursor, Windsurf, VS Code).\"}),(0,n.jsxs)(e.h3,{id:\"install-dependencies\",children:[(0,n.jsx)(e.a,{className:\"subheading-anchor\",\"aria-label\":\"Link to section\",href:\"#install-dependencies\",children:(0,n.jsx)(e.span,{className:\"icon icon-link\"})}),\"Install Dependencies\"]}),(0,n.jsx)(e.p,{children:\"Navigate into the project directory and install the necessary dependencies:\"}),(0,n.jsx)(e.figure,{\"data-rehype-pretty-code-figure\":\"\",children:(0,n.jsx)(e.pre,{style:{backgroundColor:\"#24292e\",color:\"#e1e4e8\"},tabIndex:\"0\",\"data-language\":\"bash\",\"data-theme\":\"github-dark\",__rawString__:`cd get-cracked\npnpm install\n`,children:(0,n.jsxs)(e.code,{\"data-language\":\"bash\",\"data-theme\":\"github-dark\",style:{display:\"grid\"},children:[(0,n.jsxs)(e.span,{\"data-line\":\"\",children:[(0,n.jsx)(e.span,{style:{color:\"#79B8FF\"},children:\"cd\"}),(0,n.jsx)(e.span,{style:{color:\"#9ECBFF\"},children:\" get-cracked\"})]}),`\n`,(0,n.jsxs)(e.span,{\"data-line\":\"\",children:[(0,n.jsx)(e.span,{style:{color:\"#B392F0\"},children:\"pnpm\"}),(0,n.jsx)(e.span,{style:{color:\"#9ECBFF\"},children:\" install\"})]})]})})}),(0,n.jsxs)(e.h3,{id:\"create-a-env-file\",children:[(0,n.jsx)(e.a,{className:\"subheading-anchor\",\"aria-label\":\"Link to section\",href:\"#create-a-env-file\",children:(0,n.jsx)(e.span,{className:\"icon icon-link\"})}),\"Create a \",(0,n.jsx)(e.code,{children:\".env\"}),\" file\"]}),(0,n.jsxs)(e.p,{children:[\"Copy/paste the \",(0,n.jsx)(e.code,{children:\".env.example\"}),\" in the \",(0,n.jsx)(e.code,{children:\".env\"}),\" file:\"]}),(0,n.jsxs)(e.figure,{\"data-rehype-pretty-code-figure\":\"\",children:[(0,n.jsx)(e.figcaption,{\"data-rehype-pretty-code-title\":\"\",\"data-language\":\"md\",\"data-theme\":\"github-dark\",children:\".env\"}),(0,n.jsx)(e.pre,{style:{backgroundColor:\"#24292e\",color:\"#e1e4e8\"},tabIndex:\"0\",\"data-language\":\"md\",\"data-theme\":\"github-dark\",__rawString__:`NEXT_PUBLIC_APP_URL=http://localhost:3000\n\nAUTH_SECRET=\nGOOGLE_CLIENT_ID=\nGOOGLE_CLIENT_SECRET=\nGITHUB_OAUTH_TOKEN=\n\nDATABASE_URL=\n\nRESEND_API_KEY=\nEMAIL_FROM=\n\nSTRIPE_API_KEY=\nSTRIPE_WEBHOOK_SECRET=\n\nNEXT_PUBLIC_STRIPE_PRO_MONTHLY_PLAN_ID=\nNEXT_PUBLIC_STRIPE_PRO_YEARLY_PLAN_ID=\nNEXT_PUBLIC_STRIPE_BUSINESS_MONTHLY_PLAN_ID=\nNEXT_PUBLIC_STRIPE_BUSINESS_YEARLY_PLAN_ID=\n`,children:(0,n.jsxs)(e.code,{\"data-language\":\"md\",\"data-theme\":\"github-dark\",style:{display:\"grid\"},children:[(0,n.jsx)(e.span,{\"data-line\":\"\",children:(0,n.jsx)(e.span,{style:{color:\"#E1E4E8\"},children:\"NEXT_PUBLIC_APP_URL=http://localhost:3000\"})}),`\n`,(0,n.jsx)(e.span,{\"data-line\":\"\",children:\" \"}),`\n`,(0,n.jsx)(e.span,{\"data-line\":\"\",children:(0,n.jsx)(e.span,{style:{color:\"#E1E4E8\"},children:\"AUTH_SECRET=\"})}),`\n`,(0,n.jsx)(e.span,{\"data-line\":\"\",children:(0,n.jsx)(e.span,{style:{color:\"#E1E4E8\"},children:\"GOOGLE_CLIENT_ID=\"})}),`\n`,(0,n.jsx)(e.span,{\"data-line\":\"\",children:(0,n.jsx)(e.span,{style:{color:\"#E1E4E8\"},children:\"GOOGLE_CLIENT_SECRET=\"})}),`\n`,(0,n.jsx)(e.span,{\"data-line\":\"\",children:(0,n.jsx)(e.span,{style:{color:\"#E1E4E8\"},children:\"GITHUB_OAUTH_TOKEN=\"})}),`\n`,(0,n.jsx)(e.span,{\"data-line\":\"\",children:\" \"}),`\n`,(0,n.jsx)(e.span,{\"data-line\":\"\",children:(0,n.jsx)(e.span,{style:{color:\"#E1E4E8\"},children:\"DATABASE_URL=\"})}),`\n`,(0,n.jsx)(e.span,{\"data-line\":\"\",children:\" \"}),`\n`,(0,n.jsx)(e.span,{\"data-line\":\"\",children:(0,n.jsx)(e.span,{style:{color:\"#E1E4E8\"},children:\"RESEND_API_KEY=\"})}),`\n`,(0,n.jsx)(e.span,{\"data-line\":\"\",children:(0,n.jsx)(e.span,{style:{color:\"#E1E4E8\"},children:\"EMAIL_FROM=\"})}),`\n`,(0,n.jsx)(e.span,{\"data-line\":\"\",children:\" \"}),`\n`,(0,n.jsx)(e.span,{\"data-line\":\"\",children:(0,n.jsx)(e.span,{style:{color:\"#E1E4E8\"},children:\"STRIPE_API_KEY=\"})}),`\n`,(0,n.jsx)(e.span,{\"data-line\":\"\",children:(0,n.jsx)(e.span,{style:{color:\"#E1E4E8\"},children:\"STRIPE_WEBHOOK_SECRET=\"})}),`\n`,(0,n.jsx)(e.span,{\"data-line\":\"\",children:\" \"}),`\n`,(0,n.jsx)(e.span,{\"data-line\":\"\",children:(0,n.jsx)(e.span,{style:{color:\"#E1E4E8\"},children:\"NEXT_PUBLIC_STRIPE_PRO_MONTHLY_PLAN_ID=\"})}),`\n`,(0,n.jsx)(e.span,{\"data-line\":\"\",children:(0,n.jsx)(e.span,{style:{color:\"#E1E4E8\"},children:\"NEXT_PUBLIC_STRIPE_PRO_YEARLY_PLAN_ID=\"})}),`\n`,(0,n.jsx)(e.span,{\"data-line\":\"\",children:(0,n.jsx)(e.span,{style:{color:\"#E1E4E8\"},children:\"NEXT_PUBLIC_STRIPE_BUSINESS_MONTHLY_PLAN_ID=\"})}),`\n`,(0,n.jsx)(e.span,{\"data-line\":\"\",children:(0,n.jsx)(e.span,{style:{color:\"#E1E4E8\"},children:\"NEXT_PUBLIC_STRIPE_BUSINESS_YEARLY_PLAN_ID=\"})})]})})]}),(0,n.jsxs)(e.h3,{id:\"configuration-part\",children:[(0,n.jsx)(e.a,{className:\"subheading-anchor\",\"aria-label\":\"Link to section\",href:\"#configuration-part\",children:(0,n.jsx)(e.span,{className:\"icon icon-link\"})}),\"Configuration part\"]}),(0,n.jsxs)(e.p,{children:[\"Let's check the configuration part for update all environment variables before use \",(0,n.jsx)(e.code,{children:\"pnpm run dev\"}),\".\"]})]})]})}function h(a={}){let{wrapper:e}=a.components||{};return e?(0,n.jsx)(e,{...a,children:(0,n.jsx)(s,{...a})}):s(a)}function S(a,e){throw new Error(\"Expected \"+(e?\"component\":\"object\")+\" `\"+a+\"` to be defined: you likely forgot to import, pass, or provide it.\")}return N(y);})();\n;return Component;"
  },
  "_id": "docs/installation.mdx",
  "_raw": {
    "sourceFilePath": "docs/installation.mdx",
    "sourceFileName": "installation.mdx",
    "sourceFileDir": "docs",
    "contentType": "mdx",
    "flattenedPath": "docs/installation"
  },
  "type": "Doc",
  "slug": "/docs/installation",
  "slugAsParams": "installation",
  "images": []
}