{
  "title": "Authentication with Clerk",
  "description": "How to configure Clerk authentication for your SaaS application.",
  "published": true,
  "body": {
    "raw": "\n## Integrations &amp; Best Practices\n\nAll integrations mentioned in these documentation pages are already properly integrated using best practices within the project. These documentation pages are primarily for developers who want to dive deep into the code and understand the implementation details.\n\n<Callout type=\"note\" twClass=\"mt-0\">\n  This guide provides step-by-step instructions for setting up Clerk authentication\n  in your Get Cracked Starter SaaS boilerplate. Clerk offers a comprehensive and easy-to-integrate\n  authentication solution.\n</Callout>\n\n## 1. Create a Clerk Account\n\nIf you don't already have one, sign up for a free Clerk account at [clerk.com](https://clerk.com/).\n\n## 2. Obtain Clerk API Keys\n\nAfter creating your account and setting up a new application in Clerk, you will need to obtain your API keys:\n\n*   **Publishable Key**: This key is used on the client-side and typically starts with `pk_test_...` or `pk_live_...`.\n*   **Secret Key**: This key is used on the server-side and typically starts with `sk_test_...` or `sk_live_...`.\n\nYou can find these keys in your Clerk Dashboard under the \"API Keys\" section of your application.\n\n## 3. Configure Environment Variables\n\nAdd the following environment variables to your `.env.local` file. Replace the placeholder values with your actual Clerk API keys.\n\n```js title=\".env.local\"\nNEXT_PUBLIC_CLERK_PUBLISHABLE_KEY=pk_test_YOUR_CLERK_PUBLISHABLE_KEY\nCLERK_SECRET_KEY=sk_test_YOUR_CLERK_SECRET_KEY\nNEXT_PUBLIC_CLERK_SIGN_IN_URL=/sign-in\nNEXT_PUBLIC_CLERK_SIGN_UP_URL=/sign-up\nNEXT_PUBLIC_CLERK_AFTER_SIGN_IN_URL=/dashboard\nNEXT_PUBLIC_CLERK_AFTER_SIGN_UP_URL=/dashboard\n```\n\n*   `NEXT_PUBLIC_CLERK_PUBLISHABLE_KEY`: Your Clerk Publishable Key.\n*   `CLERK_SECRET_KEY`: Your Clerk Secret Key.\n*   `NEXT_PUBLIC_CLERK_SIGN_IN_URL`: The URL for your sign-in page.\n*   `NEXT_PUBLIC_CLERK_SIGN_UP_URL`: The URL for your sign-up page.\n*   `NEXT_PUBLIC_CLERK_AFTER_SIGN_IN_URL`: The URL to redirect to after a successful sign-in.\n*   `NEXT_PUBLIC_CLERK_AFTER_SIGN_UP_URL`: The URL to redirect to after a successful sign-up.\n\n## 4. Integrate Clerk into Your Application\n\nThe Get Cracked Starter SaaS boilerplate is pre-configured to work seamlessly with Clerk. Ensure your main application file (e.g., `app/layout.tsx` or `pages/_app.tsx` for Next.js) is wrapped with the `<ClerkProvider>` component.\n\n```tsx title=\"app/layout.tsx\"\nimport { ClerkProvider } from '@clerk/nextjs';\n\nexport default function RootLayout({ children }: { children: React.ReactNode }) {\n  return (\n    <ClerkProvider>\n      <html lang=\"en\">\n        <body>{children}</body>\n      </html>\n    </ClerkProvider>\n  );\n}\n```\n\n### Protect Routes\n\nTo protect routes and ensure only authenticated users can access them, you can use Clerk's middleware. The boilerplate should already have a `middleware.ts` file configured.\n\n```typescript title=\"middleware.ts\"\nimport { authMiddleware } from \"@clerk/nextjs\";\n\nexport default authMiddleware({\n  publicRoutes: [\"/\", \"/sign-in\", \"/sign-up\", \"/api/webhook\"], // Define your public routes here\n});\n\nexport const config = {\n  matcher: [\"/((?!.+\\\\.[\\\\w]+$|_next).*)\", \"/\", \"/(api|trpc)(.*)\"],\n};\n```\n\nAdjust the `publicRoutes` array to include any pages that should be accessible without authentication.\n\n## 5. Next Steps\n\nWith Clerk configured, you can now utilize Clerk's various components and hooks throughout your application to manage user sessions, display user information, and more. Refer to the [Clerk documentation](https://clerk.com/docs) for advanced usage.\n",
    "code": "var Component=(()=>{var p=Object.create;var i=Object.defineProperty;var E=Object.getOwnPropertyDescriptor;var y=Object.getOwnPropertyNames;var u=Object.getPrototypeOf,_=Object.prototype.hasOwnProperty;var g=(l,e)=>()=>(e||l((e={exports:{}}).exports,e),e.exports),C=(l,e)=>{for(var r in e)i(l,r,{get:e[r],enumerable:!0})},o=(l,e,r,t)=>{if(e&&typeof e==\"object\"||typeof e==\"function\")for(let a of y(e))!_.call(l,a)&&a!==r&&i(l,a,{get:()=>e[a],enumerable:!(t=E(e,a))||t.enumerable});return l};var F=(l,e,r)=>(r=l!=null?p(u(l)):{},o(e||!l||!l.__esModule?i(r,\"default\",{value:l,enumerable:!0}):r,l)),k=l=>o(i({},\"__esModule\",{value:!0}),l);var s=g((R,c)=>{c.exports=_jsx_runtime});var L={};C(L,{default:()=>h,frontmatter:()=>f});var n=F(s()),f={title:\"Authentication with Clerk\",description:\"How to configure Clerk authentication for your SaaS application.\"};function d(l){let e={a:\"a\",code:\"code\",figcaption:\"figcaption\",figure:\"figure\",h2:\"h2\",h3:\"h3\",li:\"li\",p:\"p\",pre:\"pre\",span:\"span\",strong:\"strong\",ul:\"ul\",...l.components},{Callout:r}=e;return r||m(\"Callout\",!0),(0,n.jsxs)(n.Fragment,{children:[(0,n.jsxs)(e.h2,{id:\"integrations--best-practices\",children:[(0,n.jsx)(e.a,{className:\"subheading-anchor\",\"aria-label\":\"Link to section\",href:\"#integrations--best-practices\",children:(0,n.jsx)(e.span,{className:\"icon icon-link\"})}),\"Integrations & Best Practices\"]}),`\n`,(0,n.jsx)(e.p,{children:\"All integrations mentioned in these documentation pages are already properly integrated using best practices within the project. These documentation pages are primarily for developers who want to dive deep into the code and understand the implementation details.\"}),`\n`,(0,n.jsx)(r,{type:\"note\",twClass:\"mt-0\",children:(0,n.jsx)(e.p,{children:`This guide provides step-by-step instructions for setting up Clerk authentication\nin your Get Cracked Starter SaaS boilerplate. Clerk offers a comprehensive and easy-to-integrate\nauthentication solution.`})}),`\n`,(0,n.jsxs)(e.h2,{id:\"1-create-a-clerk-account\",children:[(0,n.jsx)(e.a,{className:\"subheading-anchor\",\"aria-label\":\"Link to section\",href:\"#1-create-a-clerk-account\",children:(0,n.jsx)(e.span,{className:\"icon icon-link\"})}),\"1. Create a Clerk Account\"]}),`\n`,(0,n.jsxs)(e.p,{children:[\"If you don't already have one, sign up for a free Clerk account at \",(0,n.jsx)(e.a,{href:\"https://clerk.com/\",children:\"clerk.com\"}),\".\"]}),`\n`,(0,n.jsxs)(e.h2,{id:\"2-obtain-clerk-api-keys\",children:[(0,n.jsx)(e.a,{className:\"subheading-anchor\",\"aria-label\":\"Link to section\",href:\"#2-obtain-clerk-api-keys\",children:(0,n.jsx)(e.span,{className:\"icon icon-link\"})}),\"2. Obtain Clerk API Keys\"]}),`\n`,(0,n.jsx)(e.p,{children:\"After creating your account and setting up a new application in Clerk, you will need to obtain your API keys:\"}),`\n`,(0,n.jsxs)(e.ul,{children:[`\n`,(0,n.jsxs)(e.li,{children:[(0,n.jsx)(e.strong,{children:\"Publishable Key\"}),\": This key is used on the client-side and typically starts with \",(0,n.jsx)(e.code,{children:\"pk_test_...\"}),\" or \",(0,n.jsx)(e.code,{children:\"pk_live_...\"}),\".\"]}),`\n`,(0,n.jsxs)(e.li,{children:[(0,n.jsx)(e.strong,{children:\"Secret Key\"}),\": This key is used on the server-side and typically starts with \",(0,n.jsx)(e.code,{children:\"sk_test_...\"}),\" or \",(0,n.jsx)(e.code,{children:\"sk_live_...\"}),\".\"]}),`\n`]}),`\n`,(0,n.jsx)(e.p,{children:'You can find these keys in your Clerk Dashboard under the \"API Keys\" section of your application.'}),`\n`,(0,n.jsxs)(e.h2,{id:\"3-configure-environment-variables\",children:[(0,n.jsx)(e.a,{className:\"subheading-anchor\",\"aria-label\":\"Link to section\",href:\"#3-configure-environment-variables\",children:(0,n.jsx)(e.span,{className:\"icon icon-link\"})}),\"3. Configure Environment Variables\"]}),`\n`,(0,n.jsxs)(e.p,{children:[\"Add the following environment variables to your \",(0,n.jsx)(e.code,{children:\".env.local\"}),\" file. Replace the placeholder values with your actual Clerk API keys.\"]}),`\n`,(0,n.jsxs)(e.figure,{\"data-rehype-pretty-code-figure\":\"\",children:[(0,n.jsx)(e.figcaption,{\"data-rehype-pretty-code-title\":\"\",\"data-language\":\"js\",\"data-theme\":\"github-dark\",children:\".env.local\"}),(0,n.jsx)(e.pre,{style:{backgroundColor:\"#24292e\",color:\"#e1e4e8\"},tabIndex:\"0\",\"data-language\":\"js\",\"data-theme\":\"github-dark\",__rawString__:`NEXT_PUBLIC_CLERK_PUBLISHABLE_KEY=pk_test_YOUR_CLERK_PUBLISHABLE_KEY\nCLERK_SECRET_KEY=sk_test_YOUR_CLERK_SECRET_KEY\nNEXT_PUBLIC_CLERK_SIGN_IN_URL=/sign-in\nNEXT_PUBLIC_CLERK_SIGN_UP_URL=/sign-up\nNEXT_PUBLIC_CLERK_AFTER_SIGN_IN_URL=/dashboard\nNEXT_PUBLIC_CLERK_AFTER_SIGN_UP_URL=/dashboard\n`,children:(0,n.jsxs)(e.code,{\"data-language\":\"js\",\"data-theme\":\"github-dark\",style:{display:\"grid\"},children:[(0,n.jsxs)(e.span,{\"data-line\":\"\",children:[(0,n.jsx)(e.span,{style:{color:\"#79B8FF\"},children:\"NEXT_PUBLIC_CLERK_PUBLISHABLE_KEY\"}),(0,n.jsx)(e.span,{style:{color:\"#F97583\"},children:\"=\"}),(0,n.jsx)(e.span,{style:{color:\"#E1E4E8\"},children:\"pk_test_YOUR_CLERK_PUBLISHABLE_KEY\"})]}),`\n`,(0,n.jsxs)(e.span,{\"data-line\":\"\",children:[(0,n.jsx)(e.span,{style:{color:\"#79B8FF\"},children:\"CLERK_SECRET_KEY\"}),(0,n.jsx)(e.span,{style:{color:\"#F97583\"},children:\"=\"}),(0,n.jsx)(e.span,{style:{color:\"#E1E4E8\"},children:\"sk_test_YOUR_CLERK_SECRET_KEY\"})]}),`\n`,(0,n.jsxs)(e.span,{\"data-line\":\"\",children:[(0,n.jsx)(e.span,{style:{color:\"#79B8FF\"},children:\"NEXT_PUBLIC_CLERK_SIGN_IN_URL\"}),(0,n.jsx)(e.span,{style:{color:\"#F97583\"},children:\"=/\"}),(0,n.jsx)(e.span,{style:{color:\"#E1E4E8\"},children:\"sign\"}),(0,n.jsx)(e.span,{style:{color:\"#F97583\"},children:\"-in\"})]}),`\n`,(0,n.jsxs)(e.span,{\"data-line\":\"\",children:[(0,n.jsx)(e.span,{style:{color:\"#79B8FF\"},children:\"NEXT_PUBLIC_CLERK_SIGN_UP_URL\"}),(0,n.jsx)(e.span,{style:{color:\"#F97583\"},children:\"=/\"}),(0,n.jsx)(e.span,{style:{color:\"#E1E4E8\"},children:\"sign\"}),(0,n.jsx)(e.span,{style:{color:\"#F97583\"},children:\"-\"}),(0,n.jsx)(e.span,{style:{color:\"#E1E4E8\"},children:\"up\"})]}),`\n`,(0,n.jsxs)(e.span,{\"data-line\":\"\",children:[(0,n.jsx)(e.span,{style:{color:\"#79B8FF\"},children:\"NEXT_PUBLIC_CLERK_AFTER_SIGN_IN_URL\"}),(0,n.jsx)(e.span,{style:{color:\"#F97583\"},children:\"=/\"}),(0,n.jsx)(e.span,{style:{color:\"#E1E4E8\"},children:\"dashboard\"})]}),`\n`,(0,n.jsxs)(e.span,{\"data-line\":\"\",children:[(0,n.jsx)(e.span,{style:{color:\"#79B8FF\"},children:\"NEXT_PUBLIC_CLERK_AFTER_SIGN_UP_URL\"}),(0,n.jsx)(e.span,{style:{color:\"#F97583\"},children:\"=/\"}),(0,n.jsx)(e.span,{style:{color:\"#E1E4E8\"},children:\"dashboard\"})]})]})})]}),`\n`,(0,n.jsxs)(e.ul,{children:[`\n`,(0,n.jsxs)(e.li,{children:[(0,n.jsx)(e.code,{children:\"NEXT_PUBLIC_CLERK_PUBLISHABLE_KEY\"}),\": Your Clerk Publishable Key.\"]}),`\n`,(0,n.jsxs)(e.li,{children:[(0,n.jsx)(e.code,{children:\"CLERK_SECRET_KEY\"}),\": Your Clerk Secret Key.\"]}),`\n`,(0,n.jsxs)(e.li,{children:[(0,n.jsx)(e.code,{children:\"NEXT_PUBLIC_CLERK_SIGN_IN_URL\"}),\": The URL for your sign-in page.\"]}),`\n`,(0,n.jsxs)(e.li,{children:[(0,n.jsx)(e.code,{children:\"NEXT_PUBLIC_CLERK_SIGN_UP_URL\"}),\": The URL for your sign-up page.\"]}),`\n`,(0,n.jsxs)(e.li,{children:[(0,n.jsx)(e.code,{children:\"NEXT_PUBLIC_CLERK_AFTER_SIGN_IN_URL\"}),\": The URL to redirect to after a successful sign-in.\"]}),`\n`,(0,n.jsxs)(e.li,{children:[(0,n.jsx)(e.code,{children:\"NEXT_PUBLIC_CLERK_AFTER_SIGN_UP_URL\"}),\": The URL to redirect to after a successful sign-up.\"]}),`\n`]}),`\n`,(0,n.jsxs)(e.h2,{id:\"4-integrate-clerk-into-your-application\",children:[(0,n.jsx)(e.a,{className:\"subheading-anchor\",\"aria-label\":\"Link to section\",href:\"#4-integrate-clerk-into-your-application\",children:(0,n.jsx)(e.span,{className:\"icon icon-link\"})}),\"4. Integrate Clerk into Your Application\"]}),`\n`,(0,n.jsxs)(e.p,{children:[\"The Get Cracked Starter SaaS boilerplate is pre-configured to work seamlessly with Clerk. Ensure your main application file (e.g., \",(0,n.jsx)(e.code,{children:\"app/layout.tsx\"}),\" or \",(0,n.jsx)(e.code,{children:\"pages/_app.tsx\"}),\" for Next.js) is wrapped with the \",(0,n.jsx)(e.code,{children:\"<ClerkProvider>\"}),\" component.\"]}),`\n`,(0,n.jsxs)(e.figure,{\"data-rehype-pretty-code-figure\":\"\",children:[(0,n.jsx)(e.figcaption,{\"data-rehype-pretty-code-title\":\"\",\"data-language\":\"tsx\",\"data-theme\":\"github-dark\",children:\"app/layout.tsx\"}),(0,n.jsx)(e.pre,{style:{backgroundColor:\"#24292e\",color:\"#e1e4e8\"},tabIndex:\"0\",\"data-language\":\"tsx\",\"data-theme\":\"github-dark\",__rawString__:`import { ClerkProvider } from '@clerk/nextjs';\n\nexport default function RootLayout({ children }: { children: React.ReactNode }) {\n  return (\n    <ClerkProvider>\n      <html lang=\"en\">\n        <body>{children}</body>\n      </html>\n    </ClerkProvider>\n  );\n}\n`,children:(0,n.jsxs)(e.code,{\"data-language\":\"tsx\",\"data-theme\":\"github-dark\",style:{display:\"grid\"},children:[(0,n.jsxs)(e.span,{\"data-line\":\"\",children:[(0,n.jsx)(e.span,{style:{color:\"#F97583\"},children:\"import\"}),(0,n.jsx)(e.span,{style:{color:\"#E1E4E8\"},children:\" { ClerkProvider } \"}),(0,n.jsx)(e.span,{style:{color:\"#F97583\"},children:\"from\"}),(0,n.jsx)(e.span,{style:{color:\"#9ECBFF\"},children:\" '@clerk/nextjs'\"}),(0,n.jsx)(e.span,{style:{color:\"#E1E4E8\"},children:\";\"})]}),`\n`,(0,n.jsx)(e.span,{\"data-line\":\"\",children:\" \"}),`\n`,(0,n.jsxs)(e.span,{\"data-line\":\"\",children:[(0,n.jsx)(e.span,{style:{color:\"#F97583\"},children:\"export\"}),(0,n.jsx)(e.span,{style:{color:\"#F97583\"},children:\" default\"}),(0,n.jsx)(e.span,{style:{color:\"#F97583\"},children:\" function\"}),(0,n.jsx)(e.span,{style:{color:\"#B392F0\"},children:\" RootLayout\"}),(0,n.jsx)(e.span,{style:{color:\"#E1E4E8\"},children:\"({ \"}),(0,n.jsx)(e.span,{style:{color:\"#FFAB70\"},children:\"children\"}),(0,n.jsx)(e.span,{style:{color:\"#E1E4E8\"},children:\" }\"}),(0,n.jsx)(e.span,{style:{color:\"#F97583\"},children:\":\"}),(0,n.jsx)(e.span,{style:{color:\"#E1E4E8\"},children:\" { \"}),(0,n.jsx)(e.span,{style:{color:\"#FFAB70\"},children:\"children\"}),(0,n.jsx)(e.span,{style:{color:\"#F97583\"},children:\":\"}),(0,n.jsx)(e.span,{style:{color:\"#B392F0\"},children:\" React\"}),(0,n.jsx)(e.span,{style:{color:\"#E1E4E8\"},children:\".\"}),(0,n.jsx)(e.span,{style:{color:\"#B392F0\"},children:\"ReactNode\"}),(0,n.jsx)(e.span,{style:{color:\"#E1E4E8\"},children:\" }) {\"})]}),`\n`,(0,n.jsxs)(e.span,{\"data-line\":\"\",children:[(0,n.jsx)(e.span,{style:{color:\"#F97583\"},children:\"  return\"}),(0,n.jsx)(e.span,{style:{color:\"#E1E4E8\"},children:\" (\"})]}),`\n`,(0,n.jsxs)(e.span,{\"data-line\":\"\",children:[(0,n.jsx)(e.span,{style:{color:\"#E1E4E8\"},children:\"    <\"}),(0,n.jsx)(e.span,{style:{color:\"#79B8FF\"},children:\"ClerkProvider\"}),(0,n.jsx)(e.span,{style:{color:\"#E1E4E8\"},children:\">\"})]}),`\n`,(0,n.jsxs)(e.span,{\"data-line\":\"\",children:[(0,n.jsx)(e.span,{style:{color:\"#E1E4E8\"},children:\"      <\"}),(0,n.jsx)(e.span,{style:{color:\"#85E89D\"},children:\"html\"}),(0,n.jsx)(e.span,{style:{color:\"#B392F0\"},children:\" lang\"}),(0,n.jsx)(e.span,{style:{color:\"#F97583\"},children:\"=\"}),(0,n.jsx)(e.span,{style:{color:\"#9ECBFF\"},children:'\"en\"'}),(0,n.jsx)(e.span,{style:{color:\"#E1E4E8\"},children:\">\"})]}),`\n`,(0,n.jsxs)(e.span,{\"data-line\":\"\",children:[(0,n.jsx)(e.span,{style:{color:\"#E1E4E8\"},children:\"        <\"}),(0,n.jsx)(e.span,{style:{color:\"#85E89D\"},children:\"body\"}),(0,n.jsx)(e.span,{style:{color:\"#E1E4E8\"},children:\">{children}</\"}),(0,n.jsx)(e.span,{style:{color:\"#85E89D\"},children:\"body\"}),(0,n.jsx)(e.span,{style:{color:\"#E1E4E8\"},children:\">\"})]}),`\n`,(0,n.jsxs)(e.span,{\"data-line\":\"\",children:[(0,n.jsx)(e.span,{style:{color:\"#E1E4E8\"},children:\"      </\"}),(0,n.jsx)(e.span,{style:{color:\"#85E89D\"},children:\"html\"}),(0,n.jsx)(e.span,{style:{color:\"#E1E4E8\"},children:\">\"})]}),`\n`,(0,n.jsxs)(e.span,{\"data-line\":\"\",children:[(0,n.jsx)(e.span,{style:{color:\"#E1E4E8\"},children:\"    </\"}),(0,n.jsx)(e.span,{style:{color:\"#79B8FF\"},children:\"ClerkProvider\"}),(0,n.jsx)(e.span,{style:{color:\"#E1E4E8\"},children:\">\"})]}),`\n`,(0,n.jsx)(e.span,{\"data-line\":\"\",children:(0,n.jsx)(e.span,{style:{color:\"#E1E4E8\"},children:\"  );\"})}),`\n`,(0,n.jsx)(e.span,{\"data-line\":\"\",children:(0,n.jsx)(e.span,{style:{color:\"#E1E4E8\"},children:\"}\"})})]})})]}),`\n`,(0,n.jsxs)(e.h3,{id:\"protect-routes\",children:[(0,n.jsx)(e.a,{className:\"subheading-anchor\",\"aria-label\":\"Link to section\",href:\"#protect-routes\",children:(0,n.jsx)(e.span,{className:\"icon icon-link\"})}),\"Protect Routes\"]}),`\n`,(0,n.jsxs)(e.p,{children:[\"To protect routes and ensure only authenticated users can access them, you can use Clerk's middleware. The boilerplate should already have a \",(0,n.jsx)(e.code,{children:\"middleware.ts\"}),\" file configured.\"]}),`\n`,(0,n.jsxs)(e.figure,{\"data-rehype-pretty-code-figure\":\"\",children:[(0,n.jsx)(e.figcaption,{\"data-rehype-pretty-code-title\":\"\",\"data-language\":\"typescript\",\"data-theme\":\"github-dark\",children:\"middleware.ts\"}),(0,n.jsx)(e.pre,{style:{backgroundColor:\"#24292e\",color:\"#e1e4e8\"},tabIndex:\"0\",\"data-language\":\"typescript\",\"data-theme\":\"github-dark\",__rawString__:`import { authMiddleware } from \"@clerk/nextjs\";\n\nexport default authMiddleware({\n  publicRoutes: [\"/\", \"/sign-in\", \"/sign-up\", \"/api/webhook\"], // Define your public routes here\n});\n\nexport const config = {\n  matcher: [\"/((?!.+\\\\\\\\.[\\\\\\\\w]+$|_next).*)\", \"/\", \"/(api|trpc)(.*)\"],\n};\n`,children:(0,n.jsxs)(e.code,{\"data-language\":\"typescript\",\"data-theme\":\"github-dark\",style:{display:\"grid\"},children:[(0,n.jsxs)(e.span,{\"data-line\":\"\",children:[(0,n.jsx)(e.span,{style:{color:\"#F97583\"},children:\"import\"}),(0,n.jsx)(e.span,{style:{color:\"#E1E4E8\"},children:\" { authMiddleware } \"}),(0,n.jsx)(e.span,{style:{color:\"#F97583\"},children:\"from\"}),(0,n.jsx)(e.span,{style:{color:\"#9ECBFF\"},children:' \"@clerk/nextjs\"'}),(0,n.jsx)(e.span,{style:{color:\"#E1E4E8\"},children:\";\"})]}),`\n`,(0,n.jsx)(e.span,{\"data-line\":\"\",children:\" \"}),`\n`,(0,n.jsxs)(e.span,{\"data-line\":\"\",children:[(0,n.jsx)(e.span,{style:{color:\"#F97583\"},children:\"export\"}),(0,n.jsx)(e.span,{style:{color:\"#F97583\"},children:\" default\"}),(0,n.jsx)(e.span,{style:{color:\"#B392F0\"},children:\" authMiddleware\"}),(0,n.jsx)(e.span,{style:{color:\"#E1E4E8\"},children:\"({\"})]}),`\n`,(0,n.jsxs)(e.span,{\"data-line\":\"\",children:[(0,n.jsx)(e.span,{style:{color:\"#E1E4E8\"},children:\"  publicRoutes: [\"}),(0,n.jsx)(e.span,{style:{color:\"#9ECBFF\"},children:'\"/\"'}),(0,n.jsx)(e.span,{style:{color:\"#E1E4E8\"},children:\", \"}),(0,n.jsx)(e.span,{style:{color:\"#9ECBFF\"},children:'\"/sign-in\"'}),(0,n.jsx)(e.span,{style:{color:\"#E1E4E8\"},children:\", \"}),(0,n.jsx)(e.span,{style:{color:\"#9ECBFF\"},children:'\"/sign-up\"'}),(0,n.jsx)(e.span,{style:{color:\"#E1E4E8\"},children:\", \"}),(0,n.jsx)(e.span,{style:{color:\"#9ECBFF\"},children:'\"/api/webhook\"'}),(0,n.jsx)(e.span,{style:{color:\"#E1E4E8\"},children:\"], \"}),(0,n.jsx)(e.span,{style:{color:\"#6A737D\"},children:\"// Define your public routes here\"})]}),`\n`,(0,n.jsx)(e.span,{\"data-line\":\"\",children:(0,n.jsx)(e.span,{style:{color:\"#E1E4E8\"},children:\"});\"})}),`\n`,(0,n.jsx)(e.span,{\"data-line\":\"\",children:\" \"}),`\n`,(0,n.jsxs)(e.span,{\"data-line\":\"\",children:[(0,n.jsx)(e.span,{style:{color:\"#F97583\"},children:\"export\"}),(0,n.jsx)(e.span,{style:{color:\"#F97583\"},children:\" const\"}),(0,n.jsx)(e.span,{style:{color:\"#79B8FF\"},children:\" config\"}),(0,n.jsx)(e.span,{style:{color:\"#F97583\"},children:\" =\"}),(0,n.jsx)(e.span,{style:{color:\"#E1E4E8\"},children:\" {\"})]}),`\n`,(0,n.jsxs)(e.span,{\"data-line\":\"\",children:[(0,n.jsx)(e.span,{style:{color:\"#E1E4E8\"},children:\"  matcher: [\"}),(0,n.jsx)(e.span,{style:{color:\"#9ECBFF\"},children:'\"/((?!.+'}),(0,n.jsx)(e.span,{style:{color:\"#79B8FF\"},children:\"\\\\\\\\\"}),(0,n.jsx)(e.span,{style:{color:\"#9ECBFF\"},children:\".[\"}),(0,n.jsx)(e.span,{style:{color:\"#79B8FF\"},children:\"\\\\\\\\\"}),(0,n.jsx)(e.span,{style:{color:\"#9ECBFF\"},children:'w]+$|_next).*)\"'}),(0,n.jsx)(e.span,{style:{color:\"#E1E4E8\"},children:\", \"}),(0,n.jsx)(e.span,{style:{color:\"#9ECBFF\"},children:'\"/\"'}),(0,n.jsx)(e.span,{style:{color:\"#E1E4E8\"},children:\", \"}),(0,n.jsx)(e.span,{style:{color:\"#9ECBFF\"},children:'\"/(api|trpc)(.*)\"'}),(0,n.jsx)(e.span,{style:{color:\"#E1E4E8\"},children:\"],\"})]}),`\n`,(0,n.jsx)(e.span,{\"data-line\":\"\",children:(0,n.jsx)(e.span,{style:{color:\"#E1E4E8\"},children:\"};\"})})]})})]}),`\n`,(0,n.jsxs)(e.p,{children:[\"Adjust the \",(0,n.jsx)(e.code,{children:\"publicRoutes\"}),\" array to include any pages that should be accessible without authentication.\"]}),`\n`,(0,n.jsxs)(e.h2,{id:\"5-next-steps\",children:[(0,n.jsx)(e.a,{className:\"subheading-anchor\",\"aria-label\":\"Link to section\",href:\"#5-next-steps\",children:(0,n.jsx)(e.span,{className:\"icon icon-link\"})}),\"5. Next Steps\"]}),`\n`,(0,n.jsxs)(e.p,{children:[\"With Clerk configured, you can now utilize Clerk's various components and hooks throughout your application to manage user sessions, display user information, and more. Refer to the \",(0,n.jsx)(e.a,{href:\"https://clerk.com/docs\",children:\"Clerk documentation\"}),\" for advanced usage.\"]})]})}function h(l={}){let{wrapper:e}=l.components||{};return e?(0,n.jsx)(e,{...l,children:(0,n.jsx)(d,{...l})}):d(l)}function m(l,e){throw new Error(\"Expected \"+(e?\"component\":\"object\")+\" `\"+l+\"` to be defined: you likely forgot to import, pass, or provide it.\")}return k(L);})();\n;return Component;"
  },
  "_id": "docs/configuration/authentification.mdx",
  "_raw": {
    "sourceFilePath": "docs/configuration/authentification.mdx",
    "sourceFileName": "authentification.mdx",
    "sourceFileDir": "docs/configuration",
    "contentType": "mdx",
    "flattenedPath": "docs/configuration/authentification"
  },
  "type": "Doc",
  "slug": "/docs/configuration/authentification",
  "slugAsParams": "configuration/authentification",
  "images": []
}