{
  "title": "Not Implemented",
  "description": "This page is in progress.",
  "published": true,
  "body": {
    "raw": "\n## Integrations &amp; Best Practices\n\nAll integrations mentioned in these documentation pages are already properly integrated using best practices within the project. These documentation pages are primarily for developers who want to dive deep into the code and understand the implementation details.\n\n<Callout>\n\nThis site is a work in progress. If you see dummy text on a page, it means I'm still working on it. You can follow updates on Twitter [@shadcn](https://twitter.com/shadcn).\n\n</Callout>\n",
    "code": "var Component=(()=>{var h=Object.create;var r=Object.defineProperty;var m=Object.getOwnPropertyDescriptor;var u=Object.getOwnPropertyNames;var g=Object.getPrototypeOf,f=Object.prototype.hasOwnProperty;var x=(t,e)=>()=>(e||t((e={exports:{}}).exports,e),e.exports),w=(t,e)=>{for(var i in e)r(t,i,{get:e[i],enumerable:!0})},a=(t,e,i,s)=>{if(e&&typeof e==\"object\"||typeof e==\"function\")for(let o of u(e))!f.call(t,o)&&o!==i&&r(t,o,{get:()=>e[o],enumerable:!(s=m(e,o))||s.enumerable});return t};var y=(t,e,i)=>(i=t!=null?h(g(t)):{},a(e||!t||!t.__esModule?r(i,\"default\",{value:t,enumerable:!0}):i,t)),_=t=>a(r({},\"__esModule\",{value:!0}),t);var d=x((I,c)=>{c.exports=_jsx_runtime});var k={};w(k,{default:()=>l,frontmatter:()=>b});var n=y(d()),b={title:\"Not Implemented\",description:\"This page is in progress.\"};function p(t){let e={a:\"a\",h2:\"h2\",p:\"p\",span:\"span\",...t.components},{Callout:i}=e;return i||j(\"Callout\",!0),(0,n.jsxs)(n.Fragment,{children:[(0,n.jsxs)(e.h2,{id:\"integrations--best-practices\",children:[(0,n.jsx)(e.a,{className:\"subheading-anchor\",\"aria-label\":\"Link to section\",href:\"#integrations--best-practices\",children:(0,n.jsx)(e.span,{className:\"icon icon-link\"})}),\"Integrations & Best Practices\"]}),`\n`,(0,n.jsx)(e.p,{children:\"All integrations mentioned in these documentation pages are already properly integrated using best practices within the project. These documentation pages are primarily for developers who want to dive deep into the code and understand the implementation details.\"}),`\n`,(0,n.jsx)(i,{children:(0,n.jsxs)(e.p,{children:[\"This site is a work in progress. If you see dummy text on a page, it means I'm still working on it. You can follow updates on Twitter \",(0,n.jsx)(e.a,{href:\"https://twitter.com/shadcn\",children:\"@shadcn\"}),\".\"]})})]})}function l(t={}){let{wrapper:e}=t.components||{};return e?(0,n.jsx)(e,{...t,children:(0,n.jsx)(p,{...t})}):p(t)}function j(t,e){throw new Error(\"Expected \"+(e?\"component\":\"object\")+\" `\"+t+\"` to be defined: you likely forgot to import, pass, or provide it.\")}return _(k);})();\n;return Component;"
  },
  "_id": "docs/in-progress.mdx",
  "_raw": {
    "sourceFilePath": "docs/in-progress.mdx",
    "sourceFileName": "in-progress.mdx",
    "sourceFileDir": "docs",
    "contentType": "mdx",
    "flattenedPath": "docs/in-progress"
  },
  "type": "Doc",
  "slug": "/docs/in-progress",
  "slugAsParams": "in-progress",
  "images": []
}