{
  "title": "Components",
  "description": "Use React components in Markdown using MDX.",
  "published": true,
  "body": {
    "raw": "\n## Integrations &amp; Best Practices\n\nAll integrations mentioned in these documentation pages are already properly integrated using best practices within the project. These documentation pages are primarily for developers who want to dive deep into the code and understand the implementation details.\n\nYour Get Cracked Starter SaaS boilerplate includes a set of pre-built React components designed for seamless integration into your Markdown content using MDX.\n\nThis section outlines how to utilize these components effectively. For instructions on extending your template with custom components, refer to the [Custom Components](#custom-components) section below.\n\n## Built-in Components\n\n### 1. Callout\n\n```jsx\n<Callout type=\"default | warning | danger | note | info | success\">\n  This is a default callout. You can embed **Markdown** inside a `callout`.\n</Callout>\n```\n\n<Callout>\n  This is a default callout. You can embed **Markdown** inside a `callout`.\n</Callout>\n\n<Callout type=\"warning\">\n  This is a warning callout. It uses the props `type=\"warning\"`.\n</Callout>\n\n<Callout type=\"danger\">\n  This is a danger callout. It uses the props `type=\"danger\"`.\n</Callout>\n\n<Callout type=\"note\">\n  This is a warning callout. It uses the props `type=\"note\"`.\n</Callout>\n\n<Callout type=\"info\">\n  This is a danger callout. It uses the props `type=\"info\"`.\n</Callout>\n\n<Callout type=\"success\">\n  This is a warning callout. It uses the props `type=\"success\"`.\n</Callout>\n\n### 2. Card\n\n```mdx\n<Card href=\"#\">\n\n#### Heading\n\nYou can use **markdown** inside cards.\n\n</Card>\n```\n\n<Card href=\"#\">\n\n#### Heading\n\nYou can use **markdown** inside cards.\n\n</Card>\n\nYou can also use HTML to embed cards in a grid.\n\n```mdx\n<div className=\"grid grid-cols-2 gap-4\">\n  <Card href=\"#\">\n    #### Card One \n    You can use **markdown** inside cards.\n  </Card>\n\n  <Card href=\"#\">\n    #### Card Two \n    You can also use `inline code` and code blocks.\n  </Card>\n</div>\n```\n\n<div className=\"grid grid-cols-2 gap-4\">\n  <Card href=\"#\">\n    #### Card One \n    You can use **markdown** inside cards.\n  </Card>\n\n  <Card href=\"#\">\n    #### Card Two \n    You can also use `inline code` and code blocks.\n  </Card>\n</div>\n\n---\n\n## Custom Components\n\nThe Get Cracked Starter SaaS boilerplate is designed for easy customization. You can effortlessly extend its functionality by integrating your own custom React components into the MDX environment.\n\n```tsx title=\"lib/mdx.tsx\" {2,6}\n// Import your custom components here\nimport { Callout } from \"@/components/shared/callout\";\nimport { MdxCard } from \"@/components/content/mdx-card\";\n\n// Define a map of your custom components\nconst components = {\n  Callout,\n  Card: MdxCard, // Example: mapping a custom Card component\n  // Add your custom components here\n};\n\ninterface MdxProps {\n  code: string;\n}\n\nexport function Mdx({ code }: MdxProps) {\n  const Component = useMDXComponent(code);\n\n  return (\n    <div className=\"mdx\">\n      <Component components={components} />\n    </div>\n  );\n}\n```\n\nTo integrate your custom component:\n1.  **Create your React component**: Develop your component as you normally would in a `.tsx` file (e.g., `components/custom-ui/MyCustomComponent.tsx`).\n2.  **Import into `lib/mdx.tsx`**: Add an import statement for your new component at the top of `lib/mdx.tsx`.\n3.  **Map your component**: Add your component to the `components` object in `lib/mdx.tsx`. The key will be the name you use in your MDX files, and the value will be the imported component.\n    Example: `MyCustomComponent: MyCustomComponent,`\n4.  **Use in MDX**: You can now use your custom component directly in any `.mdx` file.\n\nOnce you've added your custom component, you can use it in MDX as follows:\n\n```js\n<CustomComponent propName=\"value\" />\n```\n\n---\n\n## HTML Elements\n\nYou can overwrite HTML elements using the same technique above.\n\n```tsx {4}\n// Example of overwriting an HTML element\nconst components = {\n  ...baseComponents, // Include existing components\n  h1: ({ className, ...props }) => (\n    <h1 className={cn(\"mt-2 scroll-m-20 text-4xl font-bold tracking-tight\", className)} {...props} />\n  ),\n  p: ({ className, ...props }) => (\n    <p className={cn(\"leading-7 [&:not(:first-child)]:mt-6\", className)} {...props} />\n  ),\n  hr: ({ ...props }) => <hr className=\"my-4 border-slate-200 md:my-6\" {...props} />,\n};\n```\n\nThis example demonstrates how to overwrite the default rendering of `<h1>`, `<p>`, and `<hr />` tags within your MDX content. You can apply Tailwind CSS classes or any other styling directly within these overwrite definitions.\n\nThis will overwrite the `<hr />` tag or `---` in Mardown with the HTML output above.\n\n---\n\n## Styling\n\nYour Get Cracked Starter SaaS boilerplate leverages Tailwind CSS for a highly customizable styling experience. You can apply Tailwind CSS classes directly within your MDX content to style components and elements.\n\n```jsx\n<p className=\"text-red-600\">This text will be red.</p>\n```\n\nEnsure that your `tailwind.config.js` file is correctly configured to scan your MDX content for class names. This typically involves including `content/**/*.mdx` in the `content` array of your Tailwind configuration.\n",
    "code": "var Component=(()=>{var y=Object.create;var c=Object.defineProperty;var E=Object.getOwnPropertyDescriptor;var m=Object.getOwnPropertyNames;var u=Object.getPrototypeOf,g=Object.prototype.hasOwnProperty;var F=(l,n)=>()=>(n||l((n={exports:{}}).exports,n),n.exports),f=(l,n)=>{for(var o in n)c(l,o,{get:n[o],enumerable:!0})},s=(l,n,o,r)=>{if(n&&typeof n==\"object\"||typeof n==\"function\")for(let a of m(n))!g.call(l,a)&&a!==o&&c(l,a,{get:()=>n[a],enumerable:!(r=E(n,a))||r.enumerable});return l};var C=(l,n,o)=>(o=l!=null?y(u(l)):{},s(n||!l||!l.__esModule?c(o,\"default\",{value:l,enumerable:!0}):o,l)),b=l=>s(c({},\"__esModule\",{value:!0}),l);var t=F((k,i)=>{i.exports=_jsx_runtime});var B={};f(B,{default:()=>p,frontmatter:()=>x});var e=C(t()),x={title:\"Components\",description:\"Use React components in Markdown using MDX.\"};function d(l){let n={a:\"a\",code:\"code\",figcaption:\"figcaption\",figure:\"figure\",h2:\"h2\",h3:\"h3\",h4:\"h4\",hr:\"hr\",li:\"li\",ol:\"ol\",p:\"p\",pre:\"pre\",span:\"span\",strong:\"strong\",...l.components},{Callout:o,Card:r}=n;return o||h(\"Callout\",!0),r||h(\"Card\",!0),(0,e.jsxs)(e.Fragment,{children:[(0,e.jsxs)(n.h2,{id:\"integrations--best-practices\",children:[(0,e.jsx)(n.a,{className:\"subheading-anchor\",\"aria-label\":\"Link to section\",href:\"#integrations--best-practices\",children:(0,e.jsx)(n.span,{className:\"icon icon-link\"})}),\"Integrations & Best Practices\"]}),`\n`,(0,e.jsx)(n.p,{children:\"All integrations mentioned in these documentation pages are already properly integrated using best practices within the project. These documentation pages are primarily for developers who want to dive deep into the code and understand the implementation details.\"}),`\n`,(0,e.jsx)(n.p,{children:\"Your Get Cracked Starter SaaS boilerplate includes a set of pre-built React components designed for seamless integration into your Markdown content using MDX.\"}),`\n`,(0,e.jsxs)(n.p,{children:[\"This section outlines how to utilize these components effectively. For instructions on extending your template with custom components, refer to the \",(0,e.jsx)(n.a,{href:\"#custom-components\",children:\"Custom Components\"}),\" section below.\"]}),`\n`,(0,e.jsxs)(n.h2,{id:\"built-in-components\",children:[(0,e.jsx)(n.a,{className:\"subheading-anchor\",\"aria-label\":\"Link to section\",href:\"#built-in-components\",children:(0,e.jsx)(n.span,{className:\"icon icon-link\"})}),\"Built-in Components\"]}),`\n`,(0,e.jsxs)(n.h3,{id:\"1-callout\",children:[(0,e.jsx)(n.a,{className:\"subheading-anchor\",\"aria-label\":\"Link to section\",href:\"#1-callout\",children:(0,e.jsx)(n.span,{className:\"icon icon-link\"})}),\"1. Callout\"]}),`\n`,(0,e.jsx)(n.figure,{\"data-rehype-pretty-code-figure\":\"\",children:(0,e.jsx)(n.pre,{style:{backgroundColor:\"#24292e\",color:\"#e1e4e8\"},tabIndex:\"0\",\"data-language\":\"jsx\",\"data-theme\":\"github-dark\",__rawString__:`<Callout type=\"default | warning | danger | note | info | success\">\n  This is a default callout. You can embed **Markdown** inside a \\`callout\\`.\n</Callout>\n`,children:(0,e.jsxs)(n.code,{\"data-language\":\"jsx\",\"data-theme\":\"github-dark\",style:{display:\"grid\"},children:[(0,e.jsxs)(n.span,{\"data-line\":\"\",children:[(0,e.jsx)(n.span,{style:{color:\"#E1E4E8\"},children:\"<\"}),(0,e.jsx)(n.span,{style:{color:\"#79B8FF\"},children:\"Callout\"}),(0,e.jsx)(n.span,{style:{color:\"#B392F0\"},children:\" type\"}),(0,e.jsx)(n.span,{style:{color:\"#F97583\"},children:\"=\"}),(0,e.jsx)(n.span,{style:{color:\"#9ECBFF\"},children:'\"default | warning | danger | note | info | success\"'}),(0,e.jsx)(n.span,{style:{color:\"#E1E4E8\"},children:\">\"})]}),`\n`,(0,e.jsx)(n.span,{\"data-line\":\"\",children:(0,e.jsx)(n.span,{style:{color:\"#E1E4E8\"},children:\"  This is a default callout. You can embed **Markdown** inside a `callout`.\"})}),`\n`,(0,e.jsxs)(n.span,{\"data-line\":\"\",children:[(0,e.jsx)(n.span,{style:{color:\"#E1E4E8\"},children:\"</\"}),(0,e.jsx)(n.span,{style:{color:\"#79B8FF\"},children:\"Callout\"}),(0,e.jsx)(n.span,{style:{color:\"#E1E4E8\"},children:\">\"})]})]})})}),`\n`,(0,e.jsx)(o,{children:(0,e.jsxs)(n.p,{children:[\"This is a default callout. You can embed \",(0,e.jsx)(n.strong,{children:\"Markdown\"}),\" inside a \",(0,e.jsx)(n.code,{children:\"callout\"}),\".\"]})}),`\n`,(0,e.jsx)(o,{type:\"warning\",children:(0,e.jsxs)(n.p,{children:[\"This is a warning callout. It uses the props \",(0,e.jsx)(n.code,{children:'type=\"warning\"'}),\".\"]})}),`\n`,(0,e.jsx)(o,{type:\"danger\",children:(0,e.jsxs)(n.p,{children:[\"This is a danger callout. It uses the props \",(0,e.jsx)(n.code,{children:'type=\"danger\"'}),\".\"]})}),`\n`,(0,e.jsx)(o,{type:\"note\",children:(0,e.jsxs)(n.p,{children:[\"This is a warning callout. It uses the props \",(0,e.jsx)(n.code,{children:'type=\"note\"'}),\".\"]})}),`\n`,(0,e.jsx)(o,{type:\"info\",children:(0,e.jsxs)(n.p,{children:[\"This is a danger callout. It uses the props \",(0,e.jsx)(n.code,{children:'type=\"info\"'}),\".\"]})}),`\n`,(0,e.jsx)(o,{type:\"success\",children:(0,e.jsxs)(n.p,{children:[\"This is a warning callout. It uses the props \",(0,e.jsx)(n.code,{children:'type=\"success\"'}),\".\"]})}),`\n`,(0,e.jsxs)(n.h3,{id:\"2-card\",children:[(0,e.jsx)(n.a,{className:\"subheading-anchor\",\"aria-label\":\"Link to section\",href:\"#2-card\",children:(0,e.jsx)(n.span,{className:\"icon icon-link\"})}),\"2. Card\"]}),`\n`,(0,e.jsx)(n.figure,{\"data-rehype-pretty-code-figure\":\"\",children:(0,e.jsx)(n.pre,{style:{backgroundColor:\"#24292e\",color:\"#e1e4e8\"},tabIndex:\"0\",\"data-language\":\"mdx\",\"data-theme\":\"github-dark\",__rawString__:`<Card href=\"#\">\n\n#### Heading\n\nYou can use **markdown** inside cards.\n\n</Card>\n`,children:(0,e.jsxs)(n.code,{\"data-language\":\"mdx\",\"data-theme\":\"github-dark\",style:{display:\"grid\"},children:[(0,e.jsxs)(n.span,{\"data-line\":\"\",children:[(0,e.jsx)(n.span,{style:{color:\"#E1E4E8\"},children:\"<\"}),(0,e.jsx)(n.span,{style:{color:\"#79B8FF\"},children:\"Card\"}),(0,e.jsx)(n.span,{style:{color:\"#B392F0\"},children:\" href\"}),(0,e.jsx)(n.span,{style:{color:\"#F97583\"},children:\"=\"}),(0,e.jsx)(n.span,{style:{color:\"#9ECBFF\"},children:'\"#\"'}),(0,e.jsx)(n.span,{style:{color:\"#E1E4E8\"},children:\">\"})]}),`\n`,(0,e.jsx)(n.span,{\"data-line\":\"\",children:\" \"}),`\n`,(0,e.jsx)(n.span,{\"data-line\":\"\",children:(0,e.jsx)(n.span,{style:{color:\"#79B8FF\",fontWeight:\"bold\"},children:\"#### Heading\"})}),`\n`,(0,e.jsx)(n.span,{\"data-line\":\"\",children:\" \"}),`\n`,(0,e.jsxs)(n.span,{\"data-line\":\"\",children:[(0,e.jsx)(n.span,{style:{color:\"#E1E4E8\"},children:\"You can use \"}),(0,e.jsx)(n.span,{style:{color:\"#9ECBFF\"},children:\"**\"}),(0,e.jsx)(n.span,{style:{color:\"#E1E4E8\"},children:\"markdown\"}),(0,e.jsx)(n.span,{style:{color:\"#9ECBFF\"},children:\"**\"}),(0,e.jsx)(n.span,{style:{color:\"#E1E4E8\"},children:\" inside cards.\"})]}),`\n`,(0,e.jsx)(n.span,{\"data-line\":\"\",children:\" \"}),`\n`,(0,e.jsxs)(n.span,{\"data-line\":\"\",children:[(0,e.jsx)(n.span,{style:{color:\"#E1E4E8\"},children:\"</\"}),(0,e.jsx)(n.span,{style:{color:\"#79B8FF\"},children:\"Card\"}),(0,e.jsx)(n.span,{style:{color:\"#E1E4E8\"},children:\">\"})]})]})})}),`\n`,(0,e.jsxs)(r,{href:\"#\",children:[(0,e.jsxs)(n.h4,{id:\"heading\",children:[(0,e.jsx)(n.a,{className:\"subheading-anchor\",\"aria-label\":\"Link to section\",href:\"#heading\",children:(0,e.jsx)(n.span,{className:\"icon icon-link\"})}),\"Heading\"]}),(0,e.jsxs)(n.p,{children:[\"You can use \",(0,e.jsx)(n.strong,{children:\"markdown\"}),\" inside cards.\"]})]}),`\n`,(0,e.jsx)(n.p,{children:\"You can also use HTML to embed cards in a grid.\"}),`\n`,(0,e.jsx)(n.figure,{\"data-rehype-pretty-code-figure\":\"\",children:(0,e.jsx)(n.pre,{style:{backgroundColor:\"#24292e\",color:\"#e1e4e8\"},tabIndex:\"0\",\"data-language\":\"mdx\",\"data-theme\":\"github-dark\",__rawString__:`<div className=\"grid grid-cols-2 gap-4\">\n  <Card href=\"#\">\n    #### Card One \n    You can use **markdown** inside cards.\n  </Card>\n\n  <Card href=\"#\">\n    #### Card Two \n    You can also use \\`inline code\\` and code blocks.\n  </Card>\n</div>\n`,children:(0,e.jsxs)(n.code,{\"data-language\":\"mdx\",\"data-theme\":\"github-dark\",style:{display:\"grid\"},children:[(0,e.jsxs)(n.span,{\"data-line\":\"\",children:[(0,e.jsx)(n.span,{style:{color:\"#E1E4E8\"},children:\"<\"}),(0,e.jsx)(n.span,{style:{color:\"#85E89D\"},children:\"div\"}),(0,e.jsx)(n.span,{style:{color:\"#B392F0\"},children:\" className\"}),(0,e.jsx)(n.span,{style:{color:\"#F97583\"},children:\"=\"}),(0,e.jsx)(n.span,{style:{color:\"#9ECBFF\"},children:'\"grid grid-cols-2 gap-4\"'}),(0,e.jsx)(n.span,{style:{color:\"#E1E4E8\"},children:\">\"})]}),`\n`,(0,e.jsxs)(n.span,{\"data-line\":\"\",children:[(0,e.jsx)(n.span,{style:{color:\"#E1E4E8\"},children:\"  <\"}),(0,e.jsx)(n.span,{style:{color:\"#79B8FF\"},children:\"Card\"}),(0,e.jsx)(n.span,{style:{color:\"#B392F0\"},children:\" href\"}),(0,e.jsx)(n.span,{style:{color:\"#F97583\"},children:\"=\"}),(0,e.jsx)(n.span,{style:{color:\"#9ECBFF\"},children:'\"#\"'}),(0,e.jsx)(n.span,{style:{color:\"#E1E4E8\"},children:\">\"})]}),`\n`,(0,e.jsx)(n.span,{\"data-line\":\"\",children:(0,e.jsx)(n.span,{style:{color:\"#79B8FF\",fontWeight:\"bold\"},children:\"    #### Card One \"})}),`\n`,(0,e.jsxs)(n.span,{\"data-line\":\"\",children:[(0,e.jsx)(n.span,{style:{color:\"#E1E4E8\"},children:\"    You can use \"}),(0,e.jsx)(n.span,{style:{color:\"#9ECBFF\"},children:\"**\"}),(0,e.jsx)(n.span,{style:{color:\"#E1E4E8\"},children:\"markdown\"}),(0,e.jsx)(n.span,{style:{color:\"#9ECBFF\"},children:\"**\"}),(0,e.jsx)(n.span,{style:{color:\"#E1E4E8\"},children:\" inside cards.\"})]}),`\n`,(0,e.jsxs)(n.span,{\"data-line\":\"\",children:[(0,e.jsx)(n.span,{style:{color:\"#E1E4E8\"},children:\"  </\"}),(0,e.jsx)(n.span,{style:{color:\"#79B8FF\"},children:\"Card\"}),(0,e.jsx)(n.span,{style:{color:\"#E1E4E8\"},children:\">\"})]}),`\n`,(0,e.jsx)(n.span,{\"data-line\":\"\",children:\" \"}),`\n`,(0,e.jsxs)(n.span,{\"data-line\":\"\",children:[(0,e.jsx)(n.span,{style:{color:\"#E1E4E8\"},children:\"  <\"}),(0,e.jsx)(n.span,{style:{color:\"#79B8FF\"},children:\"Card\"}),(0,e.jsx)(n.span,{style:{color:\"#B392F0\"},children:\" href\"}),(0,e.jsx)(n.span,{style:{color:\"#F97583\"},children:\"=\"}),(0,e.jsx)(n.span,{style:{color:\"#9ECBFF\"},children:'\"#\"'}),(0,e.jsx)(n.span,{style:{color:\"#E1E4E8\"},children:\">\"})]}),`\n`,(0,e.jsx)(n.span,{\"data-line\":\"\",children:(0,e.jsx)(n.span,{style:{color:\"#79B8FF\",fontWeight:\"bold\"},children:\"    #### Card Two \"})}),`\n`,(0,e.jsxs)(n.span,{\"data-line\":\"\",children:[(0,e.jsx)(n.span,{style:{color:\"#E1E4E8\"},children:\"    You can also use \"}),(0,e.jsx)(n.span,{style:{color:\"#9ECBFF\"},children:\"`\"}),(0,e.jsx)(n.span,{style:{color:\"#79B8FF\"},children:\"inline code\"}),(0,e.jsx)(n.span,{style:{color:\"#9ECBFF\"},children:\"`\"}),(0,e.jsx)(n.span,{style:{color:\"#E1E4E8\"},children:\" and code blocks.\"})]}),`\n`,(0,e.jsxs)(n.span,{\"data-line\":\"\",children:[(0,e.jsx)(n.span,{style:{color:\"#E1E4E8\"},children:\"  </\"}),(0,e.jsx)(n.span,{style:{color:\"#79B8FF\"},children:\"Card\"}),(0,e.jsx)(n.span,{style:{color:\"#E1E4E8\"},children:\">\"})]}),`\n`,(0,e.jsxs)(n.span,{\"data-line\":\"\",children:[(0,e.jsx)(n.span,{style:{color:\"#E1E4E8\"},children:\"</\"}),(0,e.jsx)(n.span,{style:{color:\"#85E89D\"},children:\"div\"}),(0,e.jsx)(n.span,{style:{color:\"#E1E4E8\"},children:\">\"})]})]})})}),`\n`,(0,e.jsxs)(\"div\",{className:\"grid grid-cols-2 gap-4\",children:[(0,e.jsxs)(r,{href:\"#\",children:[(0,e.jsxs)(n.h4,{id:\"card-one\",children:[(0,e.jsx)(n.a,{className:\"subheading-anchor\",\"aria-label\":\"Link to section\",href:\"#card-one\",children:(0,e.jsx)(n.span,{className:\"icon icon-link\"})}),\"Card One\"]}),(0,e.jsxs)(n.p,{children:[\"You can use \",(0,e.jsx)(n.strong,{children:\"markdown\"}),\" inside cards.\"]})]}),(0,e.jsxs)(r,{href:\"#\",children:[(0,e.jsxs)(n.h4,{id:\"card-two\",children:[(0,e.jsx)(n.a,{className:\"subheading-anchor\",\"aria-label\":\"Link to section\",href:\"#card-two\",children:(0,e.jsx)(n.span,{className:\"icon icon-link\"})}),\"Card Two\"]}),(0,e.jsxs)(n.p,{children:[\"You can also use \",(0,e.jsx)(n.code,{children:\"inline code\"}),\" and code blocks.\"]})]})]}),`\n`,(0,e.jsx)(n.hr,{}),`\n`,(0,e.jsxs)(n.h2,{id:\"custom-components\",children:[(0,e.jsx)(n.a,{className:\"subheading-anchor\",\"aria-label\":\"Link to section\",href:\"#custom-components\",children:(0,e.jsx)(n.span,{className:\"icon icon-link\"})}),\"Custom Components\"]}),`\n`,(0,e.jsx)(n.p,{children:\"The Get Cracked Starter SaaS boilerplate is designed for easy customization. You can effortlessly extend its functionality by integrating your own custom React components into the MDX environment.\"}),`\n`,(0,e.jsxs)(n.figure,{\"data-rehype-pretty-code-figure\":\"\",children:[(0,e.jsx)(n.figcaption,{\"data-rehype-pretty-code-title\":\"\",\"data-language\":\"tsx\",\"data-theme\":\"github-dark\",children:\"lib/mdx.tsx\"}),(0,e.jsx)(n.pre,{style:{backgroundColor:\"#24292e\",color:\"#e1e4e8\"},tabIndex:\"0\",\"data-language\":\"tsx\",\"data-theme\":\"github-dark\",__rawString__:`// Import your custom components here\nimport { Callout } from \"@/components/shared/callout\";\nimport { MdxCard } from \"@/components/content/mdx-card\";\n\n// Define a map of your custom components\nconst components = {\n  Callout,\n  Card: MdxCard, // Example: mapping a custom Card component\n  // Add your custom components here\n};\n\ninterface MdxProps {\n  code: string;\n}\n\nexport function Mdx({ code }: MdxProps) {\n  const Component = useMDXComponent(code);\n\n  return (\n    <div className=\"mdx\">\n      <Component components={components} />\n    </div>\n  );\n}\n`,children:(0,e.jsxs)(n.code,{\"data-language\":\"tsx\",\"data-theme\":\"github-dark\",style:{display:\"grid\"},children:[(0,e.jsx)(n.span,{\"data-line\":\"\",children:(0,e.jsx)(n.span,{style:{color:\"#6A737D\"},children:\"// Import your custom components here\"})}),`\n`,(0,e.jsxs)(n.span,{className:\"line--highlighted\",\"data-line\":\"\",\"data-highlighted-line\":\"\",children:[(0,e.jsx)(n.span,{style:{color:\"#F97583\"},children:\"import\"}),(0,e.jsx)(n.span,{style:{color:\"#E1E4E8\"},children:\" { Callout } \"}),(0,e.jsx)(n.span,{style:{color:\"#F97583\"},children:\"from\"}),(0,e.jsx)(n.span,{style:{color:\"#9ECBFF\"},children:' \"@/components/shared/callout\"'}),(0,e.jsx)(n.span,{style:{color:\"#E1E4E8\"},children:\";\"})]}),`\n`,(0,e.jsxs)(n.span,{\"data-line\":\"\",children:[(0,e.jsx)(n.span,{style:{color:\"#F97583\"},children:\"import\"}),(0,e.jsx)(n.span,{style:{color:\"#E1E4E8\"},children:\" { MdxCard } \"}),(0,e.jsx)(n.span,{style:{color:\"#F97583\"},children:\"from\"}),(0,e.jsx)(n.span,{style:{color:\"#9ECBFF\"},children:' \"@/components/content/mdx-card\"'}),(0,e.jsx)(n.span,{style:{color:\"#E1E4E8\"},children:\";\"})]}),`\n`,(0,e.jsx)(n.span,{\"data-line\":\"\",children:\" \"}),`\n`,(0,e.jsx)(n.span,{\"data-line\":\"\",children:(0,e.jsx)(n.span,{style:{color:\"#6A737D\"},children:\"// Define a map of your custom components\"})}),`\n`,(0,e.jsxs)(n.span,{className:\"line--highlighted\",\"data-line\":\"\",\"data-highlighted-line\":\"\",children:[(0,e.jsx)(n.span,{style:{color:\"#F97583\"},children:\"const\"}),(0,e.jsx)(n.span,{style:{color:\"#79B8FF\"},children:\" components\"}),(0,e.jsx)(n.span,{style:{color:\"#F97583\"},children:\" =\"}),(0,e.jsx)(n.span,{style:{color:\"#E1E4E8\"},children:\" {\"})]}),`\n`,(0,e.jsx)(n.span,{\"data-line\":\"\",children:(0,e.jsx)(n.span,{style:{color:\"#E1E4E8\"},children:\"  Callout,\"})}),`\n`,(0,e.jsxs)(n.span,{\"data-line\":\"\",children:[(0,e.jsx)(n.span,{style:{color:\"#E1E4E8\"},children:\"  Card: MdxCard, \"}),(0,e.jsx)(n.span,{style:{color:\"#6A737D\"},children:\"// Example: mapping a custom Card component\"})]}),`\n`,(0,e.jsx)(n.span,{\"data-line\":\"\",children:(0,e.jsx)(n.span,{style:{color:\"#6A737D\"},children:\"  // Add your custom components here\"})}),`\n`,(0,e.jsx)(n.span,{\"data-line\":\"\",children:(0,e.jsx)(n.span,{style:{color:\"#E1E4E8\"},children:\"};\"})}),`\n`,(0,e.jsx)(n.span,{\"data-line\":\"\",children:\" \"}),`\n`,(0,e.jsxs)(n.span,{\"data-line\":\"\",children:[(0,e.jsx)(n.span,{style:{color:\"#F97583\"},children:\"interface\"}),(0,e.jsx)(n.span,{style:{color:\"#B392F0\"},children:\" MdxProps\"}),(0,e.jsx)(n.span,{style:{color:\"#E1E4E8\"},children:\" {\"})]}),`\n`,(0,e.jsxs)(n.span,{\"data-line\":\"\",children:[(0,e.jsx)(n.span,{style:{color:\"#FFAB70\"},children:\"  code\"}),(0,e.jsx)(n.span,{style:{color:\"#F97583\"},children:\":\"}),(0,e.jsx)(n.span,{style:{color:\"#79B8FF\"},children:\" string\"}),(0,e.jsx)(n.span,{style:{color:\"#E1E4E8\"},children:\";\"})]}),`\n`,(0,e.jsx)(n.span,{\"data-line\":\"\",children:(0,e.jsx)(n.span,{style:{color:\"#E1E4E8\"},children:\"}\"})}),`\n`,(0,e.jsx)(n.span,{\"data-line\":\"\",children:\" \"}),`\n`,(0,e.jsxs)(n.span,{\"data-line\":\"\",children:[(0,e.jsx)(n.span,{style:{color:\"#F97583\"},children:\"export\"}),(0,e.jsx)(n.span,{style:{color:\"#F97583\"},children:\" function\"}),(0,e.jsx)(n.span,{style:{color:\"#B392F0\"},children:\" Mdx\"}),(0,e.jsx)(n.span,{style:{color:\"#E1E4E8\"},children:\"({ \"}),(0,e.jsx)(n.span,{style:{color:\"#FFAB70\"},children:\"code\"}),(0,e.jsx)(n.span,{style:{color:\"#E1E4E8\"},children:\" }\"}),(0,e.jsx)(n.span,{style:{color:\"#F97583\"},children:\":\"}),(0,e.jsx)(n.span,{style:{color:\"#B392F0\"},children:\" MdxProps\"}),(0,e.jsx)(n.span,{style:{color:\"#E1E4E8\"},children:\") {\"})]}),`\n`,(0,e.jsxs)(n.span,{\"data-line\":\"\",children:[(0,e.jsx)(n.span,{style:{color:\"#F97583\"},children:\"  const\"}),(0,e.jsx)(n.span,{style:{color:\"#79B8FF\"},children:\" Component\"}),(0,e.jsx)(n.span,{style:{color:\"#F97583\"},children:\" =\"}),(0,e.jsx)(n.span,{style:{color:\"#B392F0\"},children:\" useMDXComponent\"}),(0,e.jsx)(n.span,{style:{color:\"#E1E4E8\"},children:\"(code);\"})]}),`\n`,(0,e.jsx)(n.span,{\"data-line\":\"\",children:\" \"}),`\n`,(0,e.jsxs)(n.span,{\"data-line\":\"\",children:[(0,e.jsx)(n.span,{style:{color:\"#F97583\"},children:\"  return\"}),(0,e.jsx)(n.span,{style:{color:\"#E1E4E8\"},children:\" (\"})]}),`\n`,(0,e.jsxs)(n.span,{\"data-line\":\"\",children:[(0,e.jsx)(n.span,{style:{color:\"#E1E4E8\"},children:\"    <\"}),(0,e.jsx)(n.span,{style:{color:\"#85E89D\"},children:\"div\"}),(0,e.jsx)(n.span,{style:{color:\"#B392F0\"},children:\" className\"}),(0,e.jsx)(n.span,{style:{color:\"#F97583\"},children:\"=\"}),(0,e.jsx)(n.span,{style:{color:\"#9ECBFF\"},children:'\"mdx\"'}),(0,e.jsx)(n.span,{style:{color:\"#E1E4E8\"},children:\">\"})]}),`\n`,(0,e.jsxs)(n.span,{\"data-line\":\"\",children:[(0,e.jsx)(n.span,{style:{color:\"#E1E4E8\"},children:\"      <\"}),(0,e.jsx)(n.span,{style:{color:\"#79B8FF\"},children:\"Component\"}),(0,e.jsx)(n.span,{style:{color:\"#B392F0\"},children:\" components\"}),(0,e.jsx)(n.span,{style:{color:\"#F97583\"},children:\"=\"}),(0,e.jsx)(n.span,{style:{color:\"#E1E4E8\"},children:\"{components} />\"})]}),`\n`,(0,e.jsxs)(n.span,{\"data-line\":\"\",children:[(0,e.jsx)(n.span,{style:{color:\"#E1E4E8\"},children:\"    </\"}),(0,e.jsx)(n.span,{style:{color:\"#85E89D\"},children:\"div\"}),(0,e.jsx)(n.span,{style:{color:\"#E1E4E8\"},children:\">\"})]}),`\n`,(0,e.jsx)(n.span,{\"data-line\":\"\",children:(0,e.jsx)(n.span,{style:{color:\"#E1E4E8\"},children:\"  );\"})}),`\n`,(0,e.jsx)(n.span,{\"data-line\":\"\",children:(0,e.jsx)(n.span,{style:{color:\"#E1E4E8\"},children:\"}\"})})]})})]}),`\n`,(0,e.jsx)(n.p,{children:\"To integrate your custom component:\"}),`\n`,(0,e.jsxs)(n.ol,{children:[`\n`,(0,e.jsxs)(n.li,{children:[(0,e.jsx)(n.strong,{children:\"Create your React component\"}),\": Develop your component as you normally would in a \",(0,e.jsx)(n.code,{children:\".tsx\"}),\" file (e.g., \",(0,e.jsx)(n.code,{children:\"components/custom-ui/MyCustomComponent.tsx\"}),\").\"]}),`\n`,(0,e.jsxs)(n.li,{children:[(0,e.jsxs)(n.strong,{children:[\"Import into \",(0,e.jsx)(n.code,{children:\"lib/mdx.tsx\"})]}),\": Add an import statement for your new component at the top of \",(0,e.jsx)(n.code,{children:\"lib/mdx.tsx\"}),\".\"]}),`\n`,(0,e.jsxs)(n.li,{children:[(0,e.jsx)(n.strong,{children:\"Map your component\"}),\": Add your component to the \",(0,e.jsx)(n.code,{children:\"components\"}),\" object in \",(0,e.jsx)(n.code,{children:\"lib/mdx.tsx\"}),`. The key will be the name you use in your MDX files, and the value will be the imported component.\nExample: `,(0,e.jsx)(n.code,{children:\"MyCustomComponent: MyCustomComponent,\"})]}),`\n`,(0,e.jsxs)(n.li,{children:[(0,e.jsx)(n.strong,{children:\"Use in MDX\"}),\": You can now use your custom component directly in any \",(0,e.jsx)(n.code,{children:\".mdx\"}),\" file.\"]}),`\n`]}),`\n`,(0,e.jsx)(n.p,{children:\"Once you've added your custom component, you can use it in MDX as follows:\"}),`\n`,(0,e.jsx)(n.figure,{\"data-rehype-pretty-code-figure\":\"\",children:(0,e.jsx)(n.pre,{style:{backgroundColor:\"#24292e\",color:\"#e1e4e8\"},tabIndex:\"0\",\"data-language\":\"js\",\"data-theme\":\"github-dark\",__rawString__:`<CustomComponent propName=\"value\" />\n`,children:(0,e.jsx)(n.code,{\"data-language\":\"js\",\"data-theme\":\"github-dark\",style:{display:\"grid\"},children:(0,e.jsxs)(n.span,{\"data-line\":\"\",children:[(0,e.jsx)(n.span,{style:{color:\"#E1E4E8\"},children:\"<\"}),(0,e.jsx)(n.span,{style:{color:\"#79B8FF\"},children:\"CustomComponent\"}),(0,e.jsx)(n.span,{style:{color:\"#B392F0\"},children:\" propName\"}),(0,e.jsx)(n.span,{style:{color:\"#F97583\"},children:\"=\"}),(0,e.jsx)(n.span,{style:{color:\"#9ECBFF\"},children:'\"value\"'}),(0,e.jsx)(n.span,{style:{color:\"#E1E4E8\"},children:\" />\"})]})})})}),`\n`,(0,e.jsx)(n.hr,{}),`\n`,(0,e.jsxs)(n.h2,{id:\"html-elements\",children:[(0,e.jsx)(n.a,{className:\"subheading-anchor\",\"aria-label\":\"Link to section\",href:\"#html-elements\",children:(0,e.jsx)(n.span,{className:\"icon icon-link\"})}),\"HTML Elements\"]}),`\n`,(0,e.jsx)(n.p,{children:\"You can overwrite HTML elements using the same technique above.\"}),`\n`,(0,e.jsx)(n.figure,{\"data-rehype-pretty-code-figure\":\"\",children:(0,e.jsx)(n.pre,{style:{backgroundColor:\"#24292e\",color:\"#e1e4e8\"},tabIndex:\"0\",\"data-language\":\"tsx\",\"data-theme\":\"github-dark\",__rawString__:`// Example of overwriting an HTML element\nconst components = {\n  ...baseComponents, // Include existing components\n  h1: ({ className, ...props }) => (\n    <h1 className={cn(\"mt-2 scroll-m-20 text-4xl font-bold tracking-tight\", className)} {...props} />\n  ),\n  p: ({ className, ...props }) => (\n    <p className={cn(\"leading-7 [&:not(:first-child)]:mt-6\", className)} {...props} />\n  ),\n  hr: ({ ...props }) => <hr className=\"my-4 border-slate-200 md:my-6\" {...props} />,\n};\n`,children:(0,e.jsxs)(n.code,{\"data-language\":\"tsx\",\"data-theme\":\"github-dark\",style:{display:\"grid\"},children:[(0,e.jsx)(n.span,{\"data-line\":\"\",children:(0,e.jsx)(n.span,{style:{color:\"#6A737D\"},children:\"// Example of overwriting an HTML element\"})}),`\n`,(0,e.jsxs)(n.span,{\"data-line\":\"\",children:[(0,e.jsx)(n.span,{style:{color:\"#F97583\"},children:\"const\"}),(0,e.jsx)(n.span,{style:{color:\"#79B8FF\"},children:\" components\"}),(0,e.jsx)(n.span,{style:{color:\"#F97583\"},children:\" =\"}),(0,e.jsx)(n.span,{style:{color:\"#E1E4E8\"},children:\" {\"})]}),`\n`,(0,e.jsxs)(n.span,{\"data-line\":\"\",children:[(0,e.jsx)(n.span,{style:{color:\"#F97583\"},children:\"  ...\"}),(0,e.jsx)(n.span,{style:{color:\"#E1E4E8\"},children:\"baseComponents, \"}),(0,e.jsx)(n.span,{style:{color:\"#6A737D\"},children:\"// Include existing components\"})]}),`\n`,(0,e.jsxs)(n.span,{className:\"line--highlighted\",\"data-line\":\"\",\"data-highlighted-line\":\"\",children:[(0,e.jsx)(n.span,{style:{color:\"#B392F0\"},children:\"  h1\"}),(0,e.jsx)(n.span,{style:{color:\"#E1E4E8\"},children:\": ({ \"}),(0,e.jsx)(n.span,{style:{color:\"#FFAB70\"},children:\"className\"}),(0,e.jsx)(n.span,{style:{color:\"#E1E4E8\"},children:\", \"}),(0,e.jsx)(n.span,{style:{color:\"#F97583\"},children:\"...\"}),(0,e.jsx)(n.span,{style:{color:\"#FFAB70\"},children:\"props\"}),(0,e.jsx)(n.span,{style:{color:\"#E1E4E8\"},children:\" }) \"}),(0,e.jsx)(n.span,{style:{color:\"#F97583\"},children:\"=>\"}),(0,e.jsx)(n.span,{style:{color:\"#E1E4E8\"},children:\" (\"})]}),`\n`,(0,e.jsxs)(n.span,{\"data-line\":\"\",children:[(0,e.jsx)(n.span,{style:{color:\"#E1E4E8\"},children:\"    <\"}),(0,e.jsx)(n.span,{style:{color:\"#85E89D\"},children:\"h1\"}),(0,e.jsx)(n.span,{style:{color:\"#B392F0\"},children:\" className\"}),(0,e.jsx)(n.span,{style:{color:\"#F97583\"},children:\"=\"}),(0,e.jsx)(n.span,{style:{color:\"#E1E4E8\"},children:\"{\"}),(0,e.jsx)(n.span,{style:{color:\"#B392F0\"},children:\"cn\"}),(0,e.jsx)(n.span,{style:{color:\"#E1E4E8\"},children:\"(\"}),(0,e.jsx)(n.span,{style:{color:\"#9ECBFF\"},children:'\"mt-2 scroll-m-20 text-4xl font-bold tracking-tight\"'}),(0,e.jsx)(n.span,{style:{color:\"#E1E4E8\"},children:\", className)} {\"}),(0,e.jsx)(n.span,{style:{color:\"#F97583\"},children:\"...\"}),(0,e.jsx)(n.span,{style:{color:\"#E1E4E8\"},children:\"props} />\"})]}),`\n`,(0,e.jsx)(n.span,{\"data-line\":\"\",children:(0,e.jsx)(n.span,{style:{color:\"#E1E4E8\"},children:\"  ),\"})}),`\n`,(0,e.jsxs)(n.span,{\"data-line\":\"\",children:[(0,e.jsx)(n.span,{style:{color:\"#B392F0\"},children:\"  p\"}),(0,e.jsx)(n.span,{style:{color:\"#E1E4E8\"},children:\": ({ \"}),(0,e.jsx)(n.span,{style:{color:\"#FFAB70\"},children:\"className\"}),(0,e.jsx)(n.span,{style:{color:\"#E1E4E8\"},children:\", \"}),(0,e.jsx)(n.span,{style:{color:\"#F97583\"},children:\"...\"}),(0,e.jsx)(n.span,{style:{color:\"#FFAB70\"},children:\"props\"}),(0,e.jsx)(n.span,{style:{color:\"#E1E4E8\"},children:\" }) \"}),(0,e.jsx)(n.span,{style:{color:\"#F97583\"},children:\"=>\"}),(0,e.jsx)(n.span,{style:{color:\"#E1E4E8\"},children:\" (\"})]}),`\n`,(0,e.jsxs)(n.span,{\"data-line\":\"\",children:[(0,e.jsx)(n.span,{style:{color:\"#E1E4E8\"},children:\"    <\"}),(0,e.jsx)(n.span,{style:{color:\"#85E89D\"},children:\"p\"}),(0,e.jsx)(n.span,{style:{color:\"#B392F0\"},children:\" className\"}),(0,e.jsx)(n.span,{style:{color:\"#F97583\"},children:\"=\"}),(0,e.jsx)(n.span,{style:{color:\"#E1E4E8\"},children:\"{\"}),(0,e.jsx)(n.span,{style:{color:\"#B392F0\"},children:\"cn\"}),(0,e.jsx)(n.span,{style:{color:\"#E1E4E8\"},children:\"(\"}),(0,e.jsx)(n.span,{style:{color:\"#9ECBFF\"},children:'\"leading-7 [&:not(:first-child)]:mt-6\"'}),(0,e.jsx)(n.span,{style:{color:\"#E1E4E8\"},children:\", className)} {\"}),(0,e.jsx)(n.span,{style:{color:\"#F97583\"},children:\"...\"}),(0,e.jsx)(n.span,{style:{color:\"#E1E4E8\"},children:\"props} />\"})]}),`\n`,(0,e.jsx)(n.span,{\"data-line\":\"\",children:(0,e.jsx)(n.span,{style:{color:\"#E1E4E8\"},children:\"  ),\"})}),`\n`,(0,e.jsxs)(n.span,{\"data-line\":\"\",children:[(0,e.jsx)(n.span,{style:{color:\"#B392F0\"},children:\"  hr\"}),(0,e.jsx)(n.span,{style:{color:\"#E1E4E8\"},children:\": ({ \"}),(0,e.jsx)(n.span,{style:{color:\"#F97583\"},children:\"...\"}),(0,e.jsx)(n.span,{style:{color:\"#FFAB70\"},children:\"props\"}),(0,e.jsx)(n.span,{style:{color:\"#E1E4E8\"},children:\" }) \"}),(0,e.jsx)(n.span,{style:{color:\"#F97583\"},children:\"=>\"}),(0,e.jsx)(n.span,{style:{color:\"#E1E4E8\"},children:\" <\"}),(0,e.jsx)(n.span,{style:{color:\"#85E89D\"},children:\"hr\"}),(0,e.jsx)(n.span,{style:{color:\"#B392F0\"},children:\" className\"}),(0,e.jsx)(n.span,{style:{color:\"#F97583\"},children:\"=\"}),(0,e.jsx)(n.span,{style:{color:\"#9ECBFF\"},children:'\"my-4 border-slate-200 md:my-6\"'}),(0,e.jsx)(n.span,{style:{color:\"#E1E4E8\"},children:\" {\"}),(0,e.jsx)(n.span,{style:{color:\"#F97583\"},children:\"...\"}),(0,e.jsx)(n.span,{style:{color:\"#E1E4E8\"},children:\"props} />,\"})]}),`\n`,(0,e.jsx)(n.span,{\"data-line\":\"\",children:(0,e.jsx)(n.span,{style:{color:\"#E1E4E8\"},children:\"};\"})})]})})}),`\n`,(0,e.jsxs)(n.p,{children:[\"This example demonstrates how to overwrite the default rendering of \",(0,e.jsx)(n.code,{children:\"<h1>\"}),\", \",(0,e.jsx)(n.code,{children:\"<p>\"}),\", and \",(0,e.jsx)(n.code,{children:\"<hr />\"}),\" tags within your MDX content. You can apply Tailwind CSS classes or any other styling directly within these overwrite definitions.\"]}),`\n`,(0,e.jsxs)(n.p,{children:[\"This will overwrite the \",(0,e.jsx)(n.code,{children:\"<hr />\"}),\" tag or \",(0,e.jsx)(n.code,{children:\"---\"}),\" in Mardown with the HTML output above.\"]}),`\n`,(0,e.jsx)(n.hr,{}),`\n`,(0,e.jsxs)(n.h2,{id:\"styling\",children:[(0,e.jsx)(n.a,{className:\"subheading-anchor\",\"aria-label\":\"Link to section\",href:\"#styling\",children:(0,e.jsx)(n.span,{className:\"icon icon-link\"})}),\"Styling\"]}),`\n`,(0,e.jsx)(n.p,{children:\"Your Get Cracked Starter SaaS boilerplate leverages Tailwind CSS for a highly customizable styling experience. You can apply Tailwind CSS classes directly within your MDX content to style components and elements.\"}),`\n`,(0,e.jsx)(n.figure,{\"data-rehype-pretty-code-figure\":\"\",children:(0,e.jsx)(n.pre,{style:{backgroundColor:\"#24292e\",color:\"#e1e4e8\"},tabIndex:\"0\",\"data-language\":\"jsx\",\"data-theme\":\"github-dark\",__rawString__:`<p className=\"text-red-600\">This text will be red.</p>\n`,children:(0,e.jsx)(n.code,{\"data-language\":\"jsx\",\"data-theme\":\"github-dark\",style:{display:\"grid\"},children:(0,e.jsxs)(n.span,{\"data-line\":\"\",children:[(0,e.jsx)(n.span,{style:{color:\"#E1E4E8\"},children:\"<\"}),(0,e.jsx)(n.span,{style:{color:\"#85E89D\"},children:\"p\"}),(0,e.jsx)(n.span,{style:{color:\"#B392F0\"},children:\" className\"}),(0,e.jsx)(n.span,{style:{color:\"#F97583\"},children:\"=\"}),(0,e.jsx)(n.span,{style:{color:\"#9ECBFF\"},children:'\"text-red-600\"'}),(0,e.jsx)(n.span,{style:{color:\"#E1E4E8\"},children:\">This text will be red.</\"}),(0,e.jsx)(n.span,{style:{color:\"#85E89D\"},children:\"p\"}),(0,e.jsx)(n.span,{style:{color:\"#E1E4E8\"},children:\">\"})]})})})}),`\n`,(0,e.jsxs)(n.p,{children:[\"Ensure that your \",(0,e.jsx)(n.code,{children:\"tailwind.config.js\"}),\" file is correctly configured to scan your MDX content for class names. This typically involves including \",(0,e.jsx)(n.code,{children:\"content/**/*.mdx\"}),\" in the \",(0,e.jsx)(n.code,{children:\"content\"}),\" array of your Tailwind configuration.\"]})]})}function p(l={}){let{wrapper:n}=l.components||{};return n?(0,e.jsx)(n,{...l,children:(0,e.jsx)(d,{...l})}):d(l)}function h(l,n){throw new Error(\"Expected \"+(n?\"component\":\"object\")+\" `\"+l+\"` to be defined: you likely forgot to import, pass, or provide it.\")}return b(B);})();\n;return Component;"
  },
  "_id": "docs/configuration/components.mdx",
  "_raw": {
    "sourceFilePath": "docs/configuration/components.mdx",
    "sourceFileName": "components.mdx",
    "sourceFileDir": "docs/configuration",
    "contentType": "mdx",
    "flattenedPath": "docs/configuration/components"
  },
  "type": "Doc",
  "slug": "/docs/configuration/components",
  "slugAsParams": "configuration/components",
  "images": []
}