{
  "title": "Blog Configuration",
  "description": "Configure your blog with custom authors, categories, and related posts within your Get Cracked Starter SaaS template.",
  "published": true,
  "body": {
    "raw": "\n## Integrations &amp; Best Practices\n\nAll integrations mentioned in these documentation pages are already properly integrated using best practices within the project. These documentation pages are primarily for developers who want to dive deep into the code and understand the implementation details.\n\nYour Get Cracked Starter SaaS template includes a powerful blog functionality that allows for rich content with multiple categories, authors, and related posts. This guide will walk you through setting up and configuring these features.\n\n## Authors\n\n### Adding a New Author\n\nBlog posts can be attributed to **one or multiple authors**. To add a new author to your blog, simply add a new object to the `BLOG_AUTHORS` configuration in [`config/blog.ts`](config/blog.ts). Each author object should include a `name`, `image` URL, and a social handle (e.g., `instagram` or `twitter`).\n\n```ts title=\"config/blog.ts\" {7-11}\nexport const BLOG_AUTHORS = {\n  drewsepeczi: {\n    name: \"drew sepeczi\",\n    image: \"/_static/avatars/mickasmt.png\",\n    instagram: \"drew.sepeczi\",\n  },\n  newauthor: {\n    name: \"shadcn\",\n    image: \"/_static/avatars/shadcn.jpeg\",\n    twitter: \"shadcn\",\n  },\n};\n```\n\n### Assigning Authors to a Blog Post\n\nOnce an author is defined, you can assign them to a blog post by referencing their key in the `authors` array within the post's frontmatter (e.g., `content/blog/your-post.mdx`).\n\n```mdx {6-8}\n---\ntitle: Deploying Next.js Apps\ndescription: How to deploy your Next.js apps on Vercel.\nimage: /_static/blog/blog-post-3.jpg\ndate: \"2025-01-02\"\nauthors:\n  - newauthor\n  - drewsepeczi\ncategories:\n  - news\nrelated:\n  - server-client-components\n  - preview-mode-headless-cms\n---\n```\n\n## Categories\n\n### Creating a New Category\n\nTo organize your blog posts, you can create custom categories. Add a new object with a `title`, `slug`, and `description` to the `BLOG_CATEGORIES` array in [`config/blog.ts`](config/blog.ts). Ensure the `slug` is unique and descriptive.\n\n```ts title=\"config/blog.ts\" {3,6-10}\nexport const BLOG_CATEGORIES: {\n  title: string;\n  slug: \"news\" | \"education\";\n  description: string;\n}[] = [\n  {\n    title: \"News\",\n    slug: \"news\",\n    description: \"Updates and announcements for your blog.\",\n  },\n  {\n    title: \"Education\",\n    slug: \"education\",\n    description: \"Educational content related to your SaaS product.\",\n  },\n];\n```\n\n### Assigning Categories to a Blog Post\n\nAssign categories to your blog posts by listing their `slug` in the `categories` array within the post's frontmatter.\n\n```mdx {9-10}\n---\ntitle: Deploying Next.js Apps\ndescription: How to deploy your Next.js apps on Vercel.\nimage: /_static/blog/blog-post-3.jpg\ndate: \"2025-01-02\"\nauthors:\n  - newauthor\n  - drewsepeczi\ncategories:\n  - news\nrelated:\n  - server-client-components\n  - preview-mode-headless-cms\n---\n```\n\n<Callout type=\"warning\">\n  A blog post can belong to multiple categories, but currently, only the first\n  category in the list is displayed in the UI.\n</Callout>\n\n## Related Posts\n\nEach blog post can feature a list of related posts to encourage further reading. To link related posts, use their filenames (without the `.mdx` or `.md` extension) in the `related` array within the post's frontmatter.\n\n```mdx {11-13}\n---\ntitle: Deploying Next.js Apps\ndescription: How to deploy your Next.js apps on Vercel.\nimage: /_static/blog/blog-post-3.jpg\ndate: \"2025-01-02\"\nauthors:\n  - newauthor\n  - drewsepeczi\ncategories:\n  - news\nrelated:\n  - server-client-components\n  - preview-mode-headless-cms\n---\n```\n",
    "code": "var Component=(()=>{var p=Object.create;var t=Object.defineProperty;var g=Object.getOwnPropertyDescriptor;var E=Object.getOwnPropertyNames;var y=Object.getPrototypeOf,u=Object.prototype.hasOwnProperty;var m=(l,e)=>()=>(e||l((e={exports:{}}).exports,e),e.exports),F=(l,e)=>{for(var a in e)t(l,a,{get:e[a],enumerable:!0})},s=(l,e,a,r)=>{if(e&&typeof e==\"object\"||typeof e==\"function\")for(let i of E(e))!u.call(l,i)&&i!==a&&t(l,i,{get:()=>e[i],enumerable:!(r=g(e,i))||r.enumerable});return l};var b=(l,e,a)=>(a=l!=null?p(y(l)):{},s(e||!l||!l.__esModule?t(a,\"default\",{value:l,enumerable:!0}):a,l)),w=l=>s(t({},\"__esModule\",{value:!0}),l);var c=m((k,o)=>{o.exports=_jsx_runtime});var N={};F(N,{default:()=>h,frontmatter:()=>f});var n=b(c()),f={title:\"Blog Configuration\",description:\"Configure your blog with custom authors, categories, and related posts within your Get Cracked Starter SaaS template.\"};function d(l){let e={a:\"a\",code:\"code\",figcaption:\"figcaption\",figure:\"figure\",h2:\"h2\",h3:\"h3\",p:\"p\",pre:\"pre\",span:\"span\",strong:\"strong\",...l.components},{Callout:a}=e;return a||B(\"Callout\",!0),(0,n.jsxs)(n.Fragment,{children:[(0,n.jsxs)(e.h2,{id:\"integrations--best-practices\",children:[(0,n.jsx)(e.a,{className:\"subheading-anchor\",\"aria-label\":\"Link to section\",href:\"#integrations--best-practices\",children:(0,n.jsx)(e.span,{className:\"icon icon-link\"})}),\"Integrations & Best Practices\"]}),`\n`,(0,n.jsx)(e.p,{children:\"All integrations mentioned in these documentation pages are already properly integrated using best practices within the project. These documentation pages are primarily for developers who want to dive deep into the code and understand the implementation details.\"}),`\n`,(0,n.jsx)(e.p,{children:\"Your Get Cracked Starter SaaS template includes a powerful blog functionality that allows for rich content with multiple categories, authors, and related posts. This guide will walk you through setting up and configuring these features.\"}),`\n`,(0,n.jsxs)(e.h2,{id:\"authors\",children:[(0,n.jsx)(e.a,{className:\"subheading-anchor\",\"aria-label\":\"Link to section\",href:\"#authors\",children:(0,n.jsx)(e.span,{className:\"icon icon-link\"})}),\"Authors\"]}),`\n`,(0,n.jsxs)(e.h3,{id:\"adding-a-new-author\",children:[(0,n.jsx)(e.a,{className:\"subheading-anchor\",\"aria-label\":\"Link to section\",href:\"#adding-a-new-author\",children:(0,n.jsx)(e.span,{className:\"icon icon-link\"})}),\"Adding a New Author\"]}),`\n`,(0,n.jsxs)(e.p,{children:[\"Blog posts can be attributed to \",(0,n.jsx)(e.strong,{children:\"one or multiple authors\"}),\". To add a new author to your blog, simply add a new object to the \",(0,n.jsx)(e.code,{children:\"BLOG_AUTHORS\"}),\" configuration in \",(0,n.jsx)(e.a,{href:\"config/blog.ts\",children:(0,n.jsx)(e.code,{children:\"config/blog.ts\"})}),\". Each author object should include a \",(0,n.jsx)(e.code,{children:\"name\"}),\", \",(0,n.jsx)(e.code,{children:\"image\"}),\" URL, and a social handle (e.g., \",(0,n.jsx)(e.code,{children:\"instagram\"}),\" or \",(0,n.jsx)(e.code,{children:\"twitter\"}),\").\"]}),`\n`,(0,n.jsxs)(e.figure,{\"data-rehype-pretty-code-figure\":\"\",children:[(0,n.jsx)(e.figcaption,{\"data-rehype-pretty-code-title\":\"\",\"data-language\":\"ts\",\"data-theme\":\"github-dark\",children:\"config/blog.ts\"}),(0,n.jsx)(e.pre,{style:{backgroundColor:\"#24292e\",color:\"#e1e4e8\"},tabIndex:\"0\",\"data-language\":\"ts\",\"data-theme\":\"github-dark\",__rawString__:`export const BLOG_AUTHORS = {\n  drewsepeczi: {\n    name: \"drew sepeczi\",\n    image: \"/_static/avatars/mickasmt.png\",\n    instagram: \"drew.sepeczi\",\n  },\n  newauthor: {\n    name: \"shadcn\",\n    image: \"/_static/avatars/shadcn.jpeg\",\n    twitter: \"shadcn\",\n  },\n};\n`,children:(0,n.jsxs)(e.code,{\"data-language\":\"ts\",\"data-theme\":\"github-dark\",style:{display:\"grid\"},children:[(0,n.jsxs)(e.span,{\"data-line\":\"\",children:[(0,n.jsx)(e.span,{style:{color:\"#F97583\"},children:\"export\"}),(0,n.jsx)(e.span,{style:{color:\"#F97583\"},children:\" const\"}),(0,n.jsx)(e.span,{style:{color:\"#79B8FF\"},children:\" BLOG_AUTHORS\"}),(0,n.jsx)(e.span,{style:{color:\"#F97583\"},children:\" =\"}),(0,n.jsx)(e.span,{style:{color:\"#E1E4E8\"},children:\" {\"})]}),`\n`,(0,n.jsx)(e.span,{\"data-line\":\"\",children:(0,n.jsx)(e.span,{style:{color:\"#E1E4E8\"},children:\"  drewsepeczi: {\"})}),`\n`,(0,n.jsxs)(e.span,{\"data-line\":\"\",children:[(0,n.jsx)(e.span,{style:{color:\"#E1E4E8\"},children:\"    name: \"}),(0,n.jsx)(e.span,{style:{color:\"#9ECBFF\"},children:'\"drew sepeczi\"'}),(0,n.jsx)(e.span,{style:{color:\"#E1E4E8\"},children:\",\"})]}),`\n`,(0,n.jsxs)(e.span,{\"data-line\":\"\",children:[(0,n.jsx)(e.span,{style:{color:\"#E1E4E8\"},children:\"    image: \"}),(0,n.jsx)(e.span,{style:{color:\"#9ECBFF\"},children:'\"/_static/avatars/mickasmt.png\"'}),(0,n.jsx)(e.span,{style:{color:\"#E1E4E8\"},children:\",\"})]}),`\n`,(0,n.jsxs)(e.span,{\"data-line\":\"\",children:[(0,n.jsx)(e.span,{style:{color:\"#E1E4E8\"},children:\"    instagram: \"}),(0,n.jsx)(e.span,{style:{color:\"#9ECBFF\"},children:'\"drew.sepeczi\"'}),(0,n.jsx)(e.span,{style:{color:\"#E1E4E8\"},children:\",\"})]}),`\n`,(0,n.jsx)(e.span,{\"data-line\":\"\",children:(0,n.jsx)(e.span,{style:{color:\"#E1E4E8\"},children:\"  },\"})}),`\n`,(0,n.jsx)(e.span,{className:\"line--highlighted\",\"data-line\":\"\",\"data-highlighted-line\":\"\",children:(0,n.jsx)(e.span,{style:{color:\"#E1E4E8\"},children:\"  newauthor: {\"})}),`\n`,(0,n.jsxs)(e.span,{className:\"line--highlighted\",\"data-line\":\"\",\"data-highlighted-line\":\"\",children:[(0,n.jsx)(e.span,{style:{color:\"#E1E4E8\"},children:\"    name: \"}),(0,n.jsx)(e.span,{style:{color:\"#9ECBFF\"},children:'\"shadcn\"'}),(0,n.jsx)(e.span,{style:{color:\"#E1E4E8\"},children:\",\"})]}),`\n`,(0,n.jsxs)(e.span,{className:\"line--highlighted\",\"data-line\":\"\",\"data-highlighted-line\":\"\",children:[(0,n.jsx)(e.span,{style:{color:\"#E1E4E8\"},children:\"    image: \"}),(0,n.jsx)(e.span,{style:{color:\"#9ECBFF\"},children:'\"/_static/avatars/shadcn.jpeg\"'}),(0,n.jsx)(e.span,{style:{color:\"#E1E4E8\"},children:\",\"})]}),`\n`,(0,n.jsxs)(e.span,{className:\"line--highlighted\",\"data-line\":\"\",\"data-highlighted-line\":\"\",children:[(0,n.jsx)(e.span,{style:{color:\"#E1E4E8\"},children:\"    twitter: \"}),(0,n.jsx)(e.span,{style:{color:\"#9ECBFF\"},children:'\"shadcn\"'}),(0,n.jsx)(e.span,{style:{color:\"#E1E4E8\"},children:\",\"})]}),`\n`,(0,n.jsx)(e.span,{className:\"line--highlighted\",\"data-line\":\"\",\"data-highlighted-line\":\"\",children:(0,n.jsx)(e.span,{style:{color:\"#E1E4E8\"},children:\"  },\"})}),`\n`,(0,n.jsx)(e.span,{\"data-line\":\"\",children:(0,n.jsx)(e.span,{style:{color:\"#E1E4E8\"},children:\"};\"})})]})})]}),`\n`,(0,n.jsxs)(e.h3,{id:\"assigning-authors-to-a-blog-post\",children:[(0,n.jsx)(e.a,{className:\"subheading-anchor\",\"aria-label\":\"Link to section\",href:\"#assigning-authors-to-a-blog-post\",children:(0,n.jsx)(e.span,{className:\"icon icon-link\"})}),\"Assigning Authors to a Blog Post\"]}),`\n`,(0,n.jsxs)(e.p,{children:[\"Once an author is defined, you can assign them to a blog post by referencing their key in the \",(0,n.jsx)(e.code,{children:\"authors\"}),\" array within the post's frontmatter (e.g., \",(0,n.jsx)(e.code,{children:\"content/blog/your-post.mdx\"}),\").\"]}),`\n`,(0,n.jsx)(e.figure,{\"data-rehype-pretty-code-figure\":\"\",children:(0,n.jsx)(e.pre,{style:{backgroundColor:\"#24292e\",color:\"#e1e4e8\"},tabIndex:\"0\",\"data-language\":\"mdx\",\"data-theme\":\"github-dark\",__rawString__:`---\ntitle: Deploying Next.js Apps\ndescription: How to deploy your Next.js apps on Vercel.\nimage: /_static/blog/blog-post-3.jpg\ndate: \"2025-01-02\"\nauthors:\n  - newauthor\n  - drewsepeczi\ncategories:\n  - news\nrelated:\n  - server-client-components\n  - preview-mode-headless-cms\n---\n`,children:(0,n.jsxs)(e.code,{\"data-language\":\"mdx\",\"data-theme\":\"github-dark\",style:{display:\"grid\"},children:[(0,n.jsx)(e.span,{\"data-line\":\"\",children:(0,n.jsx)(e.span,{style:{color:\"#79B8FF\",fontWeight:\"bold\"},children:\"---\"})}),`\n`,(0,n.jsx)(e.span,{\"data-line\":\"\",children:(0,n.jsx)(e.span,{style:{color:\"#E1E4E8\"},children:\"title: Deploying Next.js Apps\"})}),`\n`,(0,n.jsx)(e.span,{\"data-line\":\"\",children:(0,n.jsx)(e.span,{style:{color:\"#E1E4E8\"},children:\"description: How to deploy your Next.js apps on Vercel.\"})}),`\n`,(0,n.jsxs)(e.span,{\"data-line\":\"\",children:[(0,n.jsx)(e.span,{style:{color:\"#E1E4E8\"},children:\"image: /\"}),(0,n.jsx)(e.span,{style:{color:\"#9ECBFF\"},children:\"_\"}),(0,n.jsx)(e.span,{style:{color:\"#E1E4E8\"},children:\"static/blog/blog-post-3.jpg\"})]}),`\n`,(0,n.jsx)(e.span,{\"data-line\":\"\",children:(0,n.jsx)(e.span,{style:{color:\"#E1E4E8\"},children:'date: \"2025-01-02\"'})}),`\n`,(0,n.jsx)(e.span,{className:\"line--highlighted\",\"data-line\":\"\",\"data-highlighted-line\":\"\",children:(0,n.jsx)(e.span,{style:{color:\"#E1E4E8\"},children:\"authors:\"})}),`\n`,(0,n.jsxs)(e.span,{className:\"line--highlighted\",\"data-line\":\"\",\"data-highlighted-line\":\"\",children:[(0,n.jsx)(e.span,{style:{color:\"#FFAB70\"},children:\"  -\"}),(0,n.jsx)(e.span,{style:{color:\"#E1E4E8\"},children:\" newauthor\"})]}),`\n`,(0,n.jsxs)(e.span,{className:\"line--highlighted\",\"data-line\":\"\",\"data-highlighted-line\":\"\",children:[(0,n.jsx)(e.span,{style:{color:\"#FFAB70\"},children:\"  -\"}),(0,n.jsx)(e.span,{style:{color:\"#E1E4E8\"},children:\" drewsepeczi\"})]}),`\n`,(0,n.jsx)(e.span,{\"data-line\":\"\",children:(0,n.jsx)(e.span,{style:{color:\"#E1E4E8\"},children:\"categories:\"})}),`\n`,(0,n.jsxs)(e.span,{\"data-line\":\"\",children:[(0,n.jsx)(e.span,{style:{color:\"#FFAB70\"},children:\"  -\"}),(0,n.jsx)(e.span,{style:{color:\"#E1E4E8\"},children:\" news\"})]}),`\n`,(0,n.jsx)(e.span,{\"data-line\":\"\",children:(0,n.jsx)(e.span,{style:{color:\"#E1E4E8\"},children:\"related:\"})}),`\n`,(0,n.jsxs)(e.span,{\"data-line\":\"\",children:[(0,n.jsx)(e.span,{style:{color:\"#FFAB70\"},children:\"  -\"}),(0,n.jsx)(e.span,{style:{color:\"#E1E4E8\"},children:\" server-client-components\"})]}),`\n`,(0,n.jsxs)(e.span,{\"data-line\":\"\",children:[(0,n.jsx)(e.span,{style:{color:\"#FFAB70\"},children:\"  -\"}),(0,n.jsx)(e.span,{style:{color:\"#E1E4E8\"},children:\" preview-mode-headless-cms\"})]}),`\n`,(0,n.jsx)(e.span,{\"data-line\":\"\",children:(0,n.jsx)(e.span,{style:{color:\"#79B8FF\",fontWeight:\"bold\"},children:\"---\"})})]})})}),`\n`,(0,n.jsxs)(e.h2,{id:\"categories\",children:[(0,n.jsx)(e.a,{className:\"subheading-anchor\",\"aria-label\":\"Link to section\",href:\"#categories\",children:(0,n.jsx)(e.span,{className:\"icon icon-link\"})}),\"Categories\"]}),`\n`,(0,n.jsxs)(e.h3,{id:\"creating-a-new-category\",children:[(0,n.jsx)(e.a,{className:\"subheading-anchor\",\"aria-label\":\"Link to section\",href:\"#creating-a-new-category\",children:(0,n.jsx)(e.span,{className:\"icon icon-link\"})}),\"Creating a New Category\"]}),`\n`,(0,n.jsxs)(e.p,{children:[\"To organize your blog posts, you can create custom categories. Add a new object with a \",(0,n.jsx)(e.code,{children:\"title\"}),\", \",(0,n.jsx)(e.code,{children:\"slug\"}),\", and \",(0,n.jsx)(e.code,{children:\"description\"}),\" to the \",(0,n.jsx)(e.code,{children:\"BLOG_CATEGORIES\"}),\" array in \",(0,n.jsx)(e.a,{href:\"config/blog.ts\",children:(0,n.jsx)(e.code,{children:\"config/blog.ts\"})}),\". Ensure the \",(0,n.jsx)(e.code,{children:\"slug\"}),\" is unique and descriptive.\"]}),`\n`,(0,n.jsxs)(e.figure,{\"data-rehype-pretty-code-figure\":\"\",children:[(0,n.jsx)(e.figcaption,{\"data-rehype-pretty-code-title\":\"\",\"data-language\":\"ts\",\"data-theme\":\"github-dark\",children:\"config/blog.ts\"}),(0,n.jsx)(e.pre,{style:{backgroundColor:\"#24292e\",color:\"#e1e4e8\"},tabIndex:\"0\",\"data-language\":\"ts\",\"data-theme\":\"github-dark\",__rawString__:`export const BLOG_CATEGORIES: {\n  title: string;\n  slug: \"news\" | \"education\";\n  description: string;\n}[] = [\n  {\n    title: \"News\",\n    slug: \"news\",\n    description: \"Updates and announcements for your blog.\",\n  },\n  {\n    title: \"Education\",\n    slug: \"education\",\n    description: \"Educational content related to your SaaS product.\",\n  },\n];\n`,children:(0,n.jsxs)(e.code,{\"data-language\":\"ts\",\"data-theme\":\"github-dark\",style:{display:\"grid\"},children:[(0,n.jsxs)(e.span,{\"data-line\":\"\",children:[(0,n.jsx)(e.span,{style:{color:\"#F97583\"},children:\"export\"}),(0,n.jsx)(e.span,{style:{color:\"#F97583\"},children:\" const\"}),(0,n.jsx)(e.span,{style:{color:\"#79B8FF\"},children:\" BLOG_CATEGORIES\"}),(0,n.jsx)(e.span,{style:{color:\"#F97583\"},children:\":\"}),(0,n.jsx)(e.span,{style:{color:\"#E1E4E8\"},children:\" {\"})]}),`\n`,(0,n.jsxs)(e.span,{\"data-line\":\"\",children:[(0,n.jsx)(e.span,{style:{color:\"#FFAB70\"},children:\"  title\"}),(0,n.jsx)(e.span,{style:{color:\"#F97583\"},children:\":\"}),(0,n.jsx)(e.span,{style:{color:\"#79B8FF\"},children:\" string\"}),(0,n.jsx)(e.span,{style:{color:\"#E1E4E8\"},children:\";\"})]}),`\n`,(0,n.jsxs)(e.span,{className:\"line--highlighted\",\"data-line\":\"\",\"data-highlighted-line\":\"\",children:[(0,n.jsx)(e.span,{style:{color:\"#FFAB70\"},children:\"  slug\"}),(0,n.jsx)(e.span,{style:{color:\"#F97583\"},children:\":\"}),(0,n.jsx)(e.span,{style:{color:\"#9ECBFF\"},children:' \"news\"'}),(0,n.jsx)(e.span,{style:{color:\"#F97583\"},children:\" |\"}),(0,n.jsx)(e.span,{style:{color:\"#9ECBFF\"},children:' \"education\"'}),(0,n.jsx)(e.span,{style:{color:\"#E1E4E8\"},children:\";\"})]}),`\n`,(0,n.jsxs)(e.span,{\"data-line\":\"\",children:[(0,n.jsx)(e.span,{style:{color:\"#FFAB70\"},children:\"  description\"}),(0,n.jsx)(e.span,{style:{color:\"#F97583\"},children:\":\"}),(0,n.jsx)(e.span,{style:{color:\"#79B8FF\"},children:\" string\"}),(0,n.jsx)(e.span,{style:{color:\"#E1E4E8\"},children:\";\"})]}),`\n`,(0,n.jsxs)(e.span,{\"data-line\":\"\",children:[(0,n.jsx)(e.span,{style:{color:\"#E1E4E8\"},children:\"}[] \"}),(0,n.jsx)(e.span,{style:{color:\"#F97583\"},children:\"=\"}),(0,n.jsx)(e.span,{style:{color:\"#E1E4E8\"},children:\" [\"})]}),`\n`,(0,n.jsx)(e.span,{className:\"line--highlighted\",\"data-line\":\"\",\"data-highlighted-line\":\"\",children:(0,n.jsx)(e.span,{style:{color:\"#E1E4E8\"},children:\"  {\"})}),`\n`,(0,n.jsxs)(e.span,{className:\"line--highlighted\",\"data-line\":\"\",\"data-highlighted-line\":\"\",children:[(0,n.jsx)(e.span,{style:{color:\"#E1E4E8\"},children:\"    title: \"}),(0,n.jsx)(e.span,{style:{color:\"#9ECBFF\"},children:'\"News\"'}),(0,n.jsx)(e.span,{style:{color:\"#E1E4E8\"},children:\",\"})]}),`\n`,(0,n.jsxs)(e.span,{className:\"line--highlighted\",\"data-line\":\"\",\"data-highlighted-line\":\"\",children:[(0,n.jsx)(e.span,{style:{color:\"#E1E4E8\"},children:\"    slug: \"}),(0,n.jsx)(e.span,{style:{color:\"#9ECBFF\"},children:'\"news\"'}),(0,n.jsx)(e.span,{style:{color:\"#E1E4E8\"},children:\",\"})]}),`\n`,(0,n.jsxs)(e.span,{className:\"line--highlighted\",\"data-line\":\"\",\"data-highlighted-line\":\"\",children:[(0,n.jsx)(e.span,{style:{color:\"#E1E4E8\"},children:\"    description: \"}),(0,n.jsx)(e.span,{style:{color:\"#9ECBFF\"},children:'\"Updates and announcements for your blog.\"'}),(0,n.jsx)(e.span,{style:{color:\"#E1E4E8\"},children:\",\"})]}),`\n`,(0,n.jsx)(e.span,{className:\"line--highlighted\",\"data-line\":\"\",\"data-highlighted-line\":\"\",children:(0,n.jsx)(e.span,{style:{color:\"#E1E4E8\"},children:\"  },\"})}),`\n`,(0,n.jsx)(e.span,{\"data-line\":\"\",children:(0,n.jsx)(e.span,{style:{color:\"#E1E4E8\"},children:\"  {\"})}),`\n`,(0,n.jsxs)(e.span,{\"data-line\":\"\",children:[(0,n.jsx)(e.span,{style:{color:\"#E1E4E8\"},children:\"    title: \"}),(0,n.jsx)(e.span,{style:{color:\"#9ECBFF\"},children:'\"Education\"'}),(0,n.jsx)(e.span,{style:{color:\"#E1E4E8\"},children:\",\"})]}),`\n`,(0,n.jsxs)(e.span,{\"data-line\":\"\",children:[(0,n.jsx)(e.span,{style:{color:\"#E1E4E8\"},children:\"    slug: \"}),(0,n.jsx)(e.span,{style:{color:\"#9ECBFF\"},children:'\"education\"'}),(0,n.jsx)(e.span,{style:{color:\"#E1E4E8\"},children:\",\"})]}),`\n`,(0,n.jsxs)(e.span,{\"data-line\":\"\",children:[(0,n.jsx)(e.span,{style:{color:\"#E1E4E8\"},children:\"    description: \"}),(0,n.jsx)(e.span,{style:{color:\"#9ECBFF\"},children:'\"Educational content related to your SaaS product.\"'}),(0,n.jsx)(e.span,{style:{color:\"#E1E4E8\"},children:\",\"})]}),`\n`,(0,n.jsx)(e.span,{\"data-line\":\"\",children:(0,n.jsx)(e.span,{style:{color:\"#E1E4E8\"},children:\"  },\"})}),`\n`,(0,n.jsx)(e.span,{\"data-line\":\"\",children:(0,n.jsx)(e.span,{style:{color:\"#E1E4E8\"},children:\"];\"})})]})})]}),`\n`,(0,n.jsxs)(e.h3,{id:\"assigning-categories-to-a-blog-post\",children:[(0,n.jsx)(e.a,{className:\"subheading-anchor\",\"aria-label\":\"Link to section\",href:\"#assigning-categories-to-a-blog-post\",children:(0,n.jsx)(e.span,{className:\"icon icon-link\"})}),\"Assigning Categories to a Blog Post\"]}),`\n`,(0,n.jsxs)(e.p,{children:[\"Assign categories to your blog posts by listing their \",(0,n.jsx)(e.code,{children:\"slug\"}),\" in the \",(0,n.jsx)(e.code,{children:\"categories\"}),\" array within the post's frontmatter.\"]}),`\n`,(0,n.jsx)(e.figure,{\"data-rehype-pretty-code-figure\":\"\",children:(0,n.jsx)(e.pre,{style:{backgroundColor:\"#24292e\",color:\"#e1e4e8\"},tabIndex:\"0\",\"data-language\":\"mdx\",\"data-theme\":\"github-dark\",__rawString__:`---\ntitle: Deploying Next.js Apps\ndescription: How to deploy your Next.js apps on Vercel.\nimage: /_static/blog/blog-post-3.jpg\ndate: \"2025-01-02\"\nauthors:\n  - newauthor\n  - drewsepeczi\ncategories:\n  - news\nrelated:\n  - server-client-components\n  - preview-mode-headless-cms\n---\n`,children:(0,n.jsxs)(e.code,{\"data-language\":\"mdx\",\"data-theme\":\"github-dark\",style:{display:\"grid\"},children:[(0,n.jsx)(e.span,{\"data-line\":\"\",children:(0,n.jsx)(e.span,{style:{color:\"#79B8FF\",fontWeight:\"bold\"},children:\"---\"})}),`\n`,(0,n.jsx)(e.span,{\"data-line\":\"\",children:(0,n.jsx)(e.span,{style:{color:\"#E1E4E8\"},children:\"title: Deploying Next.js Apps\"})}),`\n`,(0,n.jsx)(e.span,{\"data-line\":\"\",children:(0,n.jsx)(e.span,{style:{color:\"#E1E4E8\"},children:\"description: How to deploy your Next.js apps on Vercel.\"})}),`\n`,(0,n.jsxs)(e.span,{\"data-line\":\"\",children:[(0,n.jsx)(e.span,{style:{color:\"#E1E4E8\"},children:\"image: /\"}),(0,n.jsx)(e.span,{style:{color:\"#9ECBFF\"},children:\"_\"}),(0,n.jsx)(e.span,{style:{color:\"#E1E4E8\"},children:\"static/blog/blog-post-3.jpg\"})]}),`\n`,(0,n.jsx)(e.span,{\"data-line\":\"\",children:(0,n.jsx)(e.span,{style:{color:\"#E1E4E8\"},children:'date: \"2025-01-02\"'})}),`\n`,(0,n.jsx)(e.span,{\"data-line\":\"\",children:(0,n.jsx)(e.span,{style:{color:\"#E1E4E8\"},children:\"authors:\"})}),`\n`,(0,n.jsxs)(e.span,{\"data-line\":\"\",children:[(0,n.jsx)(e.span,{style:{color:\"#FFAB70\"},children:\"  -\"}),(0,n.jsx)(e.span,{style:{color:\"#E1E4E8\"},children:\" newauthor\"})]}),`\n`,(0,n.jsxs)(e.span,{\"data-line\":\"\",children:[(0,n.jsx)(e.span,{style:{color:\"#FFAB70\"},children:\"  -\"}),(0,n.jsx)(e.span,{style:{color:\"#E1E4E8\"},children:\" drewsepeczi\"})]}),`\n`,(0,n.jsx)(e.span,{className:\"line--highlighted\",\"data-line\":\"\",\"data-highlighted-line\":\"\",children:(0,n.jsx)(e.span,{style:{color:\"#E1E4E8\"},children:\"categories:\"})}),`\n`,(0,n.jsxs)(e.span,{className:\"line--highlighted\",\"data-line\":\"\",\"data-highlighted-line\":\"\",children:[(0,n.jsx)(e.span,{style:{color:\"#FFAB70\"},children:\"  -\"}),(0,n.jsx)(e.span,{style:{color:\"#E1E4E8\"},children:\" news\"})]}),`\n`,(0,n.jsx)(e.span,{\"data-line\":\"\",children:(0,n.jsx)(e.span,{style:{color:\"#E1E4E8\"},children:\"related:\"})}),`\n`,(0,n.jsxs)(e.span,{\"data-line\":\"\",children:[(0,n.jsx)(e.span,{style:{color:\"#FFAB70\"},children:\"  -\"}),(0,n.jsx)(e.span,{style:{color:\"#E1E4E8\"},children:\" server-client-components\"})]}),`\n`,(0,n.jsxs)(e.span,{\"data-line\":\"\",children:[(0,n.jsx)(e.span,{style:{color:\"#FFAB70\"},children:\"  -\"}),(0,n.jsx)(e.span,{style:{color:\"#E1E4E8\"},children:\" preview-mode-headless-cms\"})]}),`\n`,(0,n.jsx)(e.span,{\"data-line\":\"\",children:(0,n.jsx)(e.span,{style:{color:\"#79B8FF\",fontWeight:\"bold\"},children:\"---\"})})]})})}),`\n`,(0,n.jsx)(a,{type:\"warning\",children:(0,n.jsx)(e.p,{children:`A blog post can belong to multiple categories, but currently, only the first\ncategory in the list is displayed in the UI.`})}),`\n`,(0,n.jsxs)(e.h2,{id:\"related-posts\",children:[(0,n.jsx)(e.a,{className:\"subheading-anchor\",\"aria-label\":\"Link to section\",href:\"#related-posts\",children:(0,n.jsx)(e.span,{className:\"icon icon-link\"})}),\"Related Posts\"]}),`\n`,(0,n.jsxs)(e.p,{children:[\"Each blog post can feature a list of related posts to encourage further reading. To link related posts, use their filenames (without the \",(0,n.jsx)(e.code,{children:\".mdx\"}),\" or \",(0,n.jsx)(e.code,{children:\".md\"}),\" extension) in the \",(0,n.jsx)(e.code,{children:\"related\"}),\" array within the post's frontmatter.\"]}),`\n`,(0,n.jsx)(e.figure,{\"data-rehype-pretty-code-figure\":\"\",children:(0,n.jsx)(e.pre,{style:{backgroundColor:\"#24292e\",color:\"#e1e4e8\"},tabIndex:\"0\",\"data-language\":\"mdx\",\"data-theme\":\"github-dark\",__rawString__:`---\ntitle: Deploying Next.js Apps\ndescription: How to deploy your Next.js apps on Vercel.\nimage: /_static/blog/blog-post-3.jpg\ndate: \"2025-01-02\"\nauthors:\n  - newauthor\n  - drewsepeczi\ncategories:\n  - news\nrelated:\n  - server-client-components\n  - preview-mode-headless-cms\n---\n`,children:(0,n.jsxs)(e.code,{\"data-language\":\"mdx\",\"data-theme\":\"github-dark\",style:{display:\"grid\"},children:[(0,n.jsx)(e.span,{\"data-line\":\"\",children:(0,n.jsx)(e.span,{style:{color:\"#79B8FF\",fontWeight:\"bold\"},children:\"---\"})}),`\n`,(0,n.jsx)(e.span,{\"data-line\":\"\",children:(0,n.jsx)(e.span,{style:{color:\"#E1E4E8\"},children:\"title: Deploying Next.js Apps\"})}),`\n`,(0,n.jsx)(e.span,{\"data-line\":\"\",children:(0,n.jsx)(e.span,{style:{color:\"#E1E4E8\"},children:\"description: How to deploy your Next.js apps on Vercel.\"})}),`\n`,(0,n.jsxs)(e.span,{\"data-line\":\"\",children:[(0,n.jsx)(e.span,{style:{color:\"#E1E4E8\"},children:\"image: /\"}),(0,n.jsx)(e.span,{style:{color:\"#9ECBFF\"},children:\"_\"}),(0,n.jsx)(e.span,{style:{color:\"#E1E4E8\"},children:\"static/blog/blog-post-3.jpg\"})]}),`\n`,(0,n.jsx)(e.span,{\"data-line\":\"\",children:(0,n.jsx)(e.span,{style:{color:\"#E1E4E8\"},children:'date: \"2025-01-02\"'})}),`\n`,(0,n.jsx)(e.span,{\"data-line\":\"\",children:(0,n.jsx)(e.span,{style:{color:\"#E1E4E8\"},children:\"authors:\"})}),`\n`,(0,n.jsxs)(e.span,{\"data-line\":\"\",children:[(0,n.jsx)(e.span,{style:{color:\"#FFAB70\"},children:\"  -\"}),(0,n.jsx)(e.span,{style:{color:\"#E1E4E8\"},children:\" newauthor\"})]}),`\n`,(0,n.jsxs)(e.span,{\"data-line\":\"\",children:[(0,n.jsx)(e.span,{style:{color:\"#FFAB70\"},children:\"  -\"}),(0,n.jsx)(e.span,{style:{color:\"#E1E4E8\"},children:\" drewsepeczi\"})]}),`\n`,(0,n.jsx)(e.span,{\"data-line\":\"\",children:(0,n.jsx)(e.span,{style:{color:\"#E1E4E8\"},children:\"categories:\"})}),`\n`,(0,n.jsxs)(e.span,{\"data-line\":\"\",children:[(0,n.jsx)(e.span,{style:{color:\"#FFAB70\"},children:\"  -\"}),(0,n.jsx)(e.span,{style:{color:\"#E1E4E8\"},children:\" news\"})]}),`\n`,(0,n.jsx)(e.span,{className:\"line--highlighted\",\"data-line\":\"\",\"data-highlighted-line\":\"\",children:(0,n.jsx)(e.span,{style:{color:\"#E1E4E8\"},children:\"related:\"})}),`\n`,(0,n.jsxs)(e.span,{className:\"line--highlighted\",\"data-line\":\"\",\"data-highlighted-line\":\"\",children:[(0,n.jsx)(e.span,{style:{color:\"#FFAB70\"},children:\"  -\"}),(0,n.jsx)(e.span,{style:{color:\"#E1E4E8\"},children:\" server-client-components\"})]}),`\n`,(0,n.jsxs)(e.span,{className:\"line--highlighted\",\"data-line\":\"\",\"data-highlighted-line\":\"\",children:[(0,n.jsx)(e.span,{style:{color:\"#FFAB70\"},children:\"  -\"}),(0,n.jsx)(e.span,{style:{color:\"#E1E4E8\"},children:\" preview-mode-headless-cms\"})]}),`\n`,(0,n.jsx)(e.span,{\"data-line\":\"\",children:(0,n.jsx)(e.span,{style:{color:\"#79B8FF\",fontWeight:\"bold\"},children:\"---\"})})]})})})]})}function h(l={}){let{wrapper:e}=l.components||{};return e?(0,n.jsx)(e,{...l,children:(0,n.jsx)(d,{...l})}):d(l)}function B(l,e){throw new Error(\"Expected \"+(e?\"component\":\"object\")+\" `\"+l+\"` to be defined: you likely forgot to import, pass, or provide it.\")}return w(N);})();\n;return Component;"
  },
  "_id": "docs/configuration/blog.mdx",
  "_raw": {
    "sourceFilePath": "docs/configuration/blog.mdx",
    "sourceFileName": "blog.mdx",
    "sourceFileDir": "docs/configuration",
    "contentType": "mdx",
    "flattenedPath": "docs/configuration/blog"
  },
  "type": "Doc",
  "slug": "/docs/configuration/blog",
  "slugAsParams": "configuration/blog",
  "images": []
}