{
  "title": "Config Files",
  "description": "Easily configure your Get Cracked Starter SaaS boilerplate template with these files.",
  "published": true,
  "body": {
    "raw": "\n## Integrations &amp; Best Practices\n\nAll integrations mentioned in these documentation pages are already properly integrated using best practices within the project. These documentation pages are primarily for developers who want to dive deep into the code and understand the implementation details.\n\nThe `config` directory contains essential files for setting up and customizing your Get Cracked Starter SaaS boilerplate. This guide will walk you through each file, explaining its purpose and how to quickly adapt it to your project's needs.\n\n## Configuration Files Overview\n\nHere's a breakdown of the key configuration files you'll find:\n\n### Landing Page Configuration\n\nThe [`config/landing.ts`](config/landing.ts) file allows you to customize the content displayed on your homepage. This includes sections like hero banners, feature lists, and call-to-action elements.\n\n**Customization Tips:**\n*   **Content:** Easily update text, images, and links to reflect your brand and offerings.\n*   **Sections:** The homepage components are located in the [`components/sections`](components/sections) folder. You can modify existing sections or add new ones by referencing these components.\n\n### Navigation Menus\n\nThe navigation configuration files define the links and structure of your application's menus:\n*   [`config/marketing.ts`](config/marketing.ts): Manages navigation links for your public-facing marketing site.\n*   [`config/dashboard.ts`](config/dashboard.ts): Configures navigation specific to the user dashboard.\n*   [`config/docs.ts`](config/docs.ts): Defines the sidebar navigation for your documentation pages.\n\n**Customization Tips:**\n*   **Add/Remove Links:** Simply add or remove objects from the arrays within these files to update your navigation.\n*   **Reorder:** Change the order of links by reordering the objects in the arrays.\n\n### Site Metadata and Global Settings\n\nThe [`config/site.ts`](config/site.ts) file is where you'll manage global site metadata and footer links.\n\n**Customization Tips:**\n*   **SEO:** Update the `name`, `description`, and `url` for better search engine optimization.\n*   **Social Links:** Modify footer social media links to point to your profiles.\n\n### Subscription and Pricing Plans\n\nThe [`config/subscriptions.ts`](config/subscriptions.ts) file is crucial for defining your SaaS pricing plans and integrating with Stripe.\n\n**Customization Tips:**\n*   **Pricing Cards:** Each object in the array represents a pricing card on your subscriptions page.\n*   **Features & Limitations:** Clearly list the `benefits` and `limitations` for each plan.\n*   **Prices:** Set `monthly` and `yearly` prices.\n*   **Stripe Integration:** The `stripeIds` object is critical. You **must** replace the placeholder environment variables (`env.NEXT_PUBLIC_STRIPE_PRO_MONTHLY_PLAN_ID`, `env.NEXT_PUBLIC_STRIPE_PRO_YEARLY_PLAN_ID`, etc.) with your actual Stripe Price IDs. These IDs link your pricing plans to your Stripe account, enabling proper billing. Refer to the Stripe documentation for how to obtain these IDs.\n\n**Example Pricing Card Structure:**\n```js\n{\n  title: 'Pro',\n  description: 'Unlock Advanced Features',\n  benefits: [\n    'Up to 500 monthly posts',\n    'Advanced analytics and reporting',\n    'Access to business templates',\n    'Priority customer support',\n    'Exclusive webinars and training.',\n  ],\n  limitations: [\n    'No custom branding',\n    'Limited access to business resources.',\n  ],\n  prices: {\n    monthly: 15,\n    yearly: 144,\n  },\n  stripeIds: {\n    monthly: env.NEXT_PUBLIC_STRIPE_PRO_MONTHLY_PLAN_ID, // REPLACE with your Stripe monthly price ID\n    yearly: env.NEXT_PUBLIC_STRIPE_PRO_YEARLY_PLAN_ID,   // REPLACE with your Stripe yearly price ID\n  },\n},\n```\n",
    "code": "var Component=(()=>{var p=Object.create;var a=Object.defineProperty;var g=Object.getOwnPropertyDescriptor;var y=Object.getOwnPropertyNames;var E=Object.getPrototypeOf,u=Object.prototype.hasOwnProperty;var f=(i,n)=>()=>(n||i((n={exports:{}}).exports,n),n.exports),m=(i,n)=>{for(var r in n)a(i,r,{get:n[r],enumerable:!0})},s=(i,n,r,o)=>{if(n&&typeof n==\"object\"||typeof n==\"function\")for(let l of y(n))!u.call(i,l)&&l!==r&&a(i,l,{get:()=>n[l],enumerable:!(o=g(n,l))||o.enumerable});return i};var b=(i,n,r)=>(r=i!=null?p(E(i)):{},s(n||!i||!i.__esModule?a(r,\"default\",{value:i,enumerable:!0}):r,i)),_=i=>s(a({},\"__esModule\",{value:!0}),i);var c=f((k,t)=>{t.exports=_jsx_runtime});var P={};m(P,{default:()=>h,frontmatter:()=>F});var e=b(c()),F={title:\"Config Files\",description:\"Easily configure your Get Cracked Starter SaaS boilerplate template with these files.\"};function d(i){let n={a:\"a\",code:\"code\",figure:\"figure\",h2:\"h2\",h3:\"h3\",li:\"li\",p:\"p\",pre:\"pre\",span:\"span\",strong:\"strong\",ul:\"ul\",...i.components};return(0,e.jsxs)(e.Fragment,{children:[(0,e.jsxs)(n.h2,{id:\"integrations--best-practices\",children:[(0,e.jsx)(n.a,{className:\"subheading-anchor\",\"aria-label\":\"Link to section\",href:\"#integrations--best-practices\",children:(0,e.jsx)(n.span,{className:\"icon icon-link\"})}),\"Integrations & Best Practices\"]}),`\n`,(0,e.jsx)(n.p,{children:\"All integrations mentioned in these documentation pages are already properly integrated using best practices within the project. These documentation pages are primarily for developers who want to dive deep into the code and understand the implementation details.\"}),`\n`,(0,e.jsxs)(n.p,{children:[\"The \",(0,e.jsx)(n.code,{children:\"config\"}),\" directory contains essential files for setting up and customizing your Get Cracked Starter SaaS boilerplate. This guide will walk you through each file, explaining its purpose and how to quickly adapt it to your project's needs.\"]}),`\n`,(0,e.jsxs)(n.h2,{id:\"configuration-files-overview\",children:[(0,e.jsx)(n.a,{className:\"subheading-anchor\",\"aria-label\":\"Link to section\",href:\"#configuration-files-overview\",children:(0,e.jsx)(n.span,{className:\"icon icon-link\"})}),\"Configuration Files Overview\"]}),`\n`,(0,e.jsx)(n.p,{children:\"Here's a breakdown of the key configuration files you'll find:\"}),`\n`,(0,e.jsxs)(n.h3,{id:\"landing-page-configuration\",children:[(0,e.jsx)(n.a,{className:\"subheading-anchor\",\"aria-label\":\"Link to section\",href:\"#landing-page-configuration\",children:(0,e.jsx)(n.span,{className:\"icon icon-link\"})}),\"Landing Page Configuration\"]}),`\n`,(0,e.jsxs)(n.p,{children:[\"The \",(0,e.jsx)(n.a,{href:\"config/landing.ts\",children:(0,e.jsx)(n.code,{children:\"config/landing.ts\"})}),\" file allows you to customize the content displayed on your homepage. This includes sections like hero banners, feature lists, and call-to-action elements.\"]}),`\n`,(0,e.jsx)(n.p,{children:(0,e.jsx)(n.strong,{children:\"Customization Tips:\"})}),`\n`,(0,e.jsxs)(n.ul,{children:[`\n`,(0,e.jsxs)(n.li,{children:[(0,e.jsx)(n.strong,{children:\"Content:\"}),\" Easily update text, images, and links to reflect your brand and offerings.\"]}),`\n`,(0,e.jsxs)(n.li,{children:[(0,e.jsx)(n.strong,{children:\"Sections:\"}),\" The homepage components are located in the \",(0,e.jsx)(n.a,{href:\"components/sections\",children:(0,e.jsx)(n.code,{children:\"components/sections\"})}),\" folder. You can modify existing sections or add new ones by referencing these components.\"]}),`\n`]}),`\n`,(0,e.jsxs)(n.h3,{id:\"navigation-menus\",children:[(0,e.jsx)(n.a,{className:\"subheading-anchor\",\"aria-label\":\"Link to section\",href:\"#navigation-menus\",children:(0,e.jsx)(n.span,{className:\"icon icon-link\"})}),\"Navigation Menus\"]}),`\n`,(0,e.jsx)(n.p,{children:\"The navigation configuration files define the links and structure of your application's menus:\"}),`\n`,(0,e.jsxs)(n.ul,{children:[`\n`,(0,e.jsxs)(n.li,{children:[(0,e.jsx)(n.a,{href:\"config/marketing.ts\",children:(0,e.jsx)(n.code,{children:\"config/marketing.ts\"})}),\": Manages navigation links for your public-facing marketing site.\"]}),`\n`,(0,e.jsxs)(n.li,{children:[(0,e.jsx)(n.a,{href:\"config/dashboard.ts\",children:(0,e.jsx)(n.code,{children:\"config/dashboard.ts\"})}),\": Configures navigation specific to the user dashboard.\"]}),`\n`,(0,e.jsxs)(n.li,{children:[(0,e.jsx)(n.a,{href:\"config/docs.ts\",children:(0,e.jsx)(n.code,{children:\"config/docs.ts\"})}),\": Defines the sidebar navigation for your documentation pages.\"]}),`\n`]}),`\n`,(0,e.jsx)(n.p,{children:(0,e.jsx)(n.strong,{children:\"Customization Tips:\"})}),`\n`,(0,e.jsxs)(n.ul,{children:[`\n`,(0,e.jsxs)(n.li,{children:[(0,e.jsx)(n.strong,{children:\"Add/Remove Links:\"}),\" Simply add or remove objects from the arrays within these files to update your navigation.\"]}),`\n`,(0,e.jsxs)(n.li,{children:[(0,e.jsx)(n.strong,{children:\"Reorder:\"}),\" Change the order of links by reordering the objects in the arrays.\"]}),`\n`]}),`\n`,(0,e.jsxs)(n.h3,{id:\"site-metadata-and-global-settings\",children:[(0,e.jsx)(n.a,{className:\"subheading-anchor\",\"aria-label\":\"Link to section\",href:\"#site-metadata-and-global-settings\",children:(0,e.jsx)(n.span,{className:\"icon icon-link\"})}),\"Site Metadata and Global Settings\"]}),`\n`,(0,e.jsxs)(n.p,{children:[\"The \",(0,e.jsx)(n.a,{href:\"config/site.ts\",children:(0,e.jsx)(n.code,{children:\"config/site.ts\"})}),\" file is where you'll manage global site metadata and footer links.\"]}),`\n`,(0,e.jsx)(n.p,{children:(0,e.jsx)(n.strong,{children:\"Customization Tips:\"})}),`\n`,(0,e.jsxs)(n.ul,{children:[`\n`,(0,e.jsxs)(n.li,{children:[(0,e.jsx)(n.strong,{children:\"SEO:\"}),\" Update the \",(0,e.jsx)(n.code,{children:\"name\"}),\", \",(0,e.jsx)(n.code,{children:\"description\"}),\", and \",(0,e.jsx)(n.code,{children:\"url\"}),\" for better search engine optimization.\"]}),`\n`,(0,e.jsxs)(n.li,{children:[(0,e.jsx)(n.strong,{children:\"Social Links:\"}),\" Modify footer social media links to point to your profiles.\"]}),`\n`]}),`\n`,(0,e.jsxs)(n.h3,{id:\"subscription-and-pricing-plans\",children:[(0,e.jsx)(n.a,{className:\"subheading-anchor\",\"aria-label\":\"Link to section\",href:\"#subscription-and-pricing-plans\",children:(0,e.jsx)(n.span,{className:\"icon icon-link\"})}),\"Subscription and Pricing Plans\"]}),`\n`,(0,e.jsxs)(n.p,{children:[\"The \",(0,e.jsx)(n.a,{href:\"config/subscriptions.ts\",children:(0,e.jsx)(n.code,{children:\"config/subscriptions.ts\"})}),\" file is crucial for defining your SaaS pricing plans and integrating with Stripe.\"]}),`\n`,(0,e.jsx)(n.p,{children:(0,e.jsx)(n.strong,{children:\"Customization Tips:\"})}),`\n`,(0,e.jsxs)(n.ul,{children:[`\n`,(0,e.jsxs)(n.li,{children:[(0,e.jsx)(n.strong,{children:\"Pricing Cards:\"}),\" Each object in the array represents a pricing card on your subscriptions page.\"]}),`\n`,(0,e.jsxs)(n.li,{children:[(0,e.jsx)(n.strong,{children:\"Features & Limitations:\"}),\" Clearly list the \",(0,e.jsx)(n.code,{children:\"benefits\"}),\" and \",(0,e.jsx)(n.code,{children:\"limitations\"}),\" for each plan.\"]}),`\n`,(0,e.jsxs)(n.li,{children:[(0,e.jsx)(n.strong,{children:\"Prices:\"}),\" Set \",(0,e.jsx)(n.code,{children:\"monthly\"}),\" and \",(0,e.jsx)(n.code,{children:\"yearly\"}),\" prices.\"]}),`\n`,(0,e.jsxs)(n.li,{children:[(0,e.jsx)(n.strong,{children:\"Stripe Integration:\"}),\" The \",(0,e.jsx)(n.code,{children:\"stripeIds\"}),\" object is critical. You \",(0,e.jsx)(n.strong,{children:\"must\"}),\" replace the placeholder environment variables (\",(0,e.jsx)(n.code,{children:\"env.NEXT_PUBLIC_STRIPE_PRO_MONTHLY_PLAN_ID\"}),\", \",(0,e.jsx)(n.code,{children:\"env.NEXT_PUBLIC_STRIPE_PRO_YEARLY_PLAN_ID\"}),\", etc.) with your actual Stripe Price IDs. These IDs link your pricing plans to your Stripe account, enabling proper billing. Refer to the Stripe documentation for how to obtain these IDs.\"]}),`\n`]}),`\n`,(0,e.jsx)(n.p,{children:(0,e.jsx)(n.strong,{children:\"Example Pricing Card Structure:\"})}),`\n`,(0,e.jsx)(n.figure,{\"data-rehype-pretty-code-figure\":\"\",children:(0,e.jsx)(n.pre,{style:{backgroundColor:\"#24292e\",color:\"#e1e4e8\"},tabIndex:\"0\",\"data-language\":\"js\",\"data-theme\":\"github-dark\",__rawString__:`{\n  title: 'Pro',\n  description: 'Unlock Advanced Features',\n  benefits: [\n    'Up to 500 monthly posts',\n    'Advanced analytics and reporting',\n    'Access to business templates',\n    'Priority customer support',\n    'Exclusive webinars and training.',\n  ],\n  limitations: [\n    'No custom branding',\n    'Limited access to business resources.',\n  ],\n  prices: {\n    monthly: 15,\n    yearly: 144,\n  },\n  stripeIds: {\n    monthly: env.NEXT_PUBLIC_STRIPE_PRO_MONTHLY_PLAN_ID, // REPLACE with your Stripe monthly price ID\n    yearly: env.NEXT_PUBLIC_STRIPE_PRO_YEARLY_PLAN_ID,   // REPLACE with your Stripe yearly price ID\n  },\n},\n`,children:(0,e.jsxs)(n.code,{\"data-language\":\"js\",\"data-theme\":\"github-dark\",style:{display:\"grid\"},children:[(0,e.jsx)(n.span,{\"data-line\":\"\",children:(0,e.jsx)(n.span,{style:{color:\"#E1E4E8\"},children:\"{\"})}),`\n`,(0,e.jsxs)(n.span,{\"data-line\":\"\",children:[(0,e.jsx)(n.span,{style:{color:\"#B392F0\"},children:\"  title\"}),(0,e.jsx)(n.span,{style:{color:\"#E1E4E8\"},children:\": \"}),(0,e.jsx)(n.span,{style:{color:\"#9ECBFF\"},children:\"'Pro'\"}),(0,e.jsx)(n.span,{style:{color:\"#E1E4E8\"},children:\",\"})]}),`\n`,(0,e.jsxs)(n.span,{\"data-line\":\"\",children:[(0,e.jsx)(n.span,{style:{color:\"#B392F0\"},children:\"  description\"}),(0,e.jsx)(n.span,{style:{color:\"#E1E4E8\"},children:\": \"}),(0,e.jsx)(n.span,{style:{color:\"#9ECBFF\"},children:\"'Unlock Advanced Features'\"}),(0,e.jsx)(n.span,{style:{color:\"#E1E4E8\"},children:\",\"})]}),`\n`,(0,e.jsxs)(n.span,{\"data-line\":\"\",children:[(0,e.jsx)(n.span,{style:{color:\"#B392F0\"},children:\"  benefits\"}),(0,e.jsx)(n.span,{style:{color:\"#E1E4E8\"},children:\": [\"})]}),`\n`,(0,e.jsxs)(n.span,{\"data-line\":\"\",children:[(0,e.jsx)(n.span,{style:{color:\"#9ECBFF\"},children:\"    'Up to 500 monthly posts'\"}),(0,e.jsx)(n.span,{style:{color:\"#E1E4E8\"},children:\",\"})]}),`\n`,(0,e.jsxs)(n.span,{\"data-line\":\"\",children:[(0,e.jsx)(n.span,{style:{color:\"#9ECBFF\"},children:\"    'Advanced analytics and reporting'\"}),(0,e.jsx)(n.span,{style:{color:\"#E1E4E8\"},children:\",\"})]}),`\n`,(0,e.jsxs)(n.span,{\"data-line\":\"\",children:[(0,e.jsx)(n.span,{style:{color:\"#9ECBFF\"},children:\"    'Access to business templates'\"}),(0,e.jsx)(n.span,{style:{color:\"#E1E4E8\"},children:\",\"})]}),`\n`,(0,e.jsxs)(n.span,{\"data-line\":\"\",children:[(0,e.jsx)(n.span,{style:{color:\"#9ECBFF\"},children:\"    'Priority customer support'\"}),(0,e.jsx)(n.span,{style:{color:\"#E1E4E8\"},children:\",\"})]}),`\n`,(0,e.jsxs)(n.span,{\"data-line\":\"\",children:[(0,e.jsx)(n.span,{style:{color:\"#9ECBFF\"},children:\"    'Exclusive webinars and training.'\"}),(0,e.jsx)(n.span,{style:{color:\"#E1E4E8\"},children:\",\"})]}),`\n`,(0,e.jsx)(n.span,{\"data-line\":\"\",children:(0,e.jsx)(n.span,{style:{color:\"#E1E4E8\"},children:\"  ],\"})}),`\n`,(0,e.jsxs)(n.span,{\"data-line\":\"\",children:[(0,e.jsx)(n.span,{style:{color:\"#B392F0\"},children:\"  limitations\"}),(0,e.jsx)(n.span,{style:{color:\"#E1E4E8\"},children:\": [\"})]}),`\n`,(0,e.jsxs)(n.span,{\"data-line\":\"\",children:[(0,e.jsx)(n.span,{style:{color:\"#9ECBFF\"},children:\"    'No custom branding'\"}),(0,e.jsx)(n.span,{style:{color:\"#E1E4E8\"},children:\",\"})]}),`\n`,(0,e.jsxs)(n.span,{\"data-line\":\"\",children:[(0,e.jsx)(n.span,{style:{color:\"#9ECBFF\"},children:\"    'Limited access to business resources.'\"}),(0,e.jsx)(n.span,{style:{color:\"#E1E4E8\"},children:\",\"})]}),`\n`,(0,e.jsx)(n.span,{\"data-line\":\"\",children:(0,e.jsx)(n.span,{style:{color:\"#E1E4E8\"},children:\"  ],\"})}),`\n`,(0,e.jsxs)(n.span,{\"data-line\":\"\",children:[(0,e.jsx)(n.span,{style:{color:\"#B392F0\"},children:\"  prices\"}),(0,e.jsx)(n.span,{style:{color:\"#E1E4E8\"},children:\": {\"})]}),`\n`,(0,e.jsxs)(n.span,{\"data-line\":\"\",children:[(0,e.jsx)(n.span,{style:{color:\"#B392F0\"},children:\"    monthly\"}),(0,e.jsx)(n.span,{style:{color:\"#E1E4E8\"},children:\": \"}),(0,e.jsx)(n.span,{style:{color:\"#79B8FF\"},children:\"15\"}),(0,e.jsx)(n.span,{style:{color:\"#E1E4E8\"},children:\",\"})]}),`\n`,(0,e.jsxs)(n.span,{\"data-line\":\"\",children:[(0,e.jsx)(n.span,{style:{color:\"#B392F0\"},children:\"    yearly\"}),(0,e.jsx)(n.span,{style:{color:\"#E1E4E8\"},children:\": \"}),(0,e.jsx)(n.span,{style:{color:\"#79B8FF\"},children:\"144\"}),(0,e.jsx)(n.span,{style:{color:\"#E1E4E8\"},children:\",\"})]}),`\n`,(0,e.jsx)(n.span,{\"data-line\":\"\",children:(0,e.jsx)(n.span,{style:{color:\"#E1E4E8\"},children:\"  },\"})}),`\n`,(0,e.jsxs)(n.span,{\"data-line\":\"\",children:[(0,e.jsx)(n.span,{style:{color:\"#B392F0\"},children:\"  stripeIds\"}),(0,e.jsx)(n.span,{style:{color:\"#E1E4E8\"},children:\": {\"})]}),`\n`,(0,e.jsxs)(n.span,{\"data-line\":\"\",children:[(0,e.jsx)(n.span,{style:{color:\"#B392F0\"},children:\"    monthly\"}),(0,e.jsx)(n.span,{style:{color:\"#E1E4E8\"},children:\": env.\"}),(0,e.jsx)(n.span,{style:{color:\"#79B8FF\"},children:\"NEXT_PUBLIC_STRIPE_PRO_MONTHLY_PLAN_ID\"}),(0,e.jsx)(n.span,{style:{color:\"#E1E4E8\"},children:\", \"}),(0,e.jsx)(n.span,{style:{color:\"#6A737D\"},children:\"// REPLACE with your Stripe monthly price ID\"})]}),`\n`,(0,e.jsxs)(n.span,{\"data-line\":\"\",children:[(0,e.jsx)(n.span,{style:{color:\"#B392F0\"},children:\"    yearly\"}),(0,e.jsx)(n.span,{style:{color:\"#E1E4E8\"},children:\": env.\"}),(0,e.jsx)(n.span,{style:{color:\"#79B8FF\"},children:\"NEXT_PUBLIC_STRIPE_PRO_YEARLY_PLAN_ID\"}),(0,e.jsx)(n.span,{style:{color:\"#E1E4E8\"},children:\",   \"}),(0,e.jsx)(n.span,{style:{color:\"#6A737D\"},children:\"// REPLACE with your Stripe yearly price ID\"})]}),`\n`,(0,e.jsx)(n.span,{\"data-line\":\"\",children:(0,e.jsx)(n.span,{style:{color:\"#E1E4E8\"},children:\"  },\"})}),`\n`,(0,e.jsx)(n.span,{\"data-line\":\"\",children:(0,e.jsx)(n.span,{style:{color:\"#E1E4E8\"},children:\"},\"})})]})})})]})}function h(i={}){let{wrapper:n}=i.components||{};return n?(0,e.jsx)(n,{...i,children:(0,e.jsx)(d,{...i})}):d(i)}return _(P);})();\n;return Component;"
  },
  "_id": "docs/configuration/config-files.mdx",
  "_raw": {
    "sourceFilePath": "docs/configuration/config-files.mdx",
    "sourceFileName": "config-files.mdx",
    "sourceFileDir": "docs/configuration",
    "contentType": "mdx",
    "flattenedPath": "docs/configuration/config-files"
  },
  "type": "Doc",
  "slug": "/docs/configuration/config-files",
  "slugAsParams": "configuration/config-files",
  "images": []
}