{
  "title": "Dashboard Layout Options",
  "description": "Choose between two different layout options for your dashboard.",
  "published": true,
  "body": {
    "raw": "\n## Integrations &amp; Best Practices\n\nAll integrations mentioned in these documentation pages are already properly integrated using best practices within the project. These documentation pages are primarily for developers who want to dive deep into the code and understand the implementation details.\n\nThis documentation guides you through customizing your dashboard layouts using the Get Cracked Starter SaaS boilerplate template. You have the flexibility to choose between two distinct layout options, designed for easy integration and customization.\n\n## Centered Sidebar and Main Content\n\nThis layout centers both the sidebar and the main content, providing a clean and organized presentation. It's ideal for dashboards where a balanced visual flow is preferred.\n\n```tsx\n<MaxWidthWrapper className=\"max-w-[1650px] px-0\">\n  <div className=\"relative flex min-h-screen w-full\">\n    <DashboardSidebar links={filteredLinks} />\n\n    <div className=\"flex flex-1 flex-col\">\n      <header className=\"bg-background sticky top-0 z-50 flex h-14 items-center gap-3 px-4 lg:h-[60px] xl:px-10\">\n        <MobileSheetSidebar links={filteredLinks} />\n\n        <div className=\"w-full flex-1\">\n          <SearchCommand links={filteredLinks} />\n        </div>\n\n        <ModeToggle />\n        <UserAccountNav />\n      </header>\n\n      <main className=\"flex flex-1 flex-col gap-4 p-4 lg:gap-6 xl:px-10\">\n        {children}\n      </main>\n    </div>\n  </div>\n</MaxWidthWrapper>\n```\n\n## Fixed Sidebar with Centered Main Content\n\nThis layout features a sidebar fixed to the left side of the window, with only the main content area being centered. This traditional arrangement is the default for the template, offering a familiar and efficient user experience.\n\n```tsx\n<div className=\"relative flex min-h-screen w-full\">\n  <DashboardSidebar links={filteredLinks} />\n\n  <div className=\"flex flex-1 flex-col\">\n    <header className=\"bg-background sticky top-0 z-50 flex h-14 px-4 lg:h-[60px] xl:px-8\">\n      <MaxWidthWrapper className=\"flex max-w-7xl items-center gap-x-3 px-0\">\n        <MobileSheetSidebar links={filteredLinks} />\n\n        <div className=\"w-full flex-1\">\n          <SearchCommand links={filteredLinks} />\n        </div>\n\n        <ModeToggle />\n        <UserAccountNav />\n      </MaxWidthWrapper>\n    </header>\n\n    <main className=\"flex-1 p-4 xl:px-8\">\n      <MaxWidthWrapper className=\"flex h-full max-w-7xl flex-col gap-4 px-0 lg:gap-6\">\n        {children}\n      </MaxWidthWrapper>\n    </main>\n  </div>\n</div>\n```\n\n## Switching Between Layouts\n\nTo switch between the \"Centered Sidebar and Main Content\" and \"Fixed Sidebar with Centered Main Content\" layouts, you will typically modify a configuration setting within your template.\n\n1.  **Locate the Configuration File**: The layout preference is often managed in a central configuration file, such as `config.ts` or `layout.config.ts`, usually found in the `config/` or `lib/` directory of your project.\n2.  **Modify the Layout Setting**: Inside this file, look for a variable or object related to layout settings. For example, you might find a setting like `defaultLayout: 'fixed'` or `layoutStyle: 'centered'`.\n3.  **Update the Value**: Change the value to reflect your desired layout. For instance, if you want the \"Centered Sidebar and Main Content\" layout, you might change the setting to `defaultLayout: 'centered'` or `layoutStyle: 'stripe-like'`.\n\nHere's an example of what the configuration might look like (actual implementation may vary):\n\n```typescript\n// config/layout.config.ts (example)\n\nexport const dashboardConfig = {\n  // ... other configurations\n  layout: {\n    style: 'fixed', // or 'centered'\n  },\n  // ...\n};\n```\n\nAfter saving your changes, the application should automatically update to use the newly selected layout. If you don't see the changes immediately, you might need to restart your development server.\nChoose the layout that best suits your application's design and user experience needs. The Get Cracked Starter template provides these options to ensure your dashboard is both functional and aesthetically pleasing.",
    "code": "var Component=(()=>{var p=Object.create;var i=Object.defineProperty;var E=Object.getOwnPropertyDescriptor;var y=Object.getOwnPropertyNames;var g=Object.getPrototypeOf,f=Object.prototype.hasOwnProperty;var u=(l,e)=>()=>(e||l((e={exports:{}}).exports,e),e.exports),x=(l,e)=>{for(var a in e)i(l,a,{get:e[a],enumerable:!0})},o=(l,e,a,s)=>{if(e&&typeof e==\"object\"||typeof e==\"function\")for(let r of y(e))!f.call(l,r)&&r!==a&&i(l,r,{get:()=>e[r],enumerable:!(s=E(e,r))||s.enumerable});return l};var m=(l,e,a)=>(a=l!=null?p(g(l)):{},o(e||!l||!l.__esModule?i(a,\"default\",{value:l,enumerable:!0}):a,l)),F=l=>o(i({},\"__esModule\",{value:!0}),l);var t=u((w,c)=>{c.exports=_jsx_runtime});var k={};x(k,{default:()=>h,frontmatter:()=>b});var n=m(t()),b={title:\"Dashboard Layout Options\",description:\"Choose between two different layout options for your dashboard.\"};function d(l){let e={a:\"a\",code:\"code\",figure:\"figure\",h2:\"h2\",li:\"li\",ol:\"ol\",p:\"p\",pre:\"pre\",span:\"span\",strong:\"strong\",...l.components};return(0,n.jsxs)(n.Fragment,{children:[(0,n.jsxs)(e.h2,{id:\"integrations--best-practices\",children:[(0,n.jsx)(e.a,{className:\"subheading-anchor\",\"aria-label\":\"Link to section\",href:\"#integrations--best-practices\",children:(0,n.jsx)(e.span,{className:\"icon icon-link\"})}),\"Integrations & Best Practices\"]}),`\n`,(0,n.jsx)(e.p,{children:\"All integrations mentioned in these documentation pages are already properly integrated using best practices within the project. These documentation pages are primarily for developers who want to dive deep into the code and understand the implementation details.\"}),`\n`,(0,n.jsx)(e.p,{children:\"This documentation guides you through customizing your dashboard layouts using the Get Cracked Starter SaaS boilerplate template. You have the flexibility to choose between two distinct layout options, designed for easy integration and customization.\"}),`\n`,(0,n.jsxs)(e.h2,{id:\"centered-sidebar-and-main-content\",children:[(0,n.jsx)(e.a,{className:\"subheading-anchor\",\"aria-label\":\"Link to section\",href:\"#centered-sidebar-and-main-content\",children:(0,n.jsx)(e.span,{className:\"icon icon-link\"})}),\"Centered Sidebar and Main Content\"]}),`\n`,(0,n.jsx)(e.p,{children:\"This layout centers both the sidebar and the main content, providing a clean and organized presentation. It's ideal for dashboards where a balanced visual flow is preferred.\"}),`\n`,(0,n.jsx)(e.figure,{\"data-rehype-pretty-code-figure\":\"\",children:(0,n.jsx)(e.pre,{style:{backgroundColor:\"#24292e\",color:\"#e1e4e8\"},tabIndex:\"0\",\"data-language\":\"tsx\",\"data-theme\":\"github-dark\",__rawString__:`<MaxWidthWrapper className=\"max-w-[1650px] px-0\">\n  <div className=\"relative flex min-h-screen w-full\">\n    <DashboardSidebar links={filteredLinks} />\n\n    <div className=\"flex flex-1 flex-col\">\n      <header className=\"bg-background sticky top-0 z-50 flex h-14 items-center gap-3 px-4 lg:h-[60px] xl:px-10\">\n        <MobileSheetSidebar links={filteredLinks} />\n\n        <div className=\"w-full flex-1\">\n          <SearchCommand links={filteredLinks} />\n        </div>\n\n        <ModeToggle />\n        <UserAccountNav />\n      </header>\n\n      <main className=\"flex flex-1 flex-col gap-4 p-4 lg:gap-6 xl:px-10\">\n        {children}\n      </main>\n    </div>\n  </div>\n</MaxWidthWrapper>\n`,children:(0,n.jsxs)(e.code,{\"data-language\":\"tsx\",\"data-theme\":\"github-dark\",style:{display:\"grid\"},children:[(0,n.jsxs)(e.span,{\"data-line\":\"\",children:[(0,n.jsx)(e.span,{style:{color:\"#E1E4E8\"},children:\"<\"}),(0,n.jsx)(e.span,{style:{color:\"#79B8FF\"},children:\"MaxWidthWrapper\"}),(0,n.jsx)(e.span,{style:{color:\"#B392F0\"},children:\" className\"}),(0,n.jsx)(e.span,{style:{color:\"#F97583\"},children:\"=\"}),(0,n.jsx)(e.span,{style:{color:\"#9ECBFF\"},children:'\"max-w-[1650px] px-0\"'}),(0,n.jsx)(e.span,{style:{color:\"#E1E4E8\"},children:\">\"})]}),`\n`,(0,n.jsxs)(e.span,{\"data-line\":\"\",children:[(0,n.jsx)(e.span,{style:{color:\"#E1E4E8\"},children:\"  <\"}),(0,n.jsx)(e.span,{style:{color:\"#85E89D\"},children:\"div\"}),(0,n.jsx)(e.span,{style:{color:\"#B392F0\"},children:\" className\"}),(0,n.jsx)(e.span,{style:{color:\"#F97583\"},children:\"=\"}),(0,n.jsx)(e.span,{style:{color:\"#9ECBFF\"},children:'\"relative flex min-h-screen w-full\"'}),(0,n.jsx)(e.span,{style:{color:\"#E1E4E8\"},children:\">\"})]}),`\n`,(0,n.jsxs)(e.span,{\"data-line\":\"\",children:[(0,n.jsx)(e.span,{style:{color:\"#E1E4E8\"},children:\"    <\"}),(0,n.jsx)(e.span,{style:{color:\"#79B8FF\"},children:\"DashboardSidebar\"}),(0,n.jsx)(e.span,{style:{color:\"#B392F0\"},children:\" links\"}),(0,n.jsx)(e.span,{style:{color:\"#F97583\"},children:\"=\"}),(0,n.jsx)(e.span,{style:{color:\"#E1E4E8\"},children:\"{filteredLinks} />\"})]}),`\n`,(0,n.jsx)(e.span,{\"data-line\":\"\",children:\" \"}),`\n`,(0,n.jsxs)(e.span,{\"data-line\":\"\",children:[(0,n.jsx)(e.span,{style:{color:\"#E1E4E8\"},children:\"    <\"}),(0,n.jsx)(e.span,{style:{color:\"#85E89D\"},children:\"div\"}),(0,n.jsx)(e.span,{style:{color:\"#B392F0\"},children:\" className\"}),(0,n.jsx)(e.span,{style:{color:\"#F97583\"},children:\"=\"}),(0,n.jsx)(e.span,{style:{color:\"#9ECBFF\"},children:'\"flex flex-1 flex-col\"'}),(0,n.jsx)(e.span,{style:{color:\"#E1E4E8\"},children:\">\"})]}),`\n`,(0,n.jsxs)(e.span,{\"data-line\":\"\",children:[(0,n.jsx)(e.span,{style:{color:\"#E1E4E8\"},children:\"      <\"}),(0,n.jsx)(e.span,{style:{color:\"#85E89D\"},children:\"header\"}),(0,n.jsx)(e.span,{style:{color:\"#B392F0\"},children:\" className\"}),(0,n.jsx)(e.span,{style:{color:\"#F97583\"},children:\"=\"}),(0,n.jsx)(e.span,{style:{color:\"#9ECBFF\"},children:'\"bg-background sticky top-0 z-50 flex h-14 items-center gap-3 px-4 lg:h-[60px] xl:px-10\"'}),(0,n.jsx)(e.span,{style:{color:\"#E1E4E8\"},children:\">\"})]}),`\n`,(0,n.jsxs)(e.span,{\"data-line\":\"\",children:[(0,n.jsx)(e.span,{style:{color:\"#E1E4E8\"},children:\"        <\"}),(0,n.jsx)(e.span,{style:{color:\"#79B8FF\"},children:\"MobileSheetSidebar\"}),(0,n.jsx)(e.span,{style:{color:\"#B392F0\"},children:\" links\"}),(0,n.jsx)(e.span,{style:{color:\"#F97583\"},children:\"=\"}),(0,n.jsx)(e.span,{style:{color:\"#E1E4E8\"},children:\"{filteredLinks} />\"})]}),`\n`,(0,n.jsx)(e.span,{\"data-line\":\"\",children:\" \"}),`\n`,(0,n.jsxs)(e.span,{\"data-line\":\"\",children:[(0,n.jsx)(e.span,{style:{color:\"#E1E4E8\"},children:\"        <\"}),(0,n.jsx)(e.span,{style:{color:\"#85E89D\"},children:\"div\"}),(0,n.jsx)(e.span,{style:{color:\"#B392F0\"},children:\" className\"}),(0,n.jsx)(e.span,{style:{color:\"#F97583\"},children:\"=\"}),(0,n.jsx)(e.span,{style:{color:\"#9ECBFF\"},children:'\"w-full flex-1\"'}),(0,n.jsx)(e.span,{style:{color:\"#E1E4E8\"},children:\">\"})]}),`\n`,(0,n.jsxs)(e.span,{\"data-line\":\"\",children:[(0,n.jsx)(e.span,{style:{color:\"#E1E4E8\"},children:\"          <\"}),(0,n.jsx)(e.span,{style:{color:\"#79B8FF\"},children:\"SearchCommand\"}),(0,n.jsx)(e.span,{style:{color:\"#B392F0\"},children:\" links\"}),(0,n.jsx)(e.span,{style:{color:\"#F97583\"},children:\"=\"}),(0,n.jsx)(e.span,{style:{color:\"#E1E4E8\"},children:\"{filteredLinks} />\"})]}),`\n`,(0,n.jsxs)(e.span,{\"data-line\":\"\",children:[(0,n.jsx)(e.span,{style:{color:\"#E1E4E8\"},children:\"        </\"}),(0,n.jsx)(e.span,{style:{color:\"#85E89D\"},children:\"div\"}),(0,n.jsx)(e.span,{style:{color:\"#E1E4E8\"},children:\">\"})]}),`\n`,(0,n.jsx)(e.span,{\"data-line\":\"\",children:\" \"}),`\n`,(0,n.jsxs)(e.span,{\"data-line\":\"\",children:[(0,n.jsx)(e.span,{style:{color:\"#E1E4E8\"},children:\"        <\"}),(0,n.jsx)(e.span,{style:{color:\"#79B8FF\"},children:\"ModeToggle\"}),(0,n.jsx)(e.span,{style:{color:\"#E1E4E8\"},children:\" />\"})]}),`\n`,(0,n.jsxs)(e.span,{\"data-line\":\"\",children:[(0,n.jsx)(e.span,{style:{color:\"#E1E4E8\"},children:\"        <\"}),(0,n.jsx)(e.span,{style:{color:\"#79B8FF\"},children:\"UserAccountNav\"}),(0,n.jsx)(e.span,{style:{color:\"#E1E4E8\"},children:\" />\"})]}),`\n`,(0,n.jsxs)(e.span,{\"data-line\":\"\",children:[(0,n.jsx)(e.span,{style:{color:\"#E1E4E8\"},children:\"      </\"}),(0,n.jsx)(e.span,{style:{color:\"#85E89D\"},children:\"header\"}),(0,n.jsx)(e.span,{style:{color:\"#E1E4E8\"},children:\">\"})]}),`\n`,(0,n.jsx)(e.span,{\"data-line\":\"\",children:\" \"}),`\n`,(0,n.jsxs)(e.span,{\"data-line\":\"\",children:[(0,n.jsx)(e.span,{style:{color:\"#E1E4E8\"},children:\"      <\"}),(0,n.jsx)(e.span,{style:{color:\"#85E89D\"},children:\"main\"}),(0,n.jsx)(e.span,{style:{color:\"#B392F0\"},children:\" className\"}),(0,n.jsx)(e.span,{style:{color:\"#F97583\"},children:\"=\"}),(0,n.jsx)(e.span,{style:{color:\"#9ECBFF\"},children:'\"flex flex-1 flex-col gap-4 p-4 lg:gap-6 xl:px-10\"'}),(0,n.jsx)(e.span,{style:{color:\"#E1E4E8\"},children:\">\"})]}),`\n`,(0,n.jsx)(e.span,{\"data-line\":\"\",children:(0,n.jsx)(e.span,{style:{color:\"#E1E4E8\"},children:\"        {children}\"})}),`\n`,(0,n.jsxs)(e.span,{\"data-line\":\"\",children:[(0,n.jsx)(e.span,{style:{color:\"#E1E4E8\"},children:\"      </\"}),(0,n.jsx)(e.span,{style:{color:\"#85E89D\"},children:\"main\"}),(0,n.jsx)(e.span,{style:{color:\"#E1E4E8\"},children:\">\"})]}),`\n`,(0,n.jsxs)(e.span,{\"data-line\":\"\",children:[(0,n.jsx)(e.span,{style:{color:\"#E1E4E8\"},children:\"    </\"}),(0,n.jsx)(e.span,{style:{color:\"#85E89D\"},children:\"div\"}),(0,n.jsx)(e.span,{style:{color:\"#E1E4E8\"},children:\">\"})]}),`\n`,(0,n.jsxs)(e.span,{\"data-line\":\"\",children:[(0,n.jsx)(e.span,{style:{color:\"#E1E4E8\"},children:\"  </\"}),(0,n.jsx)(e.span,{style:{color:\"#85E89D\"},children:\"div\"}),(0,n.jsx)(e.span,{style:{color:\"#E1E4E8\"},children:\">\"})]}),`\n`,(0,n.jsxs)(e.span,{\"data-line\":\"\",children:[(0,n.jsx)(e.span,{style:{color:\"#E1E4E8\"},children:\"</\"}),(0,n.jsx)(e.span,{style:{color:\"#79B8FF\"},children:\"MaxWidthWrapper\"}),(0,n.jsx)(e.span,{style:{color:\"#E1E4E8\"},children:\">\"})]})]})})}),`\n`,(0,n.jsxs)(e.h2,{id:\"fixed-sidebar-with-centered-main-content\",children:[(0,n.jsx)(e.a,{className:\"subheading-anchor\",\"aria-label\":\"Link to section\",href:\"#fixed-sidebar-with-centered-main-content\",children:(0,n.jsx)(e.span,{className:\"icon icon-link\"})}),\"Fixed Sidebar with Centered Main Content\"]}),`\n`,(0,n.jsx)(e.p,{children:\"This layout features a sidebar fixed to the left side of the window, with only the main content area being centered. This traditional arrangement is the default for the template, offering a familiar and efficient user experience.\"}),`\n`,(0,n.jsx)(e.figure,{\"data-rehype-pretty-code-figure\":\"\",children:(0,n.jsx)(e.pre,{style:{backgroundColor:\"#24292e\",color:\"#e1e4e8\"},tabIndex:\"0\",\"data-language\":\"tsx\",\"data-theme\":\"github-dark\",__rawString__:`<div className=\"relative flex min-h-screen w-full\">\n  <DashboardSidebar links={filteredLinks} />\n\n  <div className=\"flex flex-1 flex-col\">\n    <header className=\"bg-background sticky top-0 z-50 flex h-14 px-4 lg:h-[60px] xl:px-8\">\n      <MaxWidthWrapper className=\"flex max-w-7xl items-center gap-x-3 px-0\">\n        <MobileSheetSidebar links={filteredLinks} />\n\n        <div className=\"w-full flex-1\">\n          <SearchCommand links={filteredLinks} />\n        </div>\n\n        <ModeToggle />\n        <UserAccountNav />\n      </MaxWidthWrapper>\n    </header>\n\n    <main className=\"flex-1 p-4 xl:px-8\">\n      <MaxWidthWrapper className=\"flex h-full max-w-7xl flex-col gap-4 px-0 lg:gap-6\">\n        {children}\n      </MaxWidthWrapper>\n    </main>\n  </div>\n</div>\n`,children:(0,n.jsxs)(e.code,{\"data-language\":\"tsx\",\"data-theme\":\"github-dark\",style:{display:\"grid\"},children:[(0,n.jsxs)(e.span,{\"data-line\":\"\",children:[(0,n.jsx)(e.span,{style:{color:\"#E1E4E8\"},children:\"<\"}),(0,n.jsx)(e.span,{style:{color:\"#85E89D\"},children:\"div\"}),(0,n.jsx)(e.span,{style:{color:\"#B392F0\"},children:\" className\"}),(0,n.jsx)(e.span,{style:{color:\"#F97583\"},children:\"=\"}),(0,n.jsx)(e.span,{style:{color:\"#9ECBFF\"},children:'\"relative flex min-h-screen w-full\"'}),(0,n.jsx)(e.span,{style:{color:\"#E1E4E8\"},children:\">\"})]}),`\n`,(0,n.jsxs)(e.span,{\"data-line\":\"\",children:[(0,n.jsx)(e.span,{style:{color:\"#E1E4E8\"},children:\"  <\"}),(0,n.jsx)(e.span,{style:{color:\"#79B8FF\"},children:\"DashboardSidebar\"}),(0,n.jsx)(e.span,{style:{color:\"#B392F0\"},children:\" links\"}),(0,n.jsx)(e.span,{style:{color:\"#F97583\"},children:\"=\"}),(0,n.jsx)(e.span,{style:{color:\"#E1E4E8\"},children:\"{filteredLinks} />\"})]}),`\n`,(0,n.jsx)(e.span,{\"data-line\":\"\",children:\" \"}),`\n`,(0,n.jsxs)(e.span,{\"data-line\":\"\",children:[(0,n.jsx)(e.span,{style:{color:\"#E1E4E8\"},children:\"  <\"}),(0,n.jsx)(e.span,{style:{color:\"#85E89D\"},children:\"div\"}),(0,n.jsx)(e.span,{style:{color:\"#B392F0\"},children:\" className\"}),(0,n.jsx)(e.span,{style:{color:\"#F97583\"},children:\"=\"}),(0,n.jsx)(e.span,{style:{color:\"#9ECBFF\"},children:'\"flex flex-1 flex-col\"'}),(0,n.jsx)(e.span,{style:{color:\"#E1E4E8\"},children:\">\"})]}),`\n`,(0,n.jsxs)(e.span,{\"data-line\":\"\",children:[(0,n.jsx)(e.span,{style:{color:\"#E1E4E8\"},children:\"    <\"}),(0,n.jsx)(e.span,{style:{color:\"#85E89D\"},children:\"header\"}),(0,n.jsx)(e.span,{style:{color:\"#B392F0\"},children:\" className\"}),(0,n.jsx)(e.span,{style:{color:\"#F97583\"},children:\"=\"}),(0,n.jsx)(e.span,{style:{color:\"#9ECBFF\"},children:'\"bg-background sticky top-0 z-50 flex h-14 px-4 lg:h-[60px] xl:px-8\"'}),(0,n.jsx)(e.span,{style:{color:\"#E1E4E8\"},children:\">\"})]}),`\n`,(0,n.jsxs)(e.span,{\"data-line\":\"\",children:[(0,n.jsx)(e.span,{style:{color:\"#E1E4E8\"},children:\"      <\"}),(0,n.jsx)(e.span,{style:{color:\"#79B8FF\"},children:\"MaxWidthWrapper\"}),(0,n.jsx)(e.span,{style:{color:\"#B392F0\"},children:\" className\"}),(0,n.jsx)(e.span,{style:{color:\"#F97583\"},children:\"=\"}),(0,n.jsx)(e.span,{style:{color:\"#9ECBFF\"},children:'\"flex max-w-7xl items-center gap-x-3 px-0\"'}),(0,n.jsx)(e.span,{style:{color:\"#E1E4E8\"},children:\">\"})]}),`\n`,(0,n.jsxs)(e.span,{\"data-line\":\"\",children:[(0,n.jsx)(e.span,{style:{color:\"#E1E4E8\"},children:\"        <\"}),(0,n.jsx)(e.span,{style:{color:\"#79B8FF\"},children:\"MobileSheetSidebar\"}),(0,n.jsx)(e.span,{style:{color:\"#B392F0\"},children:\" links\"}),(0,n.jsx)(e.span,{style:{color:\"#F97583\"},children:\"=\"}),(0,n.jsx)(e.span,{style:{color:\"#E1E4E8\"},children:\"{filteredLinks} />\"})]}),`\n`,(0,n.jsx)(e.span,{\"data-line\":\"\",children:\" \"}),`\n`,(0,n.jsxs)(e.span,{\"data-line\":\"\",children:[(0,n.jsx)(e.span,{style:{color:\"#E1E4E8\"},children:\"        <\"}),(0,n.jsx)(e.span,{style:{color:\"#85E89D\"},children:\"div\"}),(0,n.jsx)(e.span,{style:{color:\"#B392F0\"},children:\" className\"}),(0,n.jsx)(e.span,{style:{color:\"#F97583\"},children:\"=\"}),(0,n.jsx)(e.span,{style:{color:\"#9ECBFF\"},children:'\"w-full flex-1\"'}),(0,n.jsx)(e.span,{style:{color:\"#E1E4E8\"},children:\">\"})]}),`\n`,(0,n.jsxs)(e.span,{\"data-line\":\"\",children:[(0,n.jsx)(e.span,{style:{color:\"#E1E4E8\"},children:\"          <\"}),(0,n.jsx)(e.span,{style:{color:\"#79B8FF\"},children:\"SearchCommand\"}),(0,n.jsx)(e.span,{style:{color:\"#B392F0\"},children:\" links\"}),(0,n.jsx)(e.span,{style:{color:\"#F97583\"},children:\"=\"}),(0,n.jsx)(e.span,{style:{color:\"#E1E4E8\"},children:\"{filteredLinks} />\"})]}),`\n`,(0,n.jsxs)(e.span,{\"data-line\":\"\",children:[(0,n.jsx)(e.span,{style:{color:\"#E1E4E8\"},children:\"        </\"}),(0,n.jsx)(e.span,{style:{color:\"#85E89D\"},children:\"div\"}),(0,n.jsx)(e.span,{style:{color:\"#E1E4E8\"},children:\">\"})]}),`\n`,(0,n.jsx)(e.span,{\"data-line\":\"\",children:\" \"}),`\n`,(0,n.jsxs)(e.span,{\"data-line\":\"\",children:[(0,n.jsx)(e.span,{style:{color:\"#E1E4E8\"},children:\"        <\"}),(0,n.jsx)(e.span,{style:{color:\"#79B8FF\"},children:\"ModeToggle\"}),(0,n.jsx)(e.span,{style:{color:\"#E1E4E8\"},children:\" />\"})]}),`\n`,(0,n.jsxs)(e.span,{\"data-line\":\"\",children:[(0,n.jsx)(e.span,{style:{color:\"#E1E4E8\"},children:\"        <\"}),(0,n.jsx)(e.span,{style:{color:\"#79B8FF\"},children:\"UserAccountNav\"}),(0,n.jsx)(e.span,{style:{color:\"#E1E4E8\"},children:\" />\"})]}),`\n`,(0,n.jsxs)(e.span,{\"data-line\":\"\",children:[(0,n.jsx)(e.span,{style:{color:\"#E1E4E8\"},children:\"      </\"}),(0,n.jsx)(e.span,{style:{color:\"#79B8FF\"},children:\"MaxWidthWrapper\"}),(0,n.jsx)(e.span,{style:{color:\"#E1E4E8\"},children:\">\"})]}),`\n`,(0,n.jsxs)(e.span,{\"data-line\":\"\",children:[(0,n.jsx)(e.span,{style:{color:\"#E1E4E8\"},children:\"    </\"}),(0,n.jsx)(e.span,{style:{color:\"#85E89D\"},children:\"header\"}),(0,n.jsx)(e.span,{style:{color:\"#E1E4E8\"},children:\">\"})]}),`\n`,(0,n.jsx)(e.span,{\"data-line\":\"\",children:\" \"}),`\n`,(0,n.jsxs)(e.span,{\"data-line\":\"\",children:[(0,n.jsx)(e.span,{style:{color:\"#E1E4E8\"},children:\"    <\"}),(0,n.jsx)(e.span,{style:{color:\"#85E89D\"},children:\"main\"}),(0,n.jsx)(e.span,{style:{color:\"#B392F0\"},children:\" className\"}),(0,n.jsx)(e.span,{style:{color:\"#F97583\"},children:\"=\"}),(0,n.jsx)(e.span,{style:{color:\"#9ECBFF\"},children:'\"flex-1 p-4 xl:px-8\"'}),(0,n.jsx)(e.span,{style:{color:\"#E1E4E8\"},children:\">\"})]}),`\n`,(0,n.jsxs)(e.span,{\"data-line\":\"\",children:[(0,n.jsx)(e.span,{style:{color:\"#E1E4E8\"},children:\"      <\"}),(0,n.jsx)(e.span,{style:{color:\"#79B8FF\"},children:\"MaxWidthWrapper\"}),(0,n.jsx)(e.span,{style:{color:\"#B392F0\"},children:\" className\"}),(0,n.jsx)(e.span,{style:{color:\"#F97583\"},children:\"=\"}),(0,n.jsx)(e.span,{style:{color:\"#9ECBFF\"},children:'\"flex h-full max-w-7xl flex-col gap-4 px-0 lg:gap-6\"'}),(0,n.jsx)(e.span,{style:{color:\"#E1E4E8\"},children:\">\"})]}),`\n`,(0,n.jsx)(e.span,{\"data-line\":\"\",children:(0,n.jsx)(e.span,{style:{color:\"#E1E4E8\"},children:\"        {children}\"})}),`\n`,(0,n.jsxs)(e.span,{\"data-line\":\"\",children:[(0,n.jsx)(e.span,{style:{color:\"#E1E4E8\"},children:\"      </\"}),(0,n.jsx)(e.span,{style:{color:\"#79B8FF\"},children:\"MaxWidthWrapper\"}),(0,n.jsx)(e.span,{style:{color:\"#E1E4E8\"},children:\">\"})]}),`\n`,(0,n.jsxs)(e.span,{\"data-line\":\"\",children:[(0,n.jsx)(e.span,{style:{color:\"#E1E4E8\"},children:\"    </\"}),(0,n.jsx)(e.span,{style:{color:\"#85E89D\"},children:\"main\"}),(0,n.jsx)(e.span,{style:{color:\"#E1E4E8\"},children:\">\"})]}),`\n`,(0,n.jsxs)(e.span,{\"data-line\":\"\",children:[(0,n.jsx)(e.span,{style:{color:\"#E1E4E8\"},children:\"  </\"}),(0,n.jsx)(e.span,{style:{color:\"#85E89D\"},children:\"div\"}),(0,n.jsx)(e.span,{style:{color:\"#E1E4E8\"},children:\">\"})]}),`\n`,(0,n.jsxs)(e.span,{\"data-line\":\"\",children:[(0,n.jsx)(e.span,{style:{color:\"#E1E4E8\"},children:\"</\"}),(0,n.jsx)(e.span,{style:{color:\"#85E89D\"},children:\"div\"}),(0,n.jsx)(e.span,{style:{color:\"#E1E4E8\"},children:\">\"})]})]})})}),`\n`,(0,n.jsxs)(e.h2,{id:\"switching-between-layouts\",children:[(0,n.jsx)(e.a,{className:\"subheading-anchor\",\"aria-label\":\"Link to section\",href:\"#switching-between-layouts\",children:(0,n.jsx)(e.span,{className:\"icon icon-link\"})}),\"Switching Between Layouts\"]}),`\n`,(0,n.jsx)(e.p,{children:'To switch between the \"Centered Sidebar and Main Content\" and \"Fixed Sidebar with Centered Main Content\" layouts, you will typically modify a configuration setting within your template.'}),`\n`,(0,n.jsxs)(e.ol,{children:[`\n`,(0,n.jsxs)(e.li,{children:[(0,n.jsx)(e.strong,{children:\"Locate the Configuration File\"}),\": The layout preference is often managed in a central configuration file, such as \",(0,n.jsx)(e.code,{children:\"config.ts\"}),\" or \",(0,n.jsx)(e.code,{children:\"layout.config.ts\"}),\", usually found in the \",(0,n.jsx)(e.code,{children:\"config/\"}),\" or \",(0,n.jsx)(e.code,{children:\"lib/\"}),\" directory of your project.\"]}),`\n`,(0,n.jsxs)(e.li,{children:[(0,n.jsx)(e.strong,{children:\"Modify the Layout Setting\"}),\": Inside this file, look for a variable or object related to layout settings. For example, you might find a setting like \",(0,n.jsx)(e.code,{children:\"defaultLayout: 'fixed'\"}),\" or \",(0,n.jsx)(e.code,{children:\"layoutStyle: 'centered'\"}),\".\"]}),`\n`,(0,n.jsxs)(e.li,{children:[(0,n.jsx)(e.strong,{children:\"Update the Value\"}),': Change the value to reflect your desired layout. For instance, if you want the \"Centered Sidebar and Main Content\" layout, you might change the setting to ',(0,n.jsx)(e.code,{children:\"defaultLayout: 'centered'\"}),\" or \",(0,n.jsx)(e.code,{children:\"layoutStyle: 'stripe-like'\"}),\".\"]}),`\n`]}),`\n`,(0,n.jsx)(e.p,{children:\"Here's an example of what the configuration might look like (actual implementation may vary):\"}),`\n`,(0,n.jsx)(e.figure,{\"data-rehype-pretty-code-figure\":\"\",children:(0,n.jsx)(e.pre,{style:{backgroundColor:\"#24292e\",color:\"#e1e4e8\"},tabIndex:\"0\",\"data-language\":\"typescript\",\"data-theme\":\"github-dark\",__rawString__:`// config/layout.config.ts (example)\n\nexport const dashboardConfig = {\n  // ... other configurations\n  layout: {\n    style: 'fixed', // or 'centered'\n  },\n  // ...\n};\n`,children:(0,n.jsxs)(e.code,{\"data-language\":\"typescript\",\"data-theme\":\"github-dark\",style:{display:\"grid\"},children:[(0,n.jsx)(e.span,{\"data-line\":\"\",children:(0,n.jsx)(e.span,{style:{color:\"#6A737D\"},children:\"// config/layout.config.ts (example)\"})}),`\n`,(0,n.jsx)(e.span,{\"data-line\":\"\",children:\" \"}),`\n`,(0,n.jsxs)(e.span,{\"data-line\":\"\",children:[(0,n.jsx)(e.span,{style:{color:\"#F97583\"},children:\"export\"}),(0,n.jsx)(e.span,{style:{color:\"#F97583\"},children:\" const\"}),(0,n.jsx)(e.span,{style:{color:\"#79B8FF\"},children:\" dashboardConfig\"}),(0,n.jsx)(e.span,{style:{color:\"#F97583\"},children:\" =\"}),(0,n.jsx)(e.span,{style:{color:\"#E1E4E8\"},children:\" {\"})]}),`\n`,(0,n.jsx)(e.span,{\"data-line\":\"\",children:(0,n.jsx)(e.span,{style:{color:\"#6A737D\"},children:\"  // ... other configurations\"})}),`\n`,(0,n.jsx)(e.span,{\"data-line\":\"\",children:(0,n.jsx)(e.span,{style:{color:\"#E1E4E8\"},children:\"  layout: {\"})}),`\n`,(0,n.jsxs)(e.span,{\"data-line\":\"\",children:[(0,n.jsx)(e.span,{style:{color:\"#E1E4E8\"},children:\"    style: \"}),(0,n.jsx)(e.span,{style:{color:\"#9ECBFF\"},children:\"'fixed'\"}),(0,n.jsx)(e.span,{style:{color:\"#E1E4E8\"},children:\", \"}),(0,n.jsx)(e.span,{style:{color:\"#6A737D\"},children:\"// or 'centered'\"})]}),`\n`,(0,n.jsx)(e.span,{\"data-line\":\"\",children:(0,n.jsx)(e.span,{style:{color:\"#E1E4E8\"},children:\"  },\"})}),`\n`,(0,n.jsx)(e.span,{\"data-line\":\"\",children:(0,n.jsx)(e.span,{style:{color:\"#6A737D\"},children:\"  // ...\"})}),`\n`,(0,n.jsx)(e.span,{\"data-line\":\"\",children:(0,n.jsx)(e.span,{style:{color:\"#E1E4E8\"},children:\"};\"})})]})})}),`\n`,(0,n.jsx)(e.p,{children:`After saving your changes, the application should automatically update to use the newly selected layout. If you don't see the changes immediately, you might need to restart your development server.\nChoose the layout that best suits your application's design and user experience needs. The Get Cracked Starter template provides these options to ensure your dashboard is both functional and aesthetically pleasing.`})]})}function h(l={}){let{wrapper:e}=l.components||{};return e?(0,n.jsx)(e,{...l,children:(0,n.jsx)(d,{...l})}):d(l)}return F(k);})();\n;return Component;"
  },
  "_id": "docs/configuration/layouts.mdx",
  "_raw": {
    "sourceFilePath": "docs/configuration/layouts.mdx",
    "sourceFileName": "layouts.mdx",
    "sourceFileDir": "docs/configuration",
    "contentType": "mdx",
    "flattenedPath": "docs/configuration/layouts"
  },
  "type": "Doc",
  "slug": "/docs/configuration/layouts",
  "slugAsParams": "configuration/layouts",
  "images": []
}