{
  "title": "Markdown Files",
  "description": "How to manage content using Markdown and Contentlayer in your Get Cracked Starter SaaS template.",
  "published": true,
  "body": {
    "raw": "\n## Integrations &amp; Best Practices\n\nAll integrations mentioned in these documentation pages are already properly integrated using best practices within the project. These documentation pages are primarily for developers who want to dive deep into the code and understand the implementation details.\n\nYour Get Cracked Starter SaaS template leverages [Contentlayer](https://contentlayer.dev/) and [MDX](https://mdxjs.com/) to manage blog posts, documentation, and static pages. This setup provides a powerful and flexible way to organize your content directly within your project.\n\n## Contentlayer Overview\n\nContentlayer acts as a Markdown-based Content Management System (CMS) that is pre-configured in your template. It allows you to define the structure of your content using Markdown files and provides a straightforward API to access this data within your Next.js application.\n\nThe primary benefit of Contentlayer in this template is its ability to:\n-   **Organize Content**: Keep all your content files (blog posts, docs, pages) structured within designated directories.\n-   **Define Data Models**: The template comes with pre-defined data models for different content types, ensuring consistency and ease of use.\n-   **Access Content Easily**: Contentlayer processes your Markdown files into ready-to-use JavaScript objects, which you can import and render in your React components.\n\n## Managing Content with Markdown and Frontmatter\n\nAll content in your template is written in Markdown (`.mdx`) files. These files include a \"frontmatter\" section at the top, which is a YAML block containing metadata about the content (e.g., title, description, author).\n\n### Content Directories\n\nYour template is set up with the following content directories:\n\n-   [`content/blog`](content/blog): For all your blog posts.\n-   [`content/docs`](content/docs): For your product documentation.\n-   [`content/pages`](content/pages): For static pages like \"About Us,\" \"Privacy Policy,\" or \"Terms of Service.\"\n-   [`content/guides`](content/guides): For detailed guides or tutorials.\n\n### Creating New Content\n\nTo create new content, simply add a new `.mdx` file within the appropriate directory.\n\n**Example: Creating a new blog post**\n\n1.  Navigate to the [`content/blog`](content/blog) directory.\n2.  Create a new file, for example, `my-new-post.mdx`.\n3.  Add your content, including the frontmatter, at the top of the file:\n\n    ```md\n    ---\n    title: My Awesome New Blog Post\n    description: This is a great post about something interesting.\n    date: \"YYYY-MM-DD\"\n    image: /_static/blog/my-new-post-image.jpg\n    authors:\n      - your-author-slug\n    ---\n\n    ## Introduction\n\n    This is the main content of your blog post, written in Markdown.\n\n    You can use **bold** text, *italic* text, [links](https://example.com), and more.\n\n    ```\n\n### Customizing `contentlayer.config.js`\n\nYour template includes a [`contentlayer.config.js`](contentlayer.config.ts) file at the root of your project. This file defines the Contentlayer schema, specifying how your Markdown files are processed and what fields are available in their frontmatter.\n\n**Location**: [`contentlayer.config.js`](contentlayer.config.ts)\n\nYou generally won't need to modify this file for basic content management. However, if you wish to:\n-   Add new content types (e.g., `Tutorial`).\n-   Add custom fields to existing content types (e.g., an `excerpt` field for blog posts).\n-   Change the file paths Contentlayer watches.\n\nYou can modify [`contentlayer.config.js`](contentlayer.config.ts) to suit your needs. The existing configuration provides examples for `Doc`, `Guide`, `Post`, and `Page` document types, including how to define required fields and computed fields like `slug`.\n\n### Example `contentlayer.config.js` Structure (Pre-configured)\n\n```typescript title=\"contentlayer.config.js\"\nimport { defineDocumentType, makeSource } from \"contentlayer/source-files\";\n\nconst computedFields = {\n  slug: {\n    type: \"string\",\n    resolve: (doc) => `/${doc._raw.flattenedPath}`,\n  },\n  slugAsParams: {\n    type: \"string\",\n    resolve: (doc) => doc._raw.flattenedPath.split(\"/\").slice(1).join(\"/\"),\n  },\n};\n\nexport const Doc = defineDocumentType(() => ({\n  name: \"Doc\",\n  filePathPattern: `docs/**/*.mdx`,\n  contentType: \"mdx\",\n  fields: {\n    title: { type: \"string\", required: true },\n    description: { type: \"string\" },\n    published: { type: \"boolean\", default: true },\n  },\n  computedFields,\n}));\n\nexport const Guide = defineDocumentType(() => ({\n  name: \"Guide\",\n  filePathPattern: `guides/**/*.mdx`,\n  contentType: \"mdx\",\n  fields: {\n    title: { type: \"string\", required: true },\n    description: { type: \"string\" },\n    date: { type: \"date\", required: true },\n    published: { type: \"boolean\", default: true },\n    featured: { type: \"boolean\", default: false },\n  },\n  computedFields,\n}));\n\nexport const Post = defineDocumentType(() => ({\n  name: \"Post\",\n  filePathPattern: `blog/**/*.mdx`,\n  contentType: \"mdx\",\n  fields: {\n    title: { type: \"string\", required: true },\n    description: { type: \"string\" },\n    date: { type: \"date\", required: true },\n    published: { type: \"boolean\", default: true },\n    image: { type: \"string\", required: true },\n    authors: { type: \"list\", of: { type: \"string\" }, required: true },\n  },\n  computedFields,\n}));\n\nexport const Page = defineDocumentType(() => ({\n  name: \"Page\",\n  filePathPattern: `pages/**/*.mdx`,\n  contentType: \"mdx\",\n  fields: {\n    title: { type: \"string\", required: true },\n    description: { type: \"string\" },\n  },\n  computedFields,\n}));\n\nexport default makeSource({\n  contentDirPath: \"./content\",\n  documentTypes: [Page, Doc, Guide, Post],\n  mdx: {},\n});\n```\n\nThis configuration ensures that your content is correctly parsed and available throughout your application.\n",
    "code": "var Component=(()=>{var p=Object.create;var o=Object.defineProperty;var E=Object.getOwnPropertyDescriptor;var y=Object.getOwnPropertyNames;var u=Object.getPrototypeOf,g=Object.prototype.hasOwnProperty;var F=(l,e)=>()=>(e||l((e={exports:{}}).exports,e),e.exports),m=(l,e)=>{for(var t in e)o(l,t,{get:e[t],enumerable:!0})},c=(l,e,t,i)=>{if(e&&typeof e==\"object\"||typeof e==\"function\")for(let r of y(e))!g.call(l,r)&&r!==t&&o(l,r,{get:()=>e[r],enumerable:!(i=E(e,r))||i.enumerable});return l};var f=(l,e,t)=>(t=l!=null?p(u(l)):{},c(e||!l||!l.__esModule?o(t,\"default\",{value:l,enumerable:!0}):t,l)),B=l=>c(o({},\"__esModule\",{value:!0}),l);var s=F((x,a)=>{a.exports=_jsx_runtime});var w={};m(w,{default:()=>h,frontmatter:()=>b});var n=f(s()),b={title:\"Markdown Files\",description:\"How to manage content using Markdown and Contentlayer in your Get Cracked Starter SaaS template.\"};function d(l){let e={a:\"a\",code:\"code\",figcaption:\"figcaption\",figure:\"figure\",h2:\"h2\",h3:\"h3\",li:\"li\",ol:\"ol\",p:\"p\",pre:\"pre\",span:\"span\",strong:\"strong\",ul:\"ul\",...l.components};return(0,n.jsxs)(n.Fragment,{children:[(0,n.jsxs)(e.h2,{id:\"integrations--best-practices\",children:[(0,n.jsx)(e.a,{className:\"subheading-anchor\",\"aria-label\":\"Link to section\",href:\"#integrations--best-practices\",children:(0,n.jsx)(e.span,{className:\"icon icon-link\"})}),\"Integrations & Best Practices\"]}),`\n`,(0,n.jsx)(e.p,{children:\"All integrations mentioned in these documentation pages are already properly integrated using best practices within the project. These documentation pages are primarily for developers who want to dive deep into the code and understand the implementation details.\"}),`\n`,(0,n.jsxs)(e.p,{children:[\"Your Get Cracked Starter SaaS template leverages \",(0,n.jsx)(e.a,{href:\"https://contentlayer.dev/\",children:\"Contentlayer\"}),\" and \",(0,n.jsx)(e.a,{href:\"https://mdxjs.com/\",children:\"MDX\"}),\" to manage blog posts, documentation, and static pages. This setup provides a powerful and flexible way to organize your content directly within your project.\"]}),`\n`,(0,n.jsxs)(e.h2,{id:\"contentlayer-overview\",children:[(0,n.jsx)(e.a,{className:\"subheading-anchor\",\"aria-label\":\"Link to section\",href:\"#contentlayer-overview\",children:(0,n.jsx)(e.span,{className:\"icon icon-link\"})}),\"Contentlayer Overview\"]}),`\n`,(0,n.jsx)(e.p,{children:\"Contentlayer acts as a Markdown-based Content Management System (CMS) that is pre-configured in your template. It allows you to define the structure of your content using Markdown files and provides a straightforward API to access this data within your Next.js application.\"}),`\n`,(0,n.jsx)(e.p,{children:\"The primary benefit of Contentlayer in this template is its ability to:\"}),`\n`,(0,n.jsxs)(e.ul,{children:[`\n`,(0,n.jsxs)(e.li,{children:[(0,n.jsx)(e.strong,{children:\"Organize Content\"}),\": Keep all your content files (blog posts, docs, pages) structured within designated directories.\"]}),`\n`,(0,n.jsxs)(e.li,{children:[(0,n.jsx)(e.strong,{children:\"Define Data Models\"}),\": The template comes with pre-defined data models for different content types, ensuring consistency and ease of use.\"]}),`\n`,(0,n.jsxs)(e.li,{children:[(0,n.jsx)(e.strong,{children:\"Access Content Easily\"}),\": Contentlayer processes your Markdown files into ready-to-use JavaScript objects, which you can import and render in your React components.\"]}),`\n`]}),`\n`,(0,n.jsxs)(e.h2,{id:\"managing-content-with-markdown-and-frontmatter\",children:[(0,n.jsx)(e.a,{className:\"subheading-anchor\",\"aria-label\":\"Link to section\",href:\"#managing-content-with-markdown-and-frontmatter\",children:(0,n.jsx)(e.span,{className:\"icon icon-link\"})}),\"Managing Content with Markdown and Frontmatter\"]}),`\n`,(0,n.jsxs)(e.p,{children:[\"All content in your template is written in Markdown (\",(0,n.jsx)(e.code,{children:\".mdx\"}),') files. These files include a \"frontmatter\" section at the top, which is a YAML block containing metadata about the content (e.g., title, description, author).']}),`\n`,(0,n.jsxs)(e.h3,{id:\"content-directories\",children:[(0,n.jsx)(e.a,{className:\"subheading-anchor\",\"aria-label\":\"Link to section\",href:\"#content-directories\",children:(0,n.jsx)(e.span,{className:\"icon icon-link\"})}),\"Content Directories\"]}),`\n`,(0,n.jsx)(e.p,{children:\"Your template is set up with the following content directories:\"}),`\n`,(0,n.jsxs)(e.ul,{children:[`\n`,(0,n.jsxs)(e.li,{children:[(0,n.jsx)(e.a,{href:\"content/blog\",children:(0,n.jsx)(e.code,{children:\"content/blog\"})}),\": For all your blog posts.\"]}),`\n`,(0,n.jsxs)(e.li,{children:[(0,n.jsx)(e.a,{href:\"content/docs\",children:(0,n.jsx)(e.code,{children:\"content/docs\"})}),\": For your product documentation.\"]}),`\n`,(0,n.jsxs)(e.li,{children:[(0,n.jsx)(e.a,{href:\"content/pages\",children:(0,n.jsx)(e.code,{children:\"content/pages\"})}),': For static pages like \"About Us,\" \"Privacy Policy,\" or \"Terms of Service.\"']}),`\n`,(0,n.jsxs)(e.li,{children:[(0,n.jsx)(e.a,{href:\"content/guides\",children:(0,n.jsx)(e.code,{children:\"content/guides\"})}),\": For detailed guides or tutorials.\"]}),`\n`]}),`\n`,(0,n.jsxs)(e.h3,{id:\"creating-new-content\",children:[(0,n.jsx)(e.a,{className:\"subheading-anchor\",\"aria-label\":\"Link to section\",href:\"#creating-new-content\",children:(0,n.jsx)(e.span,{className:\"icon icon-link\"})}),\"Creating New Content\"]}),`\n`,(0,n.jsxs)(e.p,{children:[\"To create new content, simply add a new \",(0,n.jsx)(e.code,{children:\".mdx\"}),\" file within the appropriate directory.\"]}),`\n`,(0,n.jsx)(e.p,{children:(0,n.jsx)(e.strong,{children:\"Example: Creating a new blog post\"})}),`\n`,(0,n.jsxs)(e.ol,{children:[`\n`,(0,n.jsxs)(e.li,{children:[`\n`,(0,n.jsxs)(e.p,{children:[\"Navigate to the \",(0,n.jsx)(e.a,{href:\"content/blog\",children:(0,n.jsx)(e.code,{children:\"content/blog\"})}),\" directory.\"]}),`\n`]}),`\n`,(0,n.jsxs)(e.li,{children:[`\n`,(0,n.jsxs)(e.p,{children:[\"Create a new file, for example, \",(0,n.jsx)(e.code,{children:\"my-new-post.mdx\"}),\".\"]}),`\n`]}),`\n`,(0,n.jsxs)(e.li,{children:[`\n`,(0,n.jsx)(e.p,{children:\"Add your content, including the frontmatter, at the top of the file:\"}),`\n`,(0,n.jsx)(e.figure,{\"data-rehype-pretty-code-figure\":\"\",children:(0,n.jsx)(e.pre,{style:{backgroundColor:\"#24292e\",color:\"#e1e4e8\"},tabIndex:\"0\",\"data-language\":\"md\",\"data-theme\":\"github-dark\",__rawString__:`---\ntitle: My Awesome New Blog Post\ndescription: This is a great post about something interesting.\ndate: \"YYYY-MM-DD\"\nimage: /_static/blog/my-new-post-image.jpg\nauthors:\n  - your-author-slug\n---\n\n## Introduction\n\nThis is the main content of your blog post, written in Markdown.\n\nYou can use **bold** text, *italic* text, [links](https://example.com), and more.\n\n`,children:(0,n.jsxs)(e.code,{\"data-language\":\"md\",\"data-theme\":\"github-dark\",style:{display:\"grid\"},children:[(0,n.jsx)(e.span,{\"data-line\":\"\",children:(0,n.jsx)(e.span,{style:{color:\"#79B8FF\",fontWeight:\"bold\"},children:\"---\"})}),`\n`,(0,n.jsx)(e.span,{\"data-line\":\"\",children:(0,n.jsx)(e.span,{style:{color:\"#E1E4E8\"},children:\"title: My Awesome New Blog Post\"})}),`\n`,(0,n.jsx)(e.span,{\"data-line\":\"\",children:(0,n.jsx)(e.span,{style:{color:\"#E1E4E8\"},children:\"description: This is a great post about something interesting.\"})}),`\n`,(0,n.jsx)(e.span,{\"data-line\":\"\",children:(0,n.jsx)(e.span,{style:{color:\"#E1E4E8\"},children:'date: \"YYYY-MM-DD\"'})}),`\n`,(0,n.jsx)(e.span,{\"data-line\":\"\",children:(0,n.jsx)(e.span,{style:{color:\"#E1E4E8\"},children:\"image: /_static/blog/my-new-post-image.jpg\"})}),`\n`,(0,n.jsx)(e.span,{\"data-line\":\"\",children:(0,n.jsx)(e.span,{style:{color:\"#E1E4E8\"},children:\"authors:\"})}),`\n`,(0,n.jsxs)(e.span,{\"data-line\":\"\",children:[(0,n.jsx)(e.span,{style:{color:\"#FFAB70\"},children:\"  -\"}),(0,n.jsx)(e.span,{style:{color:\"#E1E4E8\"},children:\" your-author-slug\"})]}),`\n`,(0,n.jsx)(e.span,{\"data-line\":\"\",children:(0,n.jsx)(e.span,{style:{color:\"#79B8FF\",fontWeight:\"bold\"},children:\"---\"})}),`\n`,(0,n.jsx)(e.span,{\"data-line\":\"\",children:\" \"}),`\n`,(0,n.jsx)(e.span,{\"data-line\":\"\",children:(0,n.jsx)(e.span,{style:{color:\"#79B8FF\",fontWeight:\"bold\"},children:\"## Introduction\"})}),`\n`,(0,n.jsx)(e.span,{\"data-line\":\"\",children:\" \"}),`\n`,(0,n.jsx)(e.span,{\"data-line\":\"\",children:(0,n.jsx)(e.span,{style:{color:\"#E1E4E8\"},children:\"This is the main content of your blog post, written in Markdown.\"})}),`\n`,(0,n.jsx)(e.span,{\"data-line\":\"\",children:\" \"}),`\n`,(0,n.jsxs)(e.span,{\"data-line\":\"\",children:[(0,n.jsx)(e.span,{style:{color:\"#E1E4E8\"},children:\"You can use \"}),(0,n.jsx)(e.span,{style:{color:\"#E1E4E8\",fontWeight:\"bold\"},children:\"**bold**\"}),(0,n.jsx)(e.span,{style:{color:\"#E1E4E8\"},children:\" text, \"}),(0,n.jsx)(e.span,{style:{color:\"#E1E4E8\",fontStyle:\"italic\"},children:\"*italic*\"}),(0,n.jsx)(e.span,{style:{color:\"#E1E4E8\"},children:\" text, [\"}),(0,n.jsx)(e.span,{style:{color:\"#DBEDFF\",textDecoration:\"underline\"},children:\"links\"}),(0,n.jsx)(e.span,{style:{color:\"#E1E4E8\"},children:\"](\"}),(0,n.jsx)(e.span,{style:{color:\"#E1E4E8\",textDecoration:\"underline\"},children:\"https://example.com\"}),(0,n.jsx)(e.span,{style:{color:\"#E1E4E8\"},children:\"), and more.\"})]}),`\n`,(0,n.jsx)(e.span,{\"data-line\":\"\",children:\" \"})]})})}),`\n`]}),`\n`]}),`\n`,(0,n.jsxs)(e.h3,{id:\"customizing-contentlayerconfigjs\",children:[(0,n.jsx)(e.a,{className:\"subheading-anchor\",\"aria-label\":\"Link to section\",href:\"#customizing-contentlayerconfigjs\",children:(0,n.jsx)(e.span,{className:\"icon icon-link\"})}),\"Customizing \",(0,n.jsx)(e.code,{children:\"contentlayer.config.js\"})]}),`\n`,(0,n.jsxs)(e.p,{children:[\"Your template includes a \",(0,n.jsx)(e.a,{href:\"contentlayer.config.ts\",children:(0,n.jsx)(e.code,{children:\"contentlayer.config.js\"})}),\" file at the root of your project. This file defines the Contentlayer schema, specifying how your Markdown files are processed and what fields are available in their frontmatter.\"]}),`\n`,(0,n.jsxs)(e.p,{children:[(0,n.jsx)(e.strong,{children:\"Location\"}),\": \",(0,n.jsx)(e.a,{href:\"contentlayer.config.ts\",children:(0,n.jsx)(e.code,{children:\"contentlayer.config.js\"})})]}),`\n`,(0,n.jsx)(e.p,{children:\"You generally won't need to modify this file for basic content management. However, if you wish to:\"}),`\n`,(0,n.jsxs)(e.ul,{children:[`\n`,(0,n.jsxs)(e.li,{children:[\"Add new content types (e.g., \",(0,n.jsx)(e.code,{children:\"Tutorial\"}),\").\"]}),`\n`,(0,n.jsxs)(e.li,{children:[\"Add custom fields to existing content types (e.g., an \",(0,n.jsx)(e.code,{children:\"excerpt\"}),\" field for blog posts).\"]}),`\n`,(0,n.jsx)(e.li,{children:\"Change the file paths Contentlayer watches.\"}),`\n`]}),`\n`,(0,n.jsxs)(e.p,{children:[\"You can modify \",(0,n.jsx)(e.a,{href:\"contentlayer.config.ts\",children:(0,n.jsx)(e.code,{children:\"contentlayer.config.js\"})}),\" to suit your needs. The existing configuration provides examples for \",(0,n.jsx)(e.code,{children:\"Doc\"}),\", \",(0,n.jsx)(e.code,{children:\"Guide\"}),\", \",(0,n.jsx)(e.code,{children:\"Post\"}),\", and \",(0,n.jsx)(e.code,{children:\"Page\"}),\" document types, including how to define required fields and computed fields like \",(0,n.jsx)(e.code,{children:\"slug\"}),\".\"]}),`\n`,(0,n.jsxs)(e.h3,{id:\"example-contentlayerconfigjs-structure-pre-configured\",children:[(0,n.jsx)(e.a,{className:\"subheading-anchor\",\"aria-label\":\"Link to section\",href:\"#example-contentlayerconfigjs-structure-pre-configured\",children:(0,n.jsx)(e.span,{className:\"icon icon-link\"})}),\"Example \",(0,n.jsx)(e.code,{children:\"contentlayer.config.js\"}),\" Structure (Pre-configured)\"]}),`\n`,(0,n.jsxs)(e.figure,{\"data-rehype-pretty-code-figure\":\"\",children:[(0,n.jsx)(e.figcaption,{\"data-rehype-pretty-code-title\":\"\",\"data-language\":\"typescript\",\"data-theme\":\"github-dark\",children:\"contentlayer.config.js\"}),(0,n.jsx)(e.pre,{style:{backgroundColor:\"#24292e\",color:\"#e1e4e8\"},tabIndex:\"0\",\"data-language\":\"typescript\",\"data-theme\":\"github-dark\",__rawString__:`import { defineDocumentType, makeSource } from \"contentlayer/source-files\";\n\nconst computedFields = {\n  slug: {\n    type: \"string\",\n    resolve: (doc) => \\`/\\${doc._raw.flattenedPath}\\`,\n  },\n  slugAsParams: {\n    type: \"string\",\n    resolve: (doc) => doc._raw.flattenedPath.split(\"/\").slice(1).join(\"/\"),\n  },\n};\n\nexport const Doc = defineDocumentType(() => ({\n  name: \"Doc\",\n  filePathPattern: \\`docs/**/*.mdx\\`,\n  contentType: \"mdx\",\n  fields: {\n    title: { type: \"string\", required: true },\n    description: { type: \"string\" },\n    published: { type: \"boolean\", default: true },\n  },\n  computedFields,\n}));\n\nexport const Guide = defineDocumentType(() => ({\n  name: \"Guide\",\n  filePathPattern: \\`guides/**/*.mdx\\`,\n  contentType: \"mdx\",\n  fields: {\n    title: { type: \"string\", required: true },\n    description: { type: \"string\" },\n    date: { type: \"date\", required: true },\n    published: { type: \"boolean\", default: true },\n    featured: { type: \"boolean\", default: false },\n  },\n  computedFields,\n}));\n\nexport const Post = defineDocumentType(() => ({\n  name: \"Post\",\n  filePathPattern: \\`blog/**/*.mdx\\`,\n  contentType: \"mdx\",\n  fields: {\n    title: { type: \"string\", required: true },\n    description: { type: \"string\" },\n    date: { type: \"date\", required: true },\n    published: { type: \"boolean\", default: true },\n    image: { type: \"string\", required: true },\n    authors: { type: \"list\", of: { type: \"string\" }, required: true },\n  },\n  computedFields,\n}));\n\nexport const Page = defineDocumentType(() => ({\n  name: \"Page\",\n  filePathPattern: \\`pages/**/*.mdx\\`,\n  contentType: \"mdx\",\n  fields: {\n    title: { type: \"string\", required: true },\n    description: { type: \"string\" },\n  },\n  computedFields,\n}));\n\nexport default makeSource({\n  contentDirPath: \"./content\",\n  documentTypes: [Page, Doc, Guide, Post],\n  mdx: {},\n});\n`,children:(0,n.jsxs)(e.code,{\"data-language\":\"typescript\",\"data-theme\":\"github-dark\",style:{display:\"grid\"},children:[(0,n.jsxs)(e.span,{\"data-line\":\"\",children:[(0,n.jsx)(e.span,{style:{color:\"#F97583\"},children:\"import\"}),(0,n.jsx)(e.span,{style:{color:\"#E1E4E8\"},children:\" { defineDocumentType, makeSource } \"}),(0,n.jsx)(e.span,{style:{color:\"#F97583\"},children:\"from\"}),(0,n.jsx)(e.span,{style:{color:\"#9ECBFF\"},children:' \"contentlayer/source-files\"'}),(0,n.jsx)(e.span,{style:{color:\"#E1E4E8\"},children:\";\"})]}),`\n`,(0,n.jsx)(e.span,{\"data-line\":\"\",children:\" \"}),`\n`,(0,n.jsxs)(e.span,{\"data-line\":\"\",children:[(0,n.jsx)(e.span,{style:{color:\"#F97583\"},children:\"const\"}),(0,n.jsx)(e.span,{style:{color:\"#79B8FF\"},children:\" computedFields\"}),(0,n.jsx)(e.span,{style:{color:\"#F97583\"},children:\" =\"}),(0,n.jsx)(e.span,{style:{color:\"#E1E4E8\"},children:\" {\"})]}),`\n`,(0,n.jsx)(e.span,{\"data-line\":\"\",children:(0,n.jsx)(e.span,{style:{color:\"#E1E4E8\"},children:\"  slug: {\"})}),`\n`,(0,n.jsxs)(e.span,{\"data-line\":\"\",children:[(0,n.jsx)(e.span,{style:{color:\"#E1E4E8\"},children:\"    type: \"}),(0,n.jsx)(e.span,{style:{color:\"#9ECBFF\"},children:'\"string\"'}),(0,n.jsx)(e.span,{style:{color:\"#E1E4E8\"},children:\",\"})]}),`\n`,(0,n.jsxs)(e.span,{\"data-line\":\"\",children:[(0,n.jsx)(e.span,{style:{color:\"#B392F0\"},children:\"    resolve\"}),(0,n.jsx)(e.span,{style:{color:\"#E1E4E8\"},children:\": (\"}),(0,n.jsx)(e.span,{style:{color:\"#FFAB70\"},children:\"doc\"}),(0,n.jsx)(e.span,{style:{color:\"#E1E4E8\"},children:\") \"}),(0,n.jsx)(e.span,{style:{color:\"#F97583\"},children:\"=>\"}),(0,n.jsx)(e.span,{style:{color:\"#9ECBFF\"},children:\" `/${\"}),(0,n.jsx)(e.span,{style:{color:\"#E1E4E8\"},children:\"doc\"}),(0,n.jsx)(e.span,{style:{color:\"#9ECBFF\"},children:\".\"}),(0,n.jsx)(e.span,{style:{color:\"#E1E4E8\"},children:\"_raw\"}),(0,n.jsx)(e.span,{style:{color:\"#9ECBFF\"},children:\".\"}),(0,n.jsx)(e.span,{style:{color:\"#E1E4E8\"},children:\"flattenedPath\"}),(0,n.jsx)(e.span,{style:{color:\"#9ECBFF\"},children:\"}`\"}),(0,n.jsx)(e.span,{style:{color:\"#E1E4E8\"},children:\",\"})]}),`\n`,(0,n.jsx)(e.span,{\"data-line\":\"\",children:(0,n.jsx)(e.span,{style:{color:\"#E1E4E8\"},children:\"  },\"})}),`\n`,(0,n.jsx)(e.span,{\"data-line\":\"\",children:(0,n.jsx)(e.span,{style:{color:\"#E1E4E8\"},children:\"  slugAsParams: {\"})}),`\n`,(0,n.jsxs)(e.span,{\"data-line\":\"\",children:[(0,n.jsx)(e.span,{style:{color:\"#E1E4E8\"},children:\"    type: \"}),(0,n.jsx)(e.span,{style:{color:\"#9ECBFF\"},children:'\"string\"'}),(0,n.jsx)(e.span,{style:{color:\"#E1E4E8\"},children:\",\"})]}),`\n`,(0,n.jsxs)(e.span,{\"data-line\":\"\",children:[(0,n.jsx)(e.span,{style:{color:\"#B392F0\"},children:\"    resolve\"}),(0,n.jsx)(e.span,{style:{color:\"#E1E4E8\"},children:\": (\"}),(0,n.jsx)(e.span,{style:{color:\"#FFAB70\"},children:\"doc\"}),(0,n.jsx)(e.span,{style:{color:\"#E1E4E8\"},children:\") \"}),(0,n.jsx)(e.span,{style:{color:\"#F97583\"},children:\"=>\"}),(0,n.jsx)(e.span,{style:{color:\"#E1E4E8\"},children:\" doc._raw.flattenedPath.\"}),(0,n.jsx)(e.span,{style:{color:\"#B392F0\"},children:\"split\"}),(0,n.jsx)(e.span,{style:{color:\"#E1E4E8\"},children:\"(\"}),(0,n.jsx)(e.span,{style:{color:\"#9ECBFF\"},children:'\"/\"'}),(0,n.jsx)(e.span,{style:{color:\"#E1E4E8\"},children:\").\"}),(0,n.jsx)(e.span,{style:{color:\"#B392F0\"},children:\"slice\"}),(0,n.jsx)(e.span,{style:{color:\"#E1E4E8\"},children:\"(\"}),(0,n.jsx)(e.span,{style:{color:\"#79B8FF\"},children:\"1\"}),(0,n.jsx)(e.span,{style:{color:\"#E1E4E8\"},children:\").\"}),(0,n.jsx)(e.span,{style:{color:\"#B392F0\"},children:\"join\"}),(0,n.jsx)(e.span,{style:{color:\"#E1E4E8\"},children:\"(\"}),(0,n.jsx)(e.span,{style:{color:\"#9ECBFF\"},children:'\"/\"'}),(0,n.jsx)(e.span,{style:{color:\"#E1E4E8\"},children:\"),\"})]}),`\n`,(0,n.jsx)(e.span,{\"data-line\":\"\",children:(0,n.jsx)(e.span,{style:{color:\"#E1E4E8\"},children:\"  },\"})}),`\n`,(0,n.jsx)(e.span,{\"data-line\":\"\",children:(0,n.jsx)(e.span,{style:{color:\"#E1E4E8\"},children:\"};\"})}),`\n`,(0,n.jsx)(e.span,{\"data-line\":\"\",children:\" \"}),`\n`,(0,n.jsxs)(e.span,{\"data-line\":\"\",children:[(0,n.jsx)(e.span,{style:{color:\"#F97583\"},children:\"export\"}),(0,n.jsx)(e.span,{style:{color:\"#F97583\"},children:\" const\"}),(0,n.jsx)(e.span,{style:{color:\"#79B8FF\"},children:\" Doc\"}),(0,n.jsx)(e.span,{style:{color:\"#F97583\"},children:\" =\"}),(0,n.jsx)(e.span,{style:{color:\"#B392F0\"},children:\" defineDocumentType\"}),(0,n.jsx)(e.span,{style:{color:\"#E1E4E8\"},children:\"(() \"}),(0,n.jsx)(e.span,{style:{color:\"#F97583\"},children:\"=>\"}),(0,n.jsx)(e.span,{style:{color:\"#E1E4E8\"},children:\" ({\"})]}),`\n`,(0,n.jsxs)(e.span,{\"data-line\":\"\",children:[(0,n.jsx)(e.span,{style:{color:\"#E1E4E8\"},children:\"  name: \"}),(0,n.jsx)(e.span,{style:{color:\"#9ECBFF\"},children:'\"Doc\"'}),(0,n.jsx)(e.span,{style:{color:\"#E1E4E8\"},children:\",\"})]}),`\n`,(0,n.jsxs)(e.span,{\"data-line\":\"\",children:[(0,n.jsx)(e.span,{style:{color:\"#E1E4E8\"},children:\"  filePathPattern: \"}),(0,n.jsx)(e.span,{style:{color:\"#9ECBFF\"},children:\"`docs/**/*.mdx`\"}),(0,n.jsx)(e.span,{style:{color:\"#E1E4E8\"},children:\",\"})]}),`\n`,(0,n.jsxs)(e.span,{\"data-line\":\"\",children:[(0,n.jsx)(e.span,{style:{color:\"#E1E4E8\"},children:\"  contentType: \"}),(0,n.jsx)(e.span,{style:{color:\"#9ECBFF\"},children:'\"mdx\"'}),(0,n.jsx)(e.span,{style:{color:\"#E1E4E8\"},children:\",\"})]}),`\n`,(0,n.jsx)(e.span,{\"data-line\":\"\",children:(0,n.jsx)(e.span,{style:{color:\"#E1E4E8\"},children:\"  fields: {\"})}),`\n`,(0,n.jsxs)(e.span,{\"data-line\":\"\",children:[(0,n.jsx)(e.span,{style:{color:\"#E1E4E8\"},children:\"    title: { type: \"}),(0,n.jsx)(e.span,{style:{color:\"#9ECBFF\"},children:'\"string\"'}),(0,n.jsx)(e.span,{style:{color:\"#E1E4E8\"},children:\", required: \"}),(0,n.jsx)(e.span,{style:{color:\"#79B8FF\"},children:\"true\"}),(0,n.jsx)(e.span,{style:{color:\"#E1E4E8\"},children:\" },\"})]}),`\n`,(0,n.jsxs)(e.span,{\"data-line\":\"\",children:[(0,n.jsx)(e.span,{style:{color:\"#E1E4E8\"},children:\"    description: { type: \"}),(0,n.jsx)(e.span,{style:{color:\"#9ECBFF\"},children:'\"string\"'}),(0,n.jsx)(e.span,{style:{color:\"#E1E4E8\"},children:\" },\"})]}),`\n`,(0,n.jsxs)(e.span,{\"data-line\":\"\",children:[(0,n.jsx)(e.span,{style:{color:\"#E1E4E8\"},children:\"    published: { type: \"}),(0,n.jsx)(e.span,{style:{color:\"#9ECBFF\"},children:'\"boolean\"'}),(0,n.jsx)(e.span,{style:{color:\"#E1E4E8\"},children:\", default: \"}),(0,n.jsx)(e.span,{style:{color:\"#79B8FF\"},children:\"true\"}),(0,n.jsx)(e.span,{style:{color:\"#E1E4E8\"},children:\" },\"})]}),`\n`,(0,n.jsx)(e.span,{\"data-line\":\"\",children:(0,n.jsx)(e.span,{style:{color:\"#E1E4E8\"},children:\"  },\"})}),`\n`,(0,n.jsx)(e.span,{\"data-line\":\"\",children:(0,n.jsx)(e.span,{style:{color:\"#E1E4E8\"},children:\"  computedFields,\"})}),`\n`,(0,n.jsx)(e.span,{\"data-line\":\"\",children:(0,n.jsx)(e.span,{style:{color:\"#E1E4E8\"},children:\"}));\"})}),`\n`,(0,n.jsx)(e.span,{\"data-line\":\"\",children:\" \"}),`\n`,(0,n.jsxs)(e.span,{\"data-line\":\"\",children:[(0,n.jsx)(e.span,{style:{color:\"#F97583\"},children:\"export\"}),(0,n.jsx)(e.span,{style:{color:\"#F97583\"},children:\" const\"}),(0,n.jsx)(e.span,{style:{color:\"#79B8FF\"},children:\" Guide\"}),(0,n.jsx)(e.span,{style:{color:\"#F97583\"},children:\" =\"}),(0,n.jsx)(e.span,{style:{color:\"#B392F0\"},children:\" defineDocumentType\"}),(0,n.jsx)(e.span,{style:{color:\"#E1E4E8\"},children:\"(() \"}),(0,n.jsx)(e.span,{style:{color:\"#F97583\"},children:\"=>\"}),(0,n.jsx)(e.span,{style:{color:\"#E1E4E8\"},children:\" ({\"})]}),`\n`,(0,n.jsxs)(e.span,{\"data-line\":\"\",children:[(0,n.jsx)(e.span,{style:{color:\"#E1E4E8\"},children:\"  name: \"}),(0,n.jsx)(e.span,{style:{color:\"#9ECBFF\"},children:'\"Guide\"'}),(0,n.jsx)(e.span,{style:{color:\"#E1E4E8\"},children:\",\"})]}),`\n`,(0,n.jsxs)(e.span,{\"data-line\":\"\",children:[(0,n.jsx)(e.span,{style:{color:\"#E1E4E8\"},children:\"  filePathPattern: \"}),(0,n.jsx)(e.span,{style:{color:\"#9ECBFF\"},children:\"`guides/**/*.mdx`\"}),(0,n.jsx)(e.span,{style:{color:\"#E1E4E8\"},children:\",\"})]}),`\n`,(0,n.jsxs)(e.span,{\"data-line\":\"\",children:[(0,n.jsx)(e.span,{style:{color:\"#E1E4E8\"},children:\"  contentType: \"}),(0,n.jsx)(e.span,{style:{color:\"#9ECBFF\"},children:'\"mdx\"'}),(0,n.jsx)(e.span,{style:{color:\"#E1E4E8\"},children:\",\"})]}),`\n`,(0,n.jsx)(e.span,{\"data-line\":\"\",children:(0,n.jsx)(e.span,{style:{color:\"#E1E4E8\"},children:\"  fields: {\"})}),`\n`,(0,n.jsxs)(e.span,{\"data-line\":\"\",children:[(0,n.jsx)(e.span,{style:{color:\"#E1E4E8\"},children:\"    title: { type: \"}),(0,n.jsx)(e.span,{style:{color:\"#9ECBFF\"},children:'\"string\"'}),(0,n.jsx)(e.span,{style:{color:\"#E1E4E8\"},children:\", required: \"}),(0,n.jsx)(e.span,{style:{color:\"#79B8FF\"},children:\"true\"}),(0,n.jsx)(e.span,{style:{color:\"#E1E4E8\"},children:\" },\"})]}),`\n`,(0,n.jsxs)(e.span,{\"data-line\":\"\",children:[(0,n.jsx)(e.span,{style:{color:\"#E1E4E8\"},children:\"    description: { type: \"}),(0,n.jsx)(e.span,{style:{color:\"#9ECBFF\"},children:'\"string\"'}),(0,n.jsx)(e.span,{style:{color:\"#E1E4E8\"},children:\" },\"})]}),`\n`,(0,n.jsxs)(e.span,{\"data-line\":\"\",children:[(0,n.jsx)(e.span,{style:{color:\"#E1E4E8\"},children:\"    date: { type: \"}),(0,n.jsx)(e.span,{style:{color:\"#9ECBFF\"},children:'\"date\"'}),(0,n.jsx)(e.span,{style:{color:\"#E1E4E8\"},children:\", required: \"}),(0,n.jsx)(e.span,{style:{color:\"#79B8FF\"},children:\"true\"}),(0,n.jsx)(e.span,{style:{color:\"#E1E4E8\"},children:\" },\"})]}),`\n`,(0,n.jsxs)(e.span,{\"data-line\":\"\",children:[(0,n.jsx)(e.span,{style:{color:\"#E1E4E8\"},children:\"    published: { type: \"}),(0,n.jsx)(e.span,{style:{color:\"#9ECBFF\"},children:'\"boolean\"'}),(0,n.jsx)(e.span,{style:{color:\"#E1E4E8\"},children:\", default: \"}),(0,n.jsx)(e.span,{style:{color:\"#79B8FF\"},children:\"true\"}),(0,n.jsx)(e.span,{style:{color:\"#E1E4E8\"},children:\" },\"})]}),`\n`,(0,n.jsxs)(e.span,{\"data-line\":\"\",children:[(0,n.jsx)(e.span,{style:{color:\"#E1E4E8\"},children:\"    featured: { type: \"}),(0,n.jsx)(e.span,{style:{color:\"#9ECBFF\"},children:'\"boolean\"'}),(0,n.jsx)(e.span,{style:{color:\"#E1E4E8\"},children:\", default: \"}),(0,n.jsx)(e.span,{style:{color:\"#79B8FF\"},children:\"false\"}),(0,n.jsx)(e.span,{style:{color:\"#E1E4E8\"},children:\" },\"})]}),`\n`,(0,n.jsx)(e.span,{\"data-line\":\"\",children:(0,n.jsx)(e.span,{style:{color:\"#E1E4E8\"},children:\"  },\"})}),`\n`,(0,n.jsx)(e.span,{\"data-line\":\"\",children:(0,n.jsx)(e.span,{style:{color:\"#E1E4E8\"},children:\"  computedFields,\"})}),`\n`,(0,n.jsx)(e.span,{\"data-line\":\"\",children:(0,n.jsx)(e.span,{style:{color:\"#E1E4E8\"},children:\"}));\"})}),`\n`,(0,n.jsx)(e.span,{\"data-line\":\"\",children:\" \"}),`\n`,(0,n.jsxs)(e.span,{\"data-line\":\"\",children:[(0,n.jsx)(e.span,{style:{color:\"#F97583\"},children:\"export\"}),(0,n.jsx)(e.span,{style:{color:\"#F97583\"},children:\" const\"}),(0,n.jsx)(e.span,{style:{color:\"#79B8FF\"},children:\" Post\"}),(0,n.jsx)(e.span,{style:{color:\"#F97583\"},children:\" =\"}),(0,n.jsx)(e.span,{style:{color:\"#B392F0\"},children:\" defineDocumentType\"}),(0,n.jsx)(e.span,{style:{color:\"#E1E4E8\"},children:\"(() \"}),(0,n.jsx)(e.span,{style:{color:\"#F97583\"},children:\"=>\"}),(0,n.jsx)(e.span,{style:{color:\"#E1E4E8\"},children:\" ({\"})]}),`\n`,(0,n.jsxs)(e.span,{\"data-line\":\"\",children:[(0,n.jsx)(e.span,{style:{color:\"#E1E4E8\"},children:\"  name: \"}),(0,n.jsx)(e.span,{style:{color:\"#9ECBFF\"},children:'\"Post\"'}),(0,n.jsx)(e.span,{style:{color:\"#E1E4E8\"},children:\",\"})]}),`\n`,(0,n.jsxs)(e.span,{\"data-line\":\"\",children:[(0,n.jsx)(e.span,{style:{color:\"#E1E4E8\"},children:\"  filePathPattern: \"}),(0,n.jsx)(e.span,{style:{color:\"#9ECBFF\"},children:\"`blog/**/*.mdx`\"}),(0,n.jsx)(e.span,{style:{color:\"#E1E4E8\"},children:\",\"})]}),`\n`,(0,n.jsxs)(e.span,{\"data-line\":\"\",children:[(0,n.jsx)(e.span,{style:{color:\"#E1E4E8\"},children:\"  contentType: \"}),(0,n.jsx)(e.span,{style:{color:\"#9ECBFF\"},children:'\"mdx\"'}),(0,n.jsx)(e.span,{style:{color:\"#E1E4E8\"},children:\",\"})]}),`\n`,(0,n.jsx)(e.span,{\"data-line\":\"\",children:(0,n.jsx)(e.span,{style:{color:\"#E1E4E8\"},children:\"  fields: {\"})}),`\n`,(0,n.jsxs)(e.span,{\"data-line\":\"\",children:[(0,n.jsx)(e.span,{style:{color:\"#E1E4E8\"},children:\"    title: { type: \"}),(0,n.jsx)(e.span,{style:{color:\"#9ECBFF\"},children:'\"string\"'}),(0,n.jsx)(e.span,{style:{color:\"#E1E4E8\"},children:\", required: \"}),(0,n.jsx)(e.span,{style:{color:\"#79B8FF\"},children:\"true\"}),(0,n.jsx)(e.span,{style:{color:\"#E1E4E8\"},children:\" },\"})]}),`\n`,(0,n.jsxs)(e.span,{\"data-line\":\"\",children:[(0,n.jsx)(e.span,{style:{color:\"#E1E4E8\"},children:\"    description: { type: \"}),(0,n.jsx)(e.span,{style:{color:\"#9ECBFF\"},children:'\"string\"'}),(0,n.jsx)(e.span,{style:{color:\"#E1E4E8\"},children:\" },\"})]}),`\n`,(0,n.jsxs)(e.span,{\"data-line\":\"\",children:[(0,n.jsx)(e.span,{style:{color:\"#E1E4E8\"},children:\"    date: { type: \"}),(0,n.jsx)(e.span,{style:{color:\"#9ECBFF\"},children:'\"date\"'}),(0,n.jsx)(e.span,{style:{color:\"#E1E4E8\"},children:\", required: \"}),(0,n.jsx)(e.span,{style:{color:\"#79B8FF\"},children:\"true\"}),(0,n.jsx)(e.span,{style:{color:\"#E1E4E8\"},children:\" },\"})]}),`\n`,(0,n.jsxs)(e.span,{\"data-line\":\"\",children:[(0,n.jsx)(e.span,{style:{color:\"#E1E4E8\"},children:\"    published: { type: \"}),(0,n.jsx)(e.span,{style:{color:\"#9ECBFF\"},children:'\"boolean\"'}),(0,n.jsx)(e.span,{style:{color:\"#E1E4E8\"},children:\", default: \"}),(0,n.jsx)(e.span,{style:{color:\"#79B8FF\"},children:\"true\"}),(0,n.jsx)(e.span,{style:{color:\"#E1E4E8\"},children:\" },\"})]}),`\n`,(0,n.jsxs)(e.span,{\"data-line\":\"\",children:[(0,n.jsx)(e.span,{style:{color:\"#E1E4E8\"},children:\"    image: { type: \"}),(0,n.jsx)(e.span,{style:{color:\"#9ECBFF\"},children:'\"string\"'}),(0,n.jsx)(e.span,{style:{color:\"#E1E4E8\"},children:\", required: \"}),(0,n.jsx)(e.span,{style:{color:\"#79B8FF\"},children:\"true\"}),(0,n.jsx)(e.span,{style:{color:\"#E1E4E8\"},children:\" },\"})]}),`\n`,(0,n.jsxs)(e.span,{\"data-line\":\"\",children:[(0,n.jsx)(e.span,{style:{color:\"#E1E4E8\"},children:\"    authors: { type: \"}),(0,n.jsx)(e.span,{style:{color:\"#9ECBFF\"},children:'\"list\"'}),(0,n.jsx)(e.span,{style:{color:\"#E1E4E8\"},children:\", of: { type: \"}),(0,n.jsx)(e.span,{style:{color:\"#9ECBFF\"},children:'\"string\"'}),(0,n.jsx)(e.span,{style:{color:\"#E1E4E8\"},children:\" }, required: \"}),(0,n.jsx)(e.span,{style:{color:\"#79B8FF\"},children:\"true\"}),(0,n.jsx)(e.span,{style:{color:\"#E1E4E8\"},children:\" },\"})]}),`\n`,(0,n.jsx)(e.span,{\"data-line\":\"\",children:(0,n.jsx)(e.span,{style:{color:\"#E1E4E8\"},children:\"  },\"})}),`\n`,(0,n.jsx)(e.span,{\"data-line\":\"\",children:(0,n.jsx)(e.span,{style:{color:\"#E1E4E8\"},children:\"  computedFields,\"})}),`\n`,(0,n.jsx)(e.span,{\"data-line\":\"\",children:(0,n.jsx)(e.span,{style:{color:\"#E1E4E8\"},children:\"}));\"})}),`\n`,(0,n.jsx)(e.span,{\"data-line\":\"\",children:\" \"}),`\n`,(0,n.jsxs)(e.span,{\"data-line\":\"\",children:[(0,n.jsx)(e.span,{style:{color:\"#F97583\"},children:\"export\"}),(0,n.jsx)(e.span,{style:{color:\"#F97583\"},children:\" const\"}),(0,n.jsx)(e.span,{style:{color:\"#79B8FF\"},children:\" Page\"}),(0,n.jsx)(e.span,{style:{color:\"#F97583\"},children:\" =\"}),(0,n.jsx)(e.span,{style:{color:\"#B392F0\"},children:\" defineDocumentType\"}),(0,n.jsx)(e.span,{style:{color:\"#E1E4E8\"},children:\"(() \"}),(0,n.jsx)(e.span,{style:{color:\"#F97583\"},children:\"=>\"}),(0,n.jsx)(e.span,{style:{color:\"#E1E4E8\"},children:\" ({\"})]}),`\n`,(0,n.jsxs)(e.span,{\"data-line\":\"\",children:[(0,n.jsx)(e.span,{style:{color:\"#E1E4E8\"},children:\"  name: \"}),(0,n.jsx)(e.span,{style:{color:\"#9ECBFF\"},children:'\"Page\"'}),(0,n.jsx)(e.span,{style:{color:\"#E1E4E8\"},children:\",\"})]}),`\n`,(0,n.jsxs)(e.span,{\"data-line\":\"\",children:[(0,n.jsx)(e.span,{style:{color:\"#E1E4E8\"},children:\"  filePathPattern: \"}),(0,n.jsx)(e.span,{style:{color:\"#9ECBFF\"},children:\"`pages/**/*.mdx`\"}),(0,n.jsx)(e.span,{style:{color:\"#E1E4E8\"},children:\",\"})]}),`\n`,(0,n.jsxs)(e.span,{\"data-line\":\"\",children:[(0,n.jsx)(e.span,{style:{color:\"#E1E4E8\"},children:\"  contentType: \"}),(0,n.jsx)(e.span,{style:{color:\"#9ECBFF\"},children:'\"mdx\"'}),(0,n.jsx)(e.span,{style:{color:\"#E1E4E8\"},children:\",\"})]}),`\n`,(0,n.jsx)(e.span,{\"data-line\":\"\",children:(0,n.jsx)(e.span,{style:{color:\"#E1E4E8\"},children:\"  fields: {\"})}),`\n`,(0,n.jsxs)(e.span,{\"data-line\":\"\",children:[(0,n.jsx)(e.span,{style:{color:\"#E1E4E8\"},children:\"    title: { type: \"}),(0,n.jsx)(e.span,{style:{color:\"#9ECBFF\"},children:'\"string\"'}),(0,n.jsx)(e.span,{style:{color:\"#E1E4E8\"},children:\", required: \"}),(0,n.jsx)(e.span,{style:{color:\"#79B8FF\"},children:\"true\"}),(0,n.jsx)(e.span,{style:{color:\"#E1E4E8\"},children:\" },\"})]}),`\n`,(0,n.jsxs)(e.span,{\"data-line\":\"\",children:[(0,n.jsx)(e.span,{style:{color:\"#E1E4E8\"},children:\"    description: { type: \"}),(0,n.jsx)(e.span,{style:{color:\"#9ECBFF\"},children:'\"string\"'}),(0,n.jsx)(e.span,{style:{color:\"#E1E4E8\"},children:\" },\"})]}),`\n`,(0,n.jsx)(e.span,{\"data-line\":\"\",children:(0,n.jsx)(e.span,{style:{color:\"#E1E4E8\"},children:\"  },\"})}),`\n`,(0,n.jsx)(e.span,{\"data-line\":\"\",children:(0,n.jsx)(e.span,{style:{color:\"#E1E4E8\"},children:\"  computedFields,\"})}),`\n`,(0,n.jsx)(e.span,{\"data-line\":\"\",children:(0,n.jsx)(e.span,{style:{color:\"#E1E4E8\"},children:\"}));\"})}),`\n`,(0,n.jsx)(e.span,{\"data-line\":\"\",children:\" \"}),`\n`,(0,n.jsxs)(e.span,{\"data-line\":\"\",children:[(0,n.jsx)(e.span,{style:{color:\"#F97583\"},children:\"export\"}),(0,n.jsx)(e.span,{style:{color:\"#F97583\"},children:\" default\"}),(0,n.jsx)(e.span,{style:{color:\"#B392F0\"},children:\" makeSource\"}),(0,n.jsx)(e.span,{style:{color:\"#E1E4E8\"},children:\"({\"})]}),`\n`,(0,n.jsxs)(e.span,{\"data-line\":\"\",children:[(0,n.jsx)(e.span,{style:{color:\"#E1E4E8\"},children:\"  contentDirPath: \"}),(0,n.jsx)(e.span,{style:{color:\"#9ECBFF\"},children:'\"./content\"'}),(0,n.jsx)(e.span,{style:{color:\"#E1E4E8\"},children:\",\"})]}),`\n`,(0,n.jsx)(e.span,{\"data-line\":\"\",children:(0,n.jsx)(e.span,{style:{color:\"#E1E4E8\"},children:\"  documentTypes: [Page, Doc, Guide, Post],\"})}),`\n`,(0,n.jsx)(e.span,{\"data-line\":\"\",children:(0,n.jsx)(e.span,{style:{color:\"#E1E4E8\"},children:\"  mdx: {},\"})}),`\n`,(0,n.jsx)(e.span,{\"data-line\":\"\",children:(0,n.jsx)(e.span,{style:{color:\"#E1E4E8\"},children:\"});\"})})]})})]}),`\n`,(0,n.jsx)(e.p,{children:\"This configuration ensures that your content is correctly parsed and available throughout your application.\"})]})}function h(l={}){let{wrapper:e}=l.components||{};return e?(0,n.jsx)(e,{...l,children:(0,n.jsx)(d,{...l})}):d(l)}return B(w);})();\n;return Component;"
  },
  "_id": "docs/configuration/markdown-files.mdx",
  "_raw": {
    "sourceFilePath": "docs/configuration/markdown-files.mdx",
    "sourceFileName": "markdown-files.mdx",
    "sourceFileDir": "docs/configuration",
    "contentType": "mdx",
    "flattenedPath": "docs/configuration/markdown-files"
  },
  "type": "Doc",
  "slug": "/docs/configuration/markdown-files",
  "slugAsParams": "configuration/markdown-files",
  "images": []
}