{
  "title": "How Tailwind Typography Makes Your Content Shine",
  "description": "Transform your plain markdown content into visually stunning, highly readable articles with Tailwind CSS Typography. Learn how this powerful plugin can elevate your blog's design and user experience.",
  "date": "2025-04-09T00:00:00.000Z",
  "published": true,
  "image": "/_static/blog/blog-post-4.jpg",
  "authors": [
    "shadcn",
    "drewsepeczi"
  ],
  "categories": [
    "education"
  ],
  "related": [
    "deploying-next-apps",
    "dynamic-routing-static-regeneration"
  ],
  "body": {
    "raw": "\nUntil now, trying to style an article, document, or blog post with Tailwind has been a tedious task that required a keen eye for typography and a lot of complex custom CSS.\n\nBy default, Tailwind removes all of the default browser styling from paragraphs, headings, lists and more. This ends up being really useful for building application UIs because you spend less time undoing user-agent styles, but when you _really are_ just trying to style some content that came from a rich-text editor in a CMS or a markdown file, it can be surprising and unintuitive.\n\nWe get lots of complaints about it actually, with people regularly asking us things like:\n\n> Why is Tailwind removing the default styles on my `h1` elements? How do I disable this? What do you mean I lose all the other base styles too?\n> We hear you, but we're not convinced that simply disabling our base styles is what you really want. You don't want to have to remove annoying margins every time you use a `p` element in a piece of your dashboard UI. And I doubt you really want your blog posts to use the user-agent styles either — you want them to look _awesome_, not awful.\n\nThe `@tailwindcss/typography` plugin is our attempt to give you what you _actually_ want, without any of the downsides of doing something stupid like disabling our base styles.\n\nIt adds a new `prose` class that you can slap on any block of vanilla HTML content and turn it into a beautiful, well-formatted document:\n\n```html\n<article class=\"prose\">\n  <h1>Garlic bread with cheese: What the science tells us</h1>\n  <p>\n    For years parents have espoused the health benefits of eating garlic bread\n    with cheese to their children, with the food earning such an iconic status\n    in our culture that kids will often dress up as warm, cheesy loaf for\n    Halloween.\n  </p>\n  <p>\n    But a recent study shows that the celebrated appetizer may be linked to a\n    series of rabies cases springing up around the country.\n  </p>\n</article>\n```\n\nFor more information about how to use the plugin and the features it includes, [read the documentation](https://github.com/tailwindcss/typography/blob/master/README.md).\n\n---\n\n## What to expect from here on out\n\nWhat follows from here is just a bunch of absolute nonsense I've written to dogfood the plugin itself. It includes every sensible typographic element I could think of, like **bold text**, unordered lists, ordered lists, code blocks, block quotes, _and even italics_.\n\nIt's important to cover all of these use cases for a few reasons:\n\n1.  We want everything to look good out of the box.\n2.  Really just the first reason, that's the whole point of the plugin.\n3.  Here's a third pretend reason though a list with three items looks more realistic than a list with two items.\n\nNow we're going to try out another header style.\n\n### Typography should be easy\n\nSo that's a header for you — with any luck if we've done our job correctly that will look pretty reasonable.\n\nSomething a wise person once told me about typography is:\n\n> Typography is pretty important if you don't want your stuff to look like trash. Make it good then it won't be bad.\n\nIt's probably important that images look okay here by default as well:\n\n<Image\n  src=\"/_static/blog/blog-post-4.jpg\"\n  width=\"718\"\n  height=\"404\"\n  alt=\"Image\"\n/>\n\nContrary to popular belief, Lorem Ipsum is not simply random text. It has roots in a piece of classical Latin literature from 45 BC, making it over 2000 years old.\n\nNow I'm going to show you an example of an unordered list to make sure that looks good, too:\n\n- So here is the first item in this list.\n- In this example we're keeping the items short.\n- Later, we'll use longer, more complex list items.\n\nAnd that's the end of this section.\n\n## What if we stack headings?\n\n### We should make sure that looks good, too.\n\nSometimes you have headings directly underneath each other. In those cases you often have to undo the top margin on the second heading because it usually looks better for the headings to be closer together than a paragraph followed by a heading should be.\n\n### When a heading comes after a paragraph …\n\nWhen a heading comes after a paragraph, we need a bit more space, like I already mentioned above. Now let's see what a more complex list would look like.\n\n- **I often do this thing where list items have headings.**\n\n  For some reason I think this looks cool which is unfortunate because it's pretty annoying to get the styles right.\n\n  I often have two or three paragraphs in these list items, too, so the hard part is getting the spacing between the paragraphs, list item heading, and separate list items to all make sense. Pretty tough honestly, you could make a strong argument that you just shouldn't write this way.\n\n- **Since this is a list, I need at least two items.**\n\n  I explained what I'm doing already in the previous list item, but a list wouldn't be a list if it only had one item, and we really want this to look realistic. That's why I've added this second list item so I actually have something to look at when writing the styles.\n\n- **It's not a bad idea to add a third item either.**\n\n  I think it probably would've been fine to just use two items but three is definitely not worse, and since I seem to be having no trouble making up arbitrary things to type, I might as well include it.\n\nAfter this sort of list I usually have a closing statement or paragraph, because it kinda looks weird jumping right to a heading.\n\n## Code should look okay by default.\n\nI think most people are going to use [highlight.js](https://highlightjs.org/) or [Prism](https://prismjs.com/) or something if they want to style their code blocks but it wouldn't hurt to make them look _okay_ out of the box, even with no syntax highlighting.\n\nHere's what a default `tailwind.config.js` file looks like at the time of writing:\n\n```js\nmodule.exports = {\n  purge: [],\n  theme: {\n    extend: {},\n  },\n  variants: {},\n  plugins: [],\n};\n```\n\nHopefully that looks good enough to you.\n\n### What about nested lists?\n\nNested lists basically always look bad which is why editors like Medium don't even let you do it, but I guess since some of you goofballs are going to do it we have to carry the burden of at least making it work.\n\n1.  **Nested lists are rarely a good idea.**\n    - You might feel like you are being really \"organized\" or something but you are just creating a gross shape on the screen that is hard to read.\n    - Nested navigation in UIs is a bad idea too, keep things as flat as possible.\n    - Nesting tons of folders in your source code is also not helpful.\n2.  **Since we need to have more items, here's another one.**\n    - I'm not sure if we'll bother styling more than two levels deep.\n    - Two is already too much, three is guaranteed to be a bad idea.\n    - If you nest four levels deep you belong in prison.\n3.  **Two items isn't really a list, three is good though.**\n    - Again please don't nest lists if you want people to actually read your content.\n    - Nobody wants to look at this.\n    - I'm upset that we even have to bother styling this.\n\nThe most annoying thing about lists in Markdown is that `<li>` elements aren't given a child `<p>` tag unless there are multiple paragraphs in the list item. That means I have to worry about styling that annoying situation too.\n\n- **For example, here's another nested list.**\n\n  But this time with a second paragraph.\n\n  - These list items won't have `<p>` tags\n  - Because they are only one line each\n\n- **But in this second top-level list item, they will.**\n\n  This is especially annoying because of the spacing on this paragraph.\n\n  - As you can see here, because I've added a second line, this list item now has a `<p>` tag.\n\n    This is the second line I'm talking about by the way.\n\n  - Finally here's another list item so it's more like a list.\n\n- A closing list item, but with no nested list, because why not?\n\nAnd finally a sentence to close off this section.\n\n## There are other elements we need to style\n\nI almost forgot to mention links, like [this link to the Tailwind CSS website](https://tailwindcss.com). We almost made them blue but that's so yesterday, so we went with dark gray, feels edgier.\n\nWe even included table styles, check it out:\n\n| Wrestler                | Origin       | Finisher           |\n| ----------------------- | ------------ | ------------------ |\n| Bret \"The Hitman\" Hart  | Calgary, AB  | Sharpshooter       |\n| Stone Cold Steve Austin | Austin, TX   | Stone Cold Stunner |\n| Randy Savage            | Sarasota, FL | Elbow Drop         |\n| Vader                   | Boulder, CO  | Vader Bomb         |\n| Razor Ramon             | Chuluota, FL | Razor's Edge       |\n\nWe also need to make sure inline code looks good, like if I wanted to talk about `<span>` elements or tell you the good news about `@tailwindcss/typography`.\n\n### Sometimes I even use `code` in headings\n\nEven though it's probably a bad idea, and historically I've had a hard time making it look good. This _\"wrap the code blocks in backticks\"_ trick works pretty well though really.\n\nAnother thing I've done in the past is put a `code` tag inside of a link, like if I wanted to tell you about the [`tailwindcss/docs`](https://github.com/tailwindcss/docs) repository. I don't love that there is an underline below the backticks but it is absolutely not worth the madness it would require to avoid it.\n\n#### We haven't used an `h4` yet\n\nBut now we have. Please don't use `h5` or `h6` in your content, Medium only supports two heading levels for a reason, you animals. I honestly considered using a `before` pseudo-element to scream at you if you use an `h5` or `h6`.\n\nWe don't style them at all out of the box because `h4` elements are already so small that they are the same size as the body copy. What are we supposed to do with an `h5`, make it _smaller_ than the body copy? No thanks.\n\n### We still need to think about stacked headings though.\n\n#### Let's make sure we don't screw that up with `h4` elements, either.\n\nPhew, with any luck we have styled the headings above this text and they look pretty good.\n\nLet's add a closing paragraph here so things end with a decently sized block of text. I can't explain why I want things to end that way but I have to assume it's because I think things will look weird or unbalanced if there is a heading too close to the end of the document.\n\nWhat I've written here is probably long enough, but adding this final sentence can't hurt.\n\n## GitHub Flavored Markdown\n\nI've also added support for GitHub Flavored Mardown using `remark-gfm`.\n\nWith `remark-gfm`, we get a few extra features in our markdown. Example: autolink literals.\n\nA link like www.example.com or https://example.com would automatically be converted into an `a` tag.\n\nThis works for email links too: contact@example.com.\n",
    "code": "var Component=(()=>{var p=Object.create;var o=Object.defineProperty;var u=Object.getOwnPropertyDescriptor;var g=Object.getOwnPropertyNames;var y=Object.getPrototypeOf,m=Object.prototype.hasOwnProperty;var w=(t,e)=>()=>(e||t((e={exports:{}}).exports,e),e.exports),b=(t,e)=>{for(var i in e)o(t,i,{get:e[i],enumerable:!0})},r=(t,e,i,l)=>{if(e&&typeof e==\"object\"||typeof e==\"function\")for(let a of g(e))!m.call(t,a)&&a!==i&&o(t,a,{get:()=>e[a],enumerable:!(l=u(e,a))||l.enumerable});return t};var f=(t,e,i)=>(i=t!=null?p(y(t)):{},r(e||!t||!t.__esModule?o(i,\"default\",{value:t,enumerable:!0}):i,t)),k=t=>r(o({},\"__esModule\",{value:!0}),t);var h=w((N,s)=>{s.exports=_jsx_runtime});var I={};b(I,{default:()=>c,frontmatter:()=>E});var n=f(h()),E={title:\"How Tailwind Typography Makes Your Content Shine\",description:\"Transform your plain markdown content into visually stunning, highly readable articles with Tailwind CSS Typography. Learn how this powerful plugin can elevate your blog's design and user experience.\",date:\"2025-04-09\",image:\"/_static/blog/blog-post-4.jpg\",authors:[\"shadcn\",\"drewsepeczi\"],categories:[\"education\"],related:[\"deploying-next-apps\",\"dynamic-routing-static-regeneration\"]};function d(t){let e={a:\"a\",blockquote:\"blockquote\",code:\"code\",em:\"em\",figure:\"figure\",h2:\"h2\",h3:\"h3\",h4:\"h4\",hr:\"hr\",li:\"li\",ol:\"ol\",p:\"p\",pre:\"pre\",span:\"span\",strong:\"strong\",table:\"table\",tbody:\"tbody\",td:\"td\",th:\"th\",thead:\"thead\",tr:\"tr\",ul:\"ul\",...t.components},{Image:i}=e;return i||v(\"Image\",!0),(0,n.jsxs)(n.Fragment,{children:[(0,n.jsx)(e.p,{children:\"Until now, trying to style an article, document, or blog post with Tailwind has been a tedious task that required a keen eye for typography and a lot of complex custom CSS.\"}),`\n`,(0,n.jsxs)(e.p,{children:[\"By default, Tailwind removes all of the default browser styling from paragraphs, headings, lists and more. This ends up being really useful for building application UIs because you spend less time undoing user-agent styles, but when you \",(0,n.jsx)(e.em,{children:\"really are\"}),\" just trying to style some content that came from a rich-text editor in a CMS or a markdown file, it can be surprising and unintuitive.\"]}),`\n`,(0,n.jsx)(e.p,{children:\"We get lots of complaints about it actually, with people regularly asking us things like:\"}),`\n`,(0,n.jsxs)(e.blockquote,{children:[`\n`,(0,n.jsxs)(e.p,{children:[\"Why is Tailwind removing the default styles on my \",(0,n.jsx)(e.code,{children:\"h1\"}),` elements? How do I disable this? What do you mean I lose all the other base styles too?\nWe hear you, but we're not convinced that simply disabling our base styles is what you really want. You don't want to have to remove annoying margins every time you use a `,(0,n.jsx)(e.code,{children:\"p\"}),\" element in a piece of your dashboard UI. And I doubt you really want your blog posts to use the user-agent styles either \\u2014 you want them to look \",(0,n.jsx)(e.em,{children:\"awesome\"}),\", not awful.\"]}),`\n`]}),`\n`,(0,n.jsxs)(e.p,{children:[\"The \",(0,n.jsx)(e.code,{children:\"@tailwindcss/typography\"}),\" plugin is our attempt to give you what you \",(0,n.jsx)(e.em,{children:\"actually\"}),\" want, without any of the downsides of doing something stupid like disabling our base styles.\"]}),`\n`,(0,n.jsxs)(e.p,{children:[\"It adds a new \",(0,n.jsx)(e.code,{children:\"prose\"}),\" class that you can slap on any block of vanilla HTML content and turn it into a beautiful, well-formatted document:\"]}),`\n`,(0,n.jsx)(e.figure,{\"data-rehype-pretty-code-figure\":\"\",children:(0,n.jsx)(e.pre,{style:{backgroundColor:\"#24292e\",color:\"#e1e4e8\"},tabIndex:\"0\",\"data-language\":\"html\",\"data-theme\":\"github-dark\",__rawString__:`<article class=\"prose\">\n  <h1>Garlic bread with cheese: What the science tells us</h1>\n  <p>\n    For years parents have espoused the health benefits of eating garlic bread\n    with cheese to their children, with the food earning such an iconic status\n    in our culture that kids will often dress up as warm, cheesy loaf for\n    Halloween.\n  </p>\n  <p>\n    But a recent study shows that the celebrated appetizer may be linked to a\n    series of rabies cases springing up around the country.\n  </p>\n</article>\n`,children:(0,n.jsxs)(e.code,{\"data-language\":\"html\",\"data-theme\":\"github-dark\",style:{display:\"grid\"},children:[(0,n.jsxs)(e.span,{\"data-line\":\"\",children:[(0,n.jsx)(e.span,{style:{color:\"#E1E4E8\"},children:\"<\"}),(0,n.jsx)(e.span,{style:{color:\"#85E89D\"},children:\"article\"}),(0,n.jsx)(e.span,{style:{color:\"#B392F0\"},children:\" class\"}),(0,n.jsx)(e.span,{style:{color:\"#E1E4E8\"},children:\"=\"}),(0,n.jsx)(e.span,{style:{color:\"#9ECBFF\"},children:'\"prose\"'}),(0,n.jsx)(e.span,{style:{color:\"#E1E4E8\"},children:\">\"})]}),`\n`,(0,n.jsxs)(e.span,{\"data-line\":\"\",children:[(0,n.jsx)(e.span,{style:{color:\"#E1E4E8\"},children:\"  <\"}),(0,n.jsx)(e.span,{style:{color:\"#85E89D\"},children:\"h1\"}),(0,n.jsx)(e.span,{style:{color:\"#E1E4E8\"},children:\">Garlic bread with cheese: What the science tells us</\"}),(0,n.jsx)(e.span,{style:{color:\"#85E89D\"},children:\"h1\"}),(0,n.jsx)(e.span,{style:{color:\"#E1E4E8\"},children:\">\"})]}),`\n`,(0,n.jsxs)(e.span,{\"data-line\":\"\",children:[(0,n.jsx)(e.span,{style:{color:\"#E1E4E8\"},children:\"  <\"}),(0,n.jsx)(e.span,{style:{color:\"#85E89D\"},children:\"p\"}),(0,n.jsx)(e.span,{style:{color:\"#E1E4E8\"},children:\">\"})]}),`\n`,(0,n.jsx)(e.span,{\"data-line\":\"\",children:(0,n.jsx)(e.span,{style:{color:\"#E1E4E8\"},children:\"    For years parents have espoused the health benefits of eating garlic bread\"})}),`\n`,(0,n.jsx)(e.span,{\"data-line\":\"\",children:(0,n.jsx)(e.span,{style:{color:\"#E1E4E8\"},children:\"    with cheese to their children, with the food earning such an iconic status\"})}),`\n`,(0,n.jsx)(e.span,{\"data-line\":\"\",children:(0,n.jsx)(e.span,{style:{color:\"#E1E4E8\"},children:\"    in our culture that kids will often dress up as warm, cheesy loaf for\"})}),`\n`,(0,n.jsx)(e.span,{\"data-line\":\"\",children:(0,n.jsx)(e.span,{style:{color:\"#E1E4E8\"},children:\"    Halloween.\"})}),`\n`,(0,n.jsxs)(e.span,{\"data-line\":\"\",children:[(0,n.jsx)(e.span,{style:{color:\"#E1E4E8\"},children:\"  </\"}),(0,n.jsx)(e.span,{style:{color:\"#85E89D\"},children:\"p\"}),(0,n.jsx)(e.span,{style:{color:\"#E1E4E8\"},children:\">\"})]}),`\n`,(0,n.jsxs)(e.span,{\"data-line\":\"\",children:[(0,n.jsx)(e.span,{style:{color:\"#E1E4E8\"},children:\"  <\"}),(0,n.jsx)(e.span,{style:{color:\"#85E89D\"},children:\"p\"}),(0,n.jsx)(e.span,{style:{color:\"#E1E4E8\"},children:\">\"})]}),`\n`,(0,n.jsx)(e.span,{\"data-line\":\"\",children:(0,n.jsx)(e.span,{style:{color:\"#E1E4E8\"},children:\"    But a recent study shows that the celebrated appetizer may be linked to a\"})}),`\n`,(0,n.jsx)(e.span,{\"data-line\":\"\",children:(0,n.jsx)(e.span,{style:{color:\"#E1E4E8\"},children:\"    series of rabies cases springing up around the country.\"})}),`\n`,(0,n.jsxs)(e.span,{\"data-line\":\"\",children:[(0,n.jsx)(e.span,{style:{color:\"#E1E4E8\"},children:\"  </\"}),(0,n.jsx)(e.span,{style:{color:\"#85E89D\"},children:\"p\"}),(0,n.jsx)(e.span,{style:{color:\"#E1E4E8\"},children:\">\"})]}),`\n`,(0,n.jsxs)(e.span,{\"data-line\":\"\",children:[(0,n.jsx)(e.span,{style:{color:\"#E1E4E8\"},children:\"</\"}),(0,n.jsx)(e.span,{style:{color:\"#85E89D\"},children:\"article\"}),(0,n.jsx)(e.span,{style:{color:\"#E1E4E8\"},children:\">\"})]})]})})}),`\n`,(0,n.jsxs)(e.p,{children:[\"For more information about how to use the plugin and the features it includes, \",(0,n.jsx)(e.a,{href:\"https://github.com/tailwindcss/typography/blob/master/README.md\",children:\"read the documentation\"}),\".\"]}),`\n`,(0,n.jsx)(e.hr,{}),`\n`,(0,n.jsxs)(e.h2,{id:\"what-to-expect-from-here-on-out\",children:[(0,n.jsx)(e.a,{className:\"subheading-anchor\",\"aria-label\":\"Link to section\",href:\"#what-to-expect-from-here-on-out\",children:(0,n.jsx)(e.span,{className:\"icon icon-link\"})}),\"What to expect from here on out\"]}),`\n`,(0,n.jsxs)(e.p,{children:[\"What follows from here is just a bunch of absolute nonsense I've written to dogfood the plugin itself. It includes every sensible typographic element I could think of, like \",(0,n.jsx)(e.strong,{children:\"bold text\"}),\", unordered lists, ordered lists, code blocks, block quotes, \",(0,n.jsx)(e.em,{children:\"and even italics\"}),\".\"]}),`\n`,(0,n.jsx)(e.p,{children:\"It's important to cover all of these use cases for a few reasons:\"}),`\n`,(0,n.jsxs)(e.ol,{children:[`\n`,(0,n.jsx)(e.li,{children:\"We want everything to look good out of the box.\"}),`\n`,(0,n.jsx)(e.li,{children:\"Really just the first reason, that's the whole point of the plugin.\"}),`\n`,(0,n.jsx)(e.li,{children:\"Here's a third pretend reason though a list with three items looks more realistic than a list with two items.\"}),`\n`]}),`\n`,(0,n.jsx)(e.p,{children:\"Now we're going to try out another header style.\"}),`\n`,(0,n.jsxs)(e.h3,{id:\"typography-should-be-easy\",children:[(0,n.jsx)(e.a,{className:\"subheading-anchor\",\"aria-label\":\"Link to section\",href:\"#typography-should-be-easy\",children:(0,n.jsx)(e.span,{className:\"icon icon-link\"})}),\"Typography should be easy\"]}),`\n`,(0,n.jsx)(e.p,{children:\"So that's a header for you \\u2014 with any luck if we've done our job correctly that will look pretty reasonable.\"}),`\n`,(0,n.jsx)(e.p,{children:\"Something a wise person once told me about typography is:\"}),`\n`,(0,n.jsxs)(e.blockquote,{children:[`\n`,(0,n.jsx)(e.p,{children:\"Typography is pretty important if you don't want your stuff to look like trash. Make it good then it won't be bad.\"}),`\n`]}),`\n`,(0,n.jsx)(e.p,{children:\"It's probably important that images look okay here by default as well:\"}),`\n`,(0,n.jsx)(i,{src:\"/_static/blog/blog-post-4.jpg\",width:\"718\",height:\"404\",alt:\"Image\"}),`\n`,(0,n.jsx)(e.p,{children:\"Contrary to popular belief, Lorem Ipsum is not simply random text. It has roots in a piece of classical Latin literature from 45 BC, making it over 2000 years old.\"}),`\n`,(0,n.jsx)(e.p,{children:\"Now I'm going to show you an example of an unordered list to make sure that looks good, too:\"}),`\n`,(0,n.jsxs)(e.ul,{children:[`\n`,(0,n.jsx)(e.li,{children:\"So here is the first item in this list.\"}),`\n`,(0,n.jsx)(e.li,{children:\"In this example we're keeping the items short.\"}),`\n`,(0,n.jsx)(e.li,{children:\"Later, we'll use longer, more complex list items.\"}),`\n`]}),`\n`,(0,n.jsx)(e.p,{children:\"And that's the end of this section.\"}),`\n`,(0,n.jsxs)(e.h2,{id:\"what-if-we-stack-headings\",children:[(0,n.jsx)(e.a,{className:\"subheading-anchor\",\"aria-label\":\"Link to section\",href:\"#what-if-we-stack-headings\",children:(0,n.jsx)(e.span,{className:\"icon icon-link\"})}),\"What if we stack headings?\"]}),`\n`,(0,n.jsxs)(e.h3,{id:\"we-should-make-sure-that-looks-good-too\",children:[(0,n.jsx)(e.a,{className:\"subheading-anchor\",\"aria-label\":\"Link to section\",href:\"#we-should-make-sure-that-looks-good-too\",children:(0,n.jsx)(e.span,{className:\"icon icon-link\"})}),\"We should make sure that looks good, too.\"]}),`\n`,(0,n.jsx)(e.p,{children:\"Sometimes you have headings directly underneath each other. In those cases you often have to undo the top margin on the second heading because it usually looks better for the headings to be closer together than a paragraph followed by a heading should be.\"}),`\n`,(0,n.jsxs)(e.h3,{id:\"when-a-heading-comes-after-a-paragraph-\",children:[(0,n.jsx)(e.a,{className:\"subheading-anchor\",\"aria-label\":\"Link to section\",href:\"#when-a-heading-comes-after-a-paragraph-\",children:(0,n.jsx)(e.span,{className:\"icon icon-link\"})}),\"When a heading comes after a paragraph \\u2026\"]}),`\n`,(0,n.jsx)(e.p,{children:\"When a heading comes after a paragraph, we need a bit more space, like I already mentioned above. Now let's see what a more complex list would look like.\"}),`\n`,(0,n.jsxs)(e.ul,{children:[`\n`,(0,n.jsxs)(e.li,{children:[`\n`,(0,n.jsx)(e.p,{children:(0,n.jsx)(e.strong,{children:\"I often do this thing where list items have headings.\"})}),`\n`,(0,n.jsx)(e.p,{children:\"For some reason I think this looks cool which is unfortunate because it's pretty annoying to get the styles right.\"}),`\n`,(0,n.jsx)(e.p,{children:\"I often have two or three paragraphs in these list items, too, so the hard part is getting the spacing between the paragraphs, list item heading, and separate list items to all make sense. Pretty tough honestly, you could make a strong argument that you just shouldn't write this way.\"}),`\n`]}),`\n`,(0,n.jsxs)(e.li,{children:[`\n`,(0,n.jsx)(e.p,{children:(0,n.jsx)(e.strong,{children:\"Since this is a list, I need at least two items.\"})}),`\n`,(0,n.jsx)(e.p,{children:\"I explained what I'm doing already in the previous list item, but a list wouldn't be a list if it only had one item, and we really want this to look realistic. That's why I've added this second list item so I actually have something to look at when writing the styles.\"}),`\n`]}),`\n`,(0,n.jsxs)(e.li,{children:[`\n`,(0,n.jsx)(e.p,{children:(0,n.jsx)(e.strong,{children:\"It's not a bad idea to add a third item either.\"})}),`\n`,(0,n.jsx)(e.p,{children:\"I think it probably would've been fine to just use two items but three is definitely not worse, and since I seem to be having no trouble making up arbitrary things to type, I might as well include it.\"}),`\n`]}),`\n`]}),`\n`,(0,n.jsx)(e.p,{children:\"After this sort of list I usually have a closing statement or paragraph, because it kinda looks weird jumping right to a heading.\"}),`\n`,(0,n.jsxs)(e.h2,{id:\"code-should-look-okay-by-default\",children:[(0,n.jsx)(e.a,{className:\"subheading-anchor\",\"aria-label\":\"Link to section\",href:\"#code-should-look-okay-by-default\",children:(0,n.jsx)(e.span,{className:\"icon icon-link\"})}),\"Code should look okay by default.\"]}),`\n`,(0,n.jsxs)(e.p,{children:[\"I think most people are going to use \",(0,n.jsx)(e.a,{href:\"https://highlightjs.org/\",children:\"highlight.js\"}),\" or \",(0,n.jsx)(e.a,{href:\"https://prismjs.com/\",children:\"Prism\"}),\" or something if they want to style their code blocks but it wouldn't hurt to make them look \",(0,n.jsx)(e.em,{children:\"okay\"}),\" out of the box, even with no syntax highlighting.\"]}),`\n`,(0,n.jsxs)(e.p,{children:[\"Here's what a default \",(0,n.jsx)(e.code,{children:\"tailwind.config.js\"}),\" file looks like at the time of writing:\"]}),`\n`,(0,n.jsx)(e.figure,{\"data-rehype-pretty-code-figure\":\"\",children:(0,n.jsx)(e.pre,{style:{backgroundColor:\"#24292e\",color:\"#e1e4e8\"},tabIndex:\"0\",\"data-language\":\"js\",\"data-theme\":\"github-dark\",__rawString__:`module.exports = {\n  purge: [],\n  theme: {\n    extend: {},\n  },\n  variants: {},\n  plugins: [],\n};\n`,children:(0,n.jsxs)(e.code,{\"data-language\":\"js\",\"data-theme\":\"github-dark\",style:{display:\"grid\"},children:[(0,n.jsxs)(e.span,{\"data-line\":\"\",children:[(0,n.jsx)(e.span,{style:{color:\"#79B8FF\"},children:\"module\"}),(0,n.jsx)(e.span,{style:{color:\"#E1E4E8\"},children:\".\"}),(0,n.jsx)(e.span,{style:{color:\"#79B8FF\"},children:\"exports\"}),(0,n.jsx)(e.span,{style:{color:\"#F97583\"},children:\" =\"}),(0,n.jsx)(e.span,{style:{color:\"#E1E4E8\"},children:\" {\"})]}),`\n`,(0,n.jsx)(e.span,{\"data-line\":\"\",children:(0,n.jsx)(e.span,{style:{color:\"#E1E4E8\"},children:\"  purge: [],\"})}),`\n`,(0,n.jsx)(e.span,{\"data-line\":\"\",children:(0,n.jsx)(e.span,{style:{color:\"#E1E4E8\"},children:\"  theme: {\"})}),`\n`,(0,n.jsx)(e.span,{\"data-line\":\"\",children:(0,n.jsx)(e.span,{style:{color:\"#E1E4E8\"},children:\"    extend: {},\"})}),`\n`,(0,n.jsx)(e.span,{\"data-line\":\"\",children:(0,n.jsx)(e.span,{style:{color:\"#E1E4E8\"},children:\"  },\"})}),`\n`,(0,n.jsx)(e.span,{\"data-line\":\"\",children:(0,n.jsx)(e.span,{style:{color:\"#E1E4E8\"},children:\"  variants: {},\"})}),`\n`,(0,n.jsx)(e.span,{\"data-line\":\"\",children:(0,n.jsx)(e.span,{style:{color:\"#E1E4E8\"},children:\"  plugins: [],\"})}),`\n`,(0,n.jsx)(e.span,{\"data-line\":\"\",children:(0,n.jsx)(e.span,{style:{color:\"#E1E4E8\"},children:\"};\"})})]})})}),`\n`,(0,n.jsx)(e.p,{children:\"Hopefully that looks good enough to you.\"}),`\n`,(0,n.jsxs)(e.h3,{id:\"what-about-nested-lists\",children:[(0,n.jsx)(e.a,{className:\"subheading-anchor\",\"aria-label\":\"Link to section\",href:\"#what-about-nested-lists\",children:(0,n.jsx)(e.span,{className:\"icon icon-link\"})}),\"What about nested lists?\"]}),`\n`,(0,n.jsx)(e.p,{children:\"Nested lists basically always look bad which is why editors like Medium don't even let you do it, but I guess since some of you goofballs are going to do it we have to carry the burden of at least making it work.\"}),`\n`,(0,n.jsxs)(e.ol,{children:[`\n`,(0,n.jsxs)(e.li,{children:[(0,n.jsx)(e.strong,{children:\"Nested lists are rarely a good idea.\"}),`\n`,(0,n.jsxs)(e.ul,{children:[`\n`,(0,n.jsx)(e.li,{children:'You might feel like you are being really \"organized\" or something but you are just creating a gross shape on the screen that is hard to read.'}),`\n`,(0,n.jsx)(e.li,{children:\"Nested navigation in UIs is a bad idea too, keep things as flat as possible.\"}),`\n`,(0,n.jsx)(e.li,{children:\"Nesting tons of folders in your source code is also not helpful.\"}),`\n`]}),`\n`]}),`\n`,(0,n.jsxs)(e.li,{children:[(0,n.jsx)(e.strong,{children:\"Since we need to have more items, here's another one.\"}),`\n`,(0,n.jsxs)(e.ul,{children:[`\n`,(0,n.jsx)(e.li,{children:\"I'm not sure if we'll bother styling more than two levels deep.\"}),`\n`,(0,n.jsx)(e.li,{children:\"Two is already too much, three is guaranteed to be a bad idea.\"}),`\n`,(0,n.jsx)(e.li,{children:\"If you nest four levels deep you belong in prison.\"}),`\n`]}),`\n`]}),`\n`,(0,n.jsxs)(e.li,{children:[(0,n.jsx)(e.strong,{children:\"Two items isn't really a list, three is good though.\"}),`\n`,(0,n.jsxs)(e.ul,{children:[`\n`,(0,n.jsx)(e.li,{children:\"Again please don't nest lists if you want people to actually read your content.\"}),`\n`,(0,n.jsx)(e.li,{children:\"Nobody wants to look at this.\"}),`\n`,(0,n.jsx)(e.li,{children:\"I'm upset that we even have to bother styling this.\"}),`\n`]}),`\n`]}),`\n`]}),`\n`,(0,n.jsxs)(e.p,{children:[\"The most annoying thing about lists in Markdown is that \",(0,n.jsx)(e.code,{children:\"<li>\"}),\" elements aren't given a child \",(0,n.jsx)(e.code,{children:\"<p>\"}),\" tag unless there are multiple paragraphs in the list item. That means I have to worry about styling that annoying situation too.\"]}),`\n`,(0,n.jsxs)(e.ul,{children:[`\n`,(0,n.jsxs)(e.li,{children:[`\n`,(0,n.jsx)(e.p,{children:(0,n.jsx)(e.strong,{children:\"For example, here's another nested list.\"})}),`\n`,(0,n.jsx)(e.p,{children:\"But this time with a second paragraph.\"}),`\n`,(0,n.jsxs)(e.ul,{children:[`\n`,(0,n.jsxs)(e.li,{children:[\"These list items won't have \",(0,n.jsx)(e.code,{children:\"<p>\"}),\" tags\"]}),`\n`,(0,n.jsx)(e.li,{children:\"Because they are only one line each\"}),`\n`]}),`\n`]}),`\n`,(0,n.jsxs)(e.li,{children:[`\n`,(0,n.jsx)(e.p,{children:(0,n.jsx)(e.strong,{children:\"But in this second top-level list item, they will.\"})}),`\n`,(0,n.jsx)(e.p,{children:\"This is especially annoying because of the spacing on this paragraph.\"}),`\n`,(0,n.jsxs)(e.ul,{children:[`\n`,(0,n.jsxs)(e.li,{children:[`\n`,(0,n.jsxs)(e.p,{children:[\"As you can see here, because I've added a second line, this list item now has a \",(0,n.jsx)(e.code,{children:\"<p>\"}),\" tag.\"]}),`\n`,(0,n.jsx)(e.p,{children:\"This is the second line I'm talking about by the way.\"}),`\n`]}),`\n`,(0,n.jsxs)(e.li,{children:[`\n`,(0,n.jsx)(e.p,{children:\"Finally here's another list item so it's more like a list.\"}),`\n`]}),`\n`]}),`\n`]}),`\n`,(0,n.jsxs)(e.li,{children:[`\n`,(0,n.jsx)(e.p,{children:\"A closing list item, but with no nested list, because why not?\"}),`\n`]}),`\n`]}),`\n`,(0,n.jsx)(e.p,{children:\"And finally a sentence to close off this section.\"}),`\n`,(0,n.jsxs)(e.h2,{id:\"there-are-other-elements-we-need-to-style\",children:[(0,n.jsx)(e.a,{className:\"subheading-anchor\",\"aria-label\":\"Link to section\",href:\"#there-are-other-elements-we-need-to-style\",children:(0,n.jsx)(e.span,{className:\"icon icon-link\"})}),\"There are other elements we need to style\"]}),`\n`,(0,n.jsxs)(e.p,{children:[\"I almost forgot to mention links, like \",(0,n.jsx)(e.a,{href:\"https://tailwindcss.com\",children:\"this link to the Tailwind CSS website\"}),\". We almost made them blue but that's so yesterday, so we went with dark gray, feels edgier.\"]}),`\n`,(0,n.jsx)(e.p,{children:\"We even included table styles, check it out:\"}),`\n`,(0,n.jsxs)(e.table,{children:[(0,n.jsx)(e.thead,{children:(0,n.jsxs)(e.tr,{children:[(0,n.jsx)(e.th,{children:\"Wrestler\"}),(0,n.jsx)(e.th,{children:\"Origin\"}),(0,n.jsx)(e.th,{children:\"Finisher\"})]})}),(0,n.jsxs)(e.tbody,{children:[(0,n.jsxs)(e.tr,{children:[(0,n.jsx)(e.td,{children:'Bret \"The Hitman\" Hart'}),(0,n.jsx)(e.td,{children:\"Calgary, AB\"}),(0,n.jsx)(e.td,{children:\"Sharpshooter\"})]}),(0,n.jsxs)(e.tr,{children:[(0,n.jsx)(e.td,{children:\"Stone Cold Steve Austin\"}),(0,n.jsx)(e.td,{children:\"Austin, TX\"}),(0,n.jsx)(e.td,{children:\"Stone Cold Stunner\"})]}),(0,n.jsxs)(e.tr,{children:[(0,n.jsx)(e.td,{children:\"Randy Savage\"}),(0,n.jsx)(e.td,{children:\"Sarasota, FL\"}),(0,n.jsx)(e.td,{children:\"Elbow Drop\"})]}),(0,n.jsxs)(e.tr,{children:[(0,n.jsx)(e.td,{children:\"Vader\"}),(0,n.jsx)(e.td,{children:\"Boulder, CO\"}),(0,n.jsx)(e.td,{children:\"Vader Bomb\"})]}),(0,n.jsxs)(e.tr,{children:[(0,n.jsx)(e.td,{children:\"Razor Ramon\"}),(0,n.jsx)(e.td,{children:\"Chuluota, FL\"}),(0,n.jsx)(e.td,{children:\"Razor's Edge\"})]})]})]}),`\n`,(0,n.jsxs)(e.p,{children:[\"We also need to make sure inline code looks good, like if I wanted to talk about \",(0,n.jsx)(e.code,{children:\"<span>\"}),\" elements or tell you the good news about \",(0,n.jsx)(e.code,{children:\"@tailwindcss/typography\"}),\".\"]}),`\n`,(0,n.jsxs)(e.h3,{id:\"sometimes-i-even-use-code-in-headings\",children:[(0,n.jsx)(e.a,{className:\"subheading-anchor\",\"aria-label\":\"Link to section\",href:\"#sometimes-i-even-use-code-in-headings\",children:(0,n.jsx)(e.span,{className:\"icon icon-link\"})}),\"Sometimes I even use \",(0,n.jsx)(e.code,{children:\"code\"}),\" in headings\"]}),`\n`,(0,n.jsxs)(e.p,{children:[\"Even though it's probably a bad idea, and historically I've had a hard time making it look good. This \",(0,n.jsx)(e.em,{children:'\"wrap the code blocks in backticks\"'}),\" trick works pretty well though really.\"]}),`\n`,(0,n.jsxs)(e.p,{children:[\"Another thing I've done in the past is put a \",(0,n.jsx)(e.code,{children:\"code\"}),\" tag inside of a link, like if I wanted to tell you about the \",(0,n.jsx)(e.a,{href:\"https://github.com/tailwindcss/docs\",children:(0,n.jsx)(e.code,{children:\"tailwindcss/docs\"})}),\" repository. I don't love that there is an underline below the backticks but it is absolutely not worth the madness it would require to avoid it.\"]}),`\n`,(0,n.jsxs)(e.h4,{id:\"we-havent-used-an-h4-yet\",children:[(0,n.jsx)(e.a,{className:\"subheading-anchor\",\"aria-label\":\"Link to section\",href:\"#we-havent-used-an-h4-yet\",children:(0,n.jsx)(e.span,{className:\"icon icon-link\"})}),\"We haven't used an \",(0,n.jsx)(e.code,{children:\"h4\"}),\" yet\"]}),`\n`,(0,n.jsxs)(e.p,{children:[\"But now we have. Please don't use \",(0,n.jsx)(e.code,{children:\"h5\"}),\" or \",(0,n.jsx)(e.code,{children:\"h6\"}),\" in your content, Medium only supports two heading levels for a reason, you animals. I honestly considered using a \",(0,n.jsx)(e.code,{children:\"before\"}),\" pseudo-element to scream at you if you use an \",(0,n.jsx)(e.code,{children:\"h5\"}),\" or \",(0,n.jsx)(e.code,{children:\"h6\"}),\".\"]}),`\n`,(0,n.jsxs)(e.p,{children:[\"We don't style them at all out of the box because \",(0,n.jsx)(e.code,{children:\"h4\"}),\" elements are already so small that they are the same size as the body copy. What are we supposed to do with an \",(0,n.jsx)(e.code,{children:\"h5\"}),\", make it \",(0,n.jsx)(e.em,{children:\"smaller\"}),\" than the body copy? No thanks.\"]}),`\n`,(0,n.jsxs)(e.h3,{id:\"we-still-need-to-think-about-stacked-headings-though\",children:[(0,n.jsx)(e.a,{className:\"subheading-anchor\",\"aria-label\":\"Link to section\",href:\"#we-still-need-to-think-about-stacked-headings-though\",children:(0,n.jsx)(e.span,{className:\"icon icon-link\"})}),\"We still need to think about stacked headings though.\"]}),`\n`,(0,n.jsxs)(e.h4,{id:\"lets-make-sure-we-dont-screw-that-up-with-h4-elements-either\",children:[(0,n.jsx)(e.a,{className:\"subheading-anchor\",\"aria-label\":\"Link to section\",href:\"#lets-make-sure-we-dont-screw-that-up-with-h4-elements-either\",children:(0,n.jsx)(e.span,{className:\"icon icon-link\"})}),\"Let's make sure we don't screw that up with \",(0,n.jsx)(e.code,{children:\"h4\"}),\" elements, either.\"]}),`\n`,(0,n.jsx)(e.p,{children:\"Phew, with any luck we have styled the headings above this text and they look pretty good.\"}),`\n`,(0,n.jsx)(e.p,{children:\"Let's add a closing paragraph here so things end with a decently sized block of text. I can't explain why I want things to end that way but I have to assume it's because I think things will look weird or unbalanced if there is a heading too close to the end of the document.\"}),`\n`,(0,n.jsx)(e.p,{children:\"What I've written here is probably long enough, but adding this final sentence can't hurt.\"}),`\n`,(0,n.jsxs)(e.h2,{id:\"github-flavored-markdown\",children:[(0,n.jsx)(e.a,{className:\"subheading-anchor\",\"aria-label\":\"Link to section\",href:\"#github-flavored-markdown\",children:(0,n.jsx)(e.span,{className:\"icon icon-link\"})}),\"GitHub Flavored Markdown\"]}),`\n`,(0,n.jsxs)(e.p,{children:[\"I've also added support for GitHub Flavored Mardown using \",(0,n.jsx)(e.code,{children:\"remark-gfm\"}),\".\"]}),`\n`,(0,n.jsxs)(e.p,{children:[\"With \",(0,n.jsx)(e.code,{children:\"remark-gfm\"}),\", we get a few extra features in our markdown. Example: autolink literals.\"]}),`\n`,(0,n.jsxs)(e.p,{children:[\"A link like \",(0,n.jsx)(e.a,{href:\"http://www.example.com\",children:\"www.example.com\"}),\" or \",(0,n.jsx)(e.a,{href:\"https://example.com\",children:\"https://example.com\"}),\" would automatically be converted into an \",(0,n.jsx)(e.code,{children:\"a\"}),\" tag.\"]}),`\n`,(0,n.jsxs)(e.p,{children:[\"This works for email links too: \",(0,n.jsx)(e.a,{href:\"mailto:contact@example.com\",children:\"contact@example.com\"}),\".\"]})]})}function c(t={}){let{wrapper:e}=t.components||{};return e?(0,n.jsx)(e,{...t,children:(0,n.jsx)(d,{...t})}):d(t)}function v(t,e){throw new Error(\"Expected \"+(e?\"component\":\"object\")+\" `\"+t+\"` to be defined: you likely forgot to import, pass, or provide it.\")}return k(I);})();\n;return Component;"
  },
  "_id": "blog/preview-mode-headless-cms.mdx",
  "_raw": {
    "sourceFilePath": "blog/preview-mode-headless-cms.mdx",
    "sourceFileName": "preview-mode-headless-cms.mdx",
    "sourceFileDir": "blog",
    "contentType": "mdx",
    "flattenedPath": "blog/preview-mode-headless-cms"
  },
  "type": "Post",
  "slug": "/blog/preview-mode-headless-cms",
  "slugAsParams": "preview-mode-headless-cms",
  "images": [
    "/_static/blog/blog-post-4.jpg"
  ]
}