{
  "title": "AI Development Revolution 2025 - Breakthroughs Reshaping Healthcare and Industry",
  "description": "Major AI breakthroughs in 2025 are transforming healthcare, governance, and scientific research. From AI-powered medical diagnostics to regulatory frameworks, discover the latest developments driving AI innovation forward.",
  "date": "2025-10-24T00:00:00.000Z",
  "published": true,
  "image": "/_static/blog/blog-post-1.jpg",
  "authors": [
    "drewsepeczi"
  ],
  "categories": [
    "news"
  ],
  "related": [
    "ai-benchmark-revolution-2025",
    "openai-o1-coding-breakthrough"
  ],
  "body": {
    "raw": "\n<Callout>\n  2025 is proving to be a transformative year for AI, with breakthroughs in healthcare, regulatory frameworks, and scientific research. These developments are accelerating AI adoption across industries and establishing new standards for responsible AI development.\n</Callout>\n\n## Healthcare Revolution: AI-Powered Diagnostics\n\nOne of the most significant breakthroughs in 2025 is the advancement of AI in medical diagnostics, particularly in cardiovascular care.\n\n### AI Echocardiography Breakthrough\n**Date:** October 13, 2025\n\nAI-powered echocardiography is revolutionizing cardiovascular disease care by automating complex diagnostic tasks. The technology can now:\n\n- **Measure left ventricular ejection fraction** automatically with high precision\n- **Detect subtle disease markers** earlier than traditional imaging methods\n- **Identify new phenogroups** and subtypes within cardiovascular diseases\n- **Enable precision treatment strategies** based on AI-driven insights\n\n**Impact:** This breakthrough promises to elevate diagnostic accuracy, streamline clinical workflows, and usher in a new era of personalized cardiac care.\n\n**Source:** [Bioengineer Research](https://bioengineer.org/ai-powered-echocardiography-revolutionizes-cardiovascular-disease-care/)\n\n## Regulatory Milestones: EU AI Act Implementation\n\n### Historic Implementation\n**Date:** August 2, 2025\n\nFour years after its introduction, the European Union has become the first government entity to fully implement the comprehensive AI Act. This landmark legislation:\n\n- **Establishes clear risk categories** for AI systems\n- **Sets transparency and accountability standards** for AI development\n- **Creates compliance requirements** for high-risk AI applications\n- **Promotes responsible AI development** across the EU\n\n**Global Impact:** As the first comprehensive AI regulatory framework, the EU AI Act is setting global standards and influencing AI governance worldwide.\n\n## Scientific Advancements: Google AI Breakthroughs\n\n### 9 Ways AI is Advancing Science\n**Date:** November 18, 2024 (with 2025 implementations)\n\nGoogle's AI initiatives continue to drive scientific progress across multiple disciplines:\n\n#### Protein Structure Prediction\n- **AlphaFold improvements** accelerating drug development\n- **Enhanced molecular modeling** for pharmaceutical research\n- **Environmental applications** for sustainability research\n\n#### Climate and Weather Forecasting\n- **Advanced flood prediction systems** using AI modeling\n- **Climate change impact analysis** with greater accuracy\n- **Weather pattern prediction** improvements\n\n#### Healthcare Applications\n- **Medical imaging analysis** enhancements\n- **Drug discovery acceleration** through AI-driven research\n- **Personalized treatment optimization**\n\n## Market Growth and Investment Trends\n\n### Record-Breaking Valuations\n2025 has seen unprecedented growth in AI infrastructure and services:\n\n- **NVIDIA** surpassing major tech companies in market capitalization\n- **AI infrastructure providers** experiencing 142% revenue growth\n- **Major funding rounds** for AI research companies (OpenAI, xAI raising $6B+ each)\n\n### Infrastructure Expansion\n- **Data center GPU revenue** driving market growth\n- **Cloud AI services** expansion across major platforms\n- **AI chip development** accelerating to meet growing demand\n\n## Industry-Specific AI Applications\n\n### Healthcare Transformation\nBeyond cardiovascular care, AI is impacting:\n- **Radiology automation** for faster diagnoses\n- **Drug discovery** acceleration through molecular modeling\n- **Patient outcome prediction** using historical data analysis\n\n### Business Intelligence\n- **Predictive analytics** for market forecasting\n- **Customer behavior analysis** for personalized experiences\n- **Operational optimization** through process automation\n\n## Global AI Competition\n\n### Closing Performance Gaps\nThe competitive landscape shows rapid convergence in AI capabilities:\n\n- **US-China performance gap** narrowing significantly across benchmarks\n- **Open-weight models** achieving near-parity with proprietary systems\n- **Global collaboration** increasing in AI research and development\n\n## Future Implications\n\n### For Healthcare Professionals\n1. **Enhanced diagnostic accuracy** leading to better patient outcomes\n2. **Reduced administrative burden** through automation\n3. **More personalized treatment plans** based on AI insights\n\n### For Businesses\n1. **Improved decision-making** through advanced analytics\n2. **Cost optimization** via AI-driven process improvements\n3. **Competitive advantage** through early AI adoption\n\n### For Society\n1. **Better healthcare accessibility** through AI assistance\n2. **Regulatory clarity** establishing trust in AI systems\n3. **Scientific acceleration** solving complex global challenges\n\n## Challenges and Considerations\n\nWhile 2025 has brought remarkable AI progress, challenges remain:\n\n### Ethical Considerations\n- **Bias mitigation** in healthcare AI applications\n- **Privacy protection** in medical data usage\n- **Transparency requirements** for AI decision-making\n\n### Technical Limitations\n- **Data quality requirements** for accurate AI training\n- **Compute resource demands** for advanced AI models\n- **Integration challenges** with existing healthcare systems\n\n### Regulatory Compliance\n- **Implementation costs** for AI Act compliance\n- **Cross-border harmonization** of AI regulations\n- **Industry adaptation** to new compliance requirements\n\n## The Road Ahead\n\nAs we progress through 2025, AI continues to demonstrate its potential to transform industries and improve lives. The convergence of technological breakthroughs, regulatory frameworks, and market growth suggests we're entering a new phase of AI maturity.\n\n**Key Takeaway:** 2025 marks a pivotal year where AI moves from experimental technology to essential infrastructure across healthcare, industry, and scientific research. The focus is shifting from AI capabilities to responsible implementation and real-world impact.\n\nStay informed as these developments continue to unfold and shape the future of AI applications across all sectors.\n",
    "code": "var Component=(()=>{var g=Object.create;var c=Object.defineProperty;var m=Object.getOwnPropertyDescriptor;var p=Object.getOwnPropertyNames;var u=Object.getPrototypeOf,f=Object.prototype.hasOwnProperty;var b=(i,n)=>()=>(n||i((n={exports:{}}).exports,n),n.exports),k=(i,n)=>{for(var a in n)c(i,a,{get:n[a],enumerable:!0})},o=(i,n,a,s)=>{if(n&&typeof n==\"object\"||typeof n==\"function\")for(let r of p(n))!f.call(i,r)&&r!==a&&c(i,r,{get:()=>n[r],enumerable:!(s=m(n,r))||s.enumerable});return i};var v=(i,n,a)=>(a=i!=null?g(u(i)):{},o(n||!i||!i.__esModule?c(a,\"default\",{value:i,enumerable:!0}):a,i)),y=i=>o(c({},\"__esModule\",{value:!0}),i);var t=b((L,l)=>{l.exports=_jsx_runtime});var N={};k(N,{default:()=>d,frontmatter:()=>I});var e=v(t()),I={title:\"AI Development Revolution 2025 - Breakthroughs Reshaping Healthcare and Industry\",description:\"Major AI breakthroughs in 2025 are transforming healthcare, governance, and scientific research. From AI-powered medical diagnostics to regulatory frameworks, discover the latest developments driving AI innovation forward.\",image:\"/_static/blog/blog-post-1.jpg\",date:\"2025-10-24\",authors:[\"drewsepeczi\"],categories:[\"news\"],related:[\"ai-benchmark-revolution-2025\",\"openai-o1-coding-breakthrough\"]};function h(i){let n={a:\"a\",h2:\"h2\",h3:\"h3\",h4:\"h4\",li:\"li\",ol:\"ol\",p:\"p\",span:\"span\",strong:\"strong\",ul:\"ul\",...i.components},{Callout:a}=n;return a||A(\"Callout\",!0),(0,e.jsxs)(e.Fragment,{children:[(0,e.jsx)(a,{children:(0,e.jsx)(n.p,{children:\"2025 is proving to be a transformative year for AI, with breakthroughs in healthcare, regulatory frameworks, and scientific research. These developments are accelerating AI adoption across industries and establishing new standards for responsible AI development.\"})}),`\n`,(0,e.jsxs)(n.h2,{id:\"healthcare-revolution-ai-powered-diagnostics\",children:[(0,e.jsx)(n.a,{className:\"subheading-anchor\",\"aria-label\":\"Link to section\",href:\"#healthcare-revolution-ai-powered-diagnostics\",children:(0,e.jsx)(n.span,{className:\"icon icon-link\"})}),\"Healthcare Revolution: AI-Powered Diagnostics\"]}),`\n`,(0,e.jsx)(n.p,{children:\"One of the most significant breakthroughs in 2025 is the advancement of AI in medical diagnostics, particularly in cardiovascular care.\"}),`\n`,(0,e.jsxs)(n.h3,{id:\"ai-echocardiography-breakthrough\",children:[(0,e.jsx)(n.a,{className:\"subheading-anchor\",\"aria-label\":\"Link to section\",href:\"#ai-echocardiography-breakthrough\",children:(0,e.jsx)(n.span,{className:\"icon icon-link\"})}),\"AI Echocardiography Breakthrough\"]}),`\n`,(0,e.jsxs)(n.p,{children:[(0,e.jsx)(n.strong,{children:\"Date:\"}),\" October 13, 2025\"]}),`\n`,(0,e.jsx)(n.p,{children:\"AI-powered echocardiography is revolutionizing cardiovascular disease care by automating complex diagnostic tasks. The technology can now:\"}),`\n`,(0,e.jsxs)(n.ul,{children:[`\n`,(0,e.jsxs)(n.li,{children:[(0,e.jsx)(n.strong,{children:\"Measure left ventricular ejection fraction\"}),\" automatically with high precision\"]}),`\n`,(0,e.jsxs)(n.li,{children:[(0,e.jsx)(n.strong,{children:\"Detect subtle disease markers\"}),\" earlier than traditional imaging methods\"]}),`\n`,(0,e.jsxs)(n.li,{children:[(0,e.jsx)(n.strong,{children:\"Identify new phenogroups\"}),\" and subtypes within cardiovascular diseases\"]}),`\n`,(0,e.jsxs)(n.li,{children:[(0,e.jsx)(n.strong,{children:\"Enable precision treatment strategies\"}),\" based on AI-driven insights\"]}),`\n`]}),`\n`,(0,e.jsxs)(n.p,{children:[(0,e.jsx)(n.strong,{children:\"Impact:\"}),\" This breakthrough promises to elevate diagnostic accuracy, streamline clinical workflows, and usher in a new era of personalized cardiac care.\"]}),`\n`,(0,e.jsxs)(n.p,{children:[(0,e.jsx)(n.strong,{children:\"Source:\"}),\" \",(0,e.jsx)(n.a,{href:\"https://bioengineer.org/ai-powered-echocardiography-revolutionizes-cardiovascular-disease-care/\",children:\"Bioengineer Research\"})]}),`\n`,(0,e.jsxs)(n.h2,{id:\"regulatory-milestones-eu-ai-act-implementation\",children:[(0,e.jsx)(n.a,{className:\"subheading-anchor\",\"aria-label\":\"Link to section\",href:\"#regulatory-milestones-eu-ai-act-implementation\",children:(0,e.jsx)(n.span,{className:\"icon icon-link\"})}),\"Regulatory Milestones: EU AI Act Implementation\"]}),`\n`,(0,e.jsxs)(n.h3,{id:\"historic-implementation\",children:[(0,e.jsx)(n.a,{className:\"subheading-anchor\",\"aria-label\":\"Link to section\",href:\"#historic-implementation\",children:(0,e.jsx)(n.span,{className:\"icon icon-link\"})}),\"Historic Implementation\"]}),`\n`,(0,e.jsxs)(n.p,{children:[(0,e.jsx)(n.strong,{children:\"Date:\"}),\" August 2, 2025\"]}),`\n`,(0,e.jsx)(n.p,{children:\"Four years after its introduction, the European Union has become the first government entity to fully implement the comprehensive AI Act. This landmark legislation:\"}),`\n`,(0,e.jsxs)(n.ul,{children:[`\n`,(0,e.jsxs)(n.li,{children:[(0,e.jsx)(n.strong,{children:\"Establishes clear risk categories\"}),\" for AI systems\"]}),`\n`,(0,e.jsxs)(n.li,{children:[(0,e.jsx)(n.strong,{children:\"Sets transparency and accountability standards\"}),\" for AI development\"]}),`\n`,(0,e.jsxs)(n.li,{children:[(0,e.jsx)(n.strong,{children:\"Creates compliance requirements\"}),\" for high-risk AI applications\"]}),`\n`,(0,e.jsxs)(n.li,{children:[(0,e.jsx)(n.strong,{children:\"Promotes responsible AI development\"}),\" across the EU\"]}),`\n`]}),`\n`,(0,e.jsxs)(n.p,{children:[(0,e.jsx)(n.strong,{children:\"Global Impact:\"}),\" As the first comprehensive AI regulatory framework, the EU AI Act is setting global standards and influencing AI governance worldwide.\"]}),`\n`,(0,e.jsxs)(n.h2,{id:\"scientific-advancements-google-ai-breakthroughs\",children:[(0,e.jsx)(n.a,{className:\"subheading-anchor\",\"aria-label\":\"Link to section\",href:\"#scientific-advancements-google-ai-breakthroughs\",children:(0,e.jsx)(n.span,{className:\"icon icon-link\"})}),\"Scientific Advancements: Google AI Breakthroughs\"]}),`\n`,(0,e.jsxs)(n.h3,{id:\"9-ways-ai-is-advancing-science\",children:[(0,e.jsx)(n.a,{className:\"subheading-anchor\",\"aria-label\":\"Link to section\",href:\"#9-ways-ai-is-advancing-science\",children:(0,e.jsx)(n.span,{className:\"icon icon-link\"})}),\"9 Ways AI is Advancing Science\"]}),`\n`,(0,e.jsxs)(n.p,{children:[(0,e.jsx)(n.strong,{children:\"Date:\"}),\" November 18, 2024 (with 2025 implementations)\"]}),`\n`,(0,e.jsx)(n.p,{children:\"Google's AI initiatives continue to drive scientific progress across multiple disciplines:\"}),`\n`,(0,e.jsxs)(n.h4,{id:\"protein-structure-prediction\",children:[(0,e.jsx)(n.a,{className:\"subheading-anchor\",\"aria-label\":\"Link to section\",href:\"#protein-structure-prediction\",children:(0,e.jsx)(n.span,{className:\"icon icon-link\"})}),\"Protein Structure Prediction\"]}),`\n`,(0,e.jsxs)(n.ul,{children:[`\n`,(0,e.jsxs)(n.li,{children:[(0,e.jsx)(n.strong,{children:\"AlphaFold improvements\"}),\" accelerating drug development\"]}),`\n`,(0,e.jsxs)(n.li,{children:[(0,e.jsx)(n.strong,{children:\"Enhanced molecular modeling\"}),\" for pharmaceutical research\"]}),`\n`,(0,e.jsxs)(n.li,{children:[(0,e.jsx)(n.strong,{children:\"Environmental applications\"}),\" for sustainability research\"]}),`\n`]}),`\n`,(0,e.jsxs)(n.h4,{id:\"climate-and-weather-forecasting\",children:[(0,e.jsx)(n.a,{className:\"subheading-anchor\",\"aria-label\":\"Link to section\",href:\"#climate-and-weather-forecasting\",children:(0,e.jsx)(n.span,{className:\"icon icon-link\"})}),\"Climate and Weather Forecasting\"]}),`\n`,(0,e.jsxs)(n.ul,{children:[`\n`,(0,e.jsxs)(n.li,{children:[(0,e.jsx)(n.strong,{children:\"Advanced flood prediction systems\"}),\" using AI modeling\"]}),`\n`,(0,e.jsxs)(n.li,{children:[(0,e.jsx)(n.strong,{children:\"Climate change impact analysis\"}),\" with greater accuracy\"]}),`\n`,(0,e.jsxs)(n.li,{children:[(0,e.jsx)(n.strong,{children:\"Weather pattern prediction\"}),\" improvements\"]}),`\n`]}),`\n`,(0,e.jsxs)(n.h4,{id:\"healthcare-applications\",children:[(0,e.jsx)(n.a,{className:\"subheading-anchor\",\"aria-label\":\"Link to section\",href:\"#healthcare-applications\",children:(0,e.jsx)(n.span,{className:\"icon icon-link\"})}),\"Healthcare Applications\"]}),`\n`,(0,e.jsxs)(n.ul,{children:[`\n`,(0,e.jsxs)(n.li,{children:[(0,e.jsx)(n.strong,{children:\"Medical imaging analysis\"}),\" enhancements\"]}),`\n`,(0,e.jsxs)(n.li,{children:[(0,e.jsx)(n.strong,{children:\"Drug discovery acceleration\"}),\" through AI-driven research\"]}),`\n`,(0,e.jsx)(n.li,{children:(0,e.jsx)(n.strong,{children:\"Personalized treatment optimization\"})}),`\n`]}),`\n`,(0,e.jsxs)(n.h2,{id:\"market-growth-and-investment-trends\",children:[(0,e.jsx)(n.a,{className:\"subheading-anchor\",\"aria-label\":\"Link to section\",href:\"#market-growth-and-investment-trends\",children:(0,e.jsx)(n.span,{className:\"icon icon-link\"})}),\"Market Growth and Investment Trends\"]}),`\n`,(0,e.jsxs)(n.h3,{id:\"record-breaking-valuations\",children:[(0,e.jsx)(n.a,{className:\"subheading-anchor\",\"aria-label\":\"Link to section\",href:\"#record-breaking-valuations\",children:(0,e.jsx)(n.span,{className:\"icon icon-link\"})}),\"Record-Breaking Valuations\"]}),`\n`,(0,e.jsx)(n.p,{children:\"2025 has seen unprecedented growth in AI infrastructure and services:\"}),`\n`,(0,e.jsxs)(n.ul,{children:[`\n`,(0,e.jsxs)(n.li,{children:[(0,e.jsx)(n.strong,{children:\"NVIDIA\"}),\" surpassing major tech companies in market capitalization\"]}),`\n`,(0,e.jsxs)(n.li,{children:[(0,e.jsx)(n.strong,{children:\"AI infrastructure providers\"}),\" experiencing 142% revenue growth\"]}),`\n`,(0,e.jsxs)(n.li,{children:[(0,e.jsx)(n.strong,{children:\"Major funding rounds\"}),\" for AI research companies (OpenAI, xAI raising $6B+ each)\"]}),`\n`]}),`\n`,(0,e.jsxs)(n.h3,{id:\"infrastructure-expansion\",children:[(0,e.jsx)(n.a,{className:\"subheading-anchor\",\"aria-label\":\"Link to section\",href:\"#infrastructure-expansion\",children:(0,e.jsx)(n.span,{className:\"icon icon-link\"})}),\"Infrastructure Expansion\"]}),`\n`,(0,e.jsxs)(n.ul,{children:[`\n`,(0,e.jsxs)(n.li,{children:[(0,e.jsx)(n.strong,{children:\"Data center GPU revenue\"}),\" driving market growth\"]}),`\n`,(0,e.jsxs)(n.li,{children:[(0,e.jsx)(n.strong,{children:\"Cloud AI services\"}),\" expansion across major platforms\"]}),`\n`,(0,e.jsxs)(n.li,{children:[(0,e.jsx)(n.strong,{children:\"AI chip development\"}),\" accelerating to meet growing demand\"]}),`\n`]}),`\n`,(0,e.jsxs)(n.h2,{id:\"industry-specific-ai-applications\",children:[(0,e.jsx)(n.a,{className:\"subheading-anchor\",\"aria-label\":\"Link to section\",href:\"#industry-specific-ai-applications\",children:(0,e.jsx)(n.span,{className:\"icon icon-link\"})}),\"Industry-Specific AI Applications\"]}),`\n`,(0,e.jsxs)(n.h3,{id:\"healthcare-transformation\",children:[(0,e.jsx)(n.a,{className:\"subheading-anchor\",\"aria-label\":\"Link to section\",href:\"#healthcare-transformation\",children:(0,e.jsx)(n.span,{className:\"icon icon-link\"})}),\"Healthcare Transformation\"]}),`\n`,(0,e.jsx)(n.p,{children:\"Beyond cardiovascular care, AI is impacting:\"}),`\n`,(0,e.jsxs)(n.ul,{children:[`\n`,(0,e.jsxs)(n.li,{children:[(0,e.jsx)(n.strong,{children:\"Radiology automation\"}),\" for faster diagnoses\"]}),`\n`,(0,e.jsxs)(n.li,{children:[(0,e.jsx)(n.strong,{children:\"Drug discovery\"}),\" acceleration through molecular modeling\"]}),`\n`,(0,e.jsxs)(n.li,{children:[(0,e.jsx)(n.strong,{children:\"Patient outcome prediction\"}),\" using historical data analysis\"]}),`\n`]}),`\n`,(0,e.jsxs)(n.h3,{id:\"business-intelligence\",children:[(0,e.jsx)(n.a,{className:\"subheading-anchor\",\"aria-label\":\"Link to section\",href:\"#business-intelligence\",children:(0,e.jsx)(n.span,{className:\"icon icon-link\"})}),\"Business Intelligence\"]}),`\n`,(0,e.jsxs)(n.ul,{children:[`\n`,(0,e.jsxs)(n.li,{children:[(0,e.jsx)(n.strong,{children:\"Predictive analytics\"}),\" for market forecasting\"]}),`\n`,(0,e.jsxs)(n.li,{children:[(0,e.jsx)(n.strong,{children:\"Customer behavior analysis\"}),\" for personalized experiences\"]}),`\n`,(0,e.jsxs)(n.li,{children:[(0,e.jsx)(n.strong,{children:\"Operational optimization\"}),\" through process automation\"]}),`\n`]}),`\n`,(0,e.jsxs)(n.h2,{id:\"global-ai-competition\",children:[(0,e.jsx)(n.a,{className:\"subheading-anchor\",\"aria-label\":\"Link to section\",href:\"#global-ai-competition\",children:(0,e.jsx)(n.span,{className:\"icon icon-link\"})}),\"Global AI Competition\"]}),`\n`,(0,e.jsxs)(n.h3,{id:\"closing-performance-gaps\",children:[(0,e.jsx)(n.a,{className:\"subheading-anchor\",\"aria-label\":\"Link to section\",href:\"#closing-performance-gaps\",children:(0,e.jsx)(n.span,{className:\"icon icon-link\"})}),\"Closing Performance Gaps\"]}),`\n`,(0,e.jsx)(n.p,{children:\"The competitive landscape shows rapid convergence in AI capabilities:\"}),`\n`,(0,e.jsxs)(n.ul,{children:[`\n`,(0,e.jsxs)(n.li,{children:[(0,e.jsx)(n.strong,{children:\"US-China performance gap\"}),\" narrowing significantly across benchmarks\"]}),`\n`,(0,e.jsxs)(n.li,{children:[(0,e.jsx)(n.strong,{children:\"Open-weight models\"}),\" achieving near-parity with proprietary systems\"]}),`\n`,(0,e.jsxs)(n.li,{children:[(0,e.jsx)(n.strong,{children:\"Global collaboration\"}),\" increasing in AI research and development\"]}),`\n`]}),`\n`,(0,e.jsxs)(n.h2,{id:\"future-implications\",children:[(0,e.jsx)(n.a,{className:\"subheading-anchor\",\"aria-label\":\"Link to section\",href:\"#future-implications\",children:(0,e.jsx)(n.span,{className:\"icon icon-link\"})}),\"Future Implications\"]}),`\n`,(0,e.jsxs)(n.h3,{id:\"for-healthcare-professionals\",children:[(0,e.jsx)(n.a,{className:\"subheading-anchor\",\"aria-label\":\"Link to section\",href:\"#for-healthcare-professionals\",children:(0,e.jsx)(n.span,{className:\"icon icon-link\"})}),\"For Healthcare Professionals\"]}),`\n`,(0,e.jsxs)(n.ol,{children:[`\n`,(0,e.jsxs)(n.li,{children:[(0,e.jsx)(n.strong,{children:\"Enhanced diagnostic accuracy\"}),\" leading to better patient outcomes\"]}),`\n`,(0,e.jsxs)(n.li,{children:[(0,e.jsx)(n.strong,{children:\"Reduced administrative burden\"}),\" through automation\"]}),`\n`,(0,e.jsxs)(n.li,{children:[(0,e.jsx)(n.strong,{children:\"More personalized treatment plans\"}),\" based on AI insights\"]}),`\n`]}),`\n`,(0,e.jsxs)(n.h3,{id:\"for-businesses\",children:[(0,e.jsx)(n.a,{className:\"subheading-anchor\",\"aria-label\":\"Link to section\",href:\"#for-businesses\",children:(0,e.jsx)(n.span,{className:\"icon icon-link\"})}),\"For Businesses\"]}),`\n`,(0,e.jsxs)(n.ol,{children:[`\n`,(0,e.jsxs)(n.li,{children:[(0,e.jsx)(n.strong,{children:\"Improved decision-making\"}),\" through advanced analytics\"]}),`\n`,(0,e.jsxs)(n.li,{children:[(0,e.jsx)(n.strong,{children:\"Cost optimization\"}),\" via AI-driven process improvements\"]}),`\n`,(0,e.jsxs)(n.li,{children:[(0,e.jsx)(n.strong,{children:\"Competitive advantage\"}),\" through early AI adoption\"]}),`\n`]}),`\n`,(0,e.jsxs)(n.h3,{id:\"for-society\",children:[(0,e.jsx)(n.a,{className:\"subheading-anchor\",\"aria-label\":\"Link to section\",href:\"#for-society\",children:(0,e.jsx)(n.span,{className:\"icon icon-link\"})}),\"For Society\"]}),`\n`,(0,e.jsxs)(n.ol,{children:[`\n`,(0,e.jsxs)(n.li,{children:[(0,e.jsx)(n.strong,{children:\"Better healthcare accessibility\"}),\" through AI assistance\"]}),`\n`,(0,e.jsxs)(n.li,{children:[(0,e.jsx)(n.strong,{children:\"Regulatory clarity\"}),\" establishing trust in AI systems\"]}),`\n`,(0,e.jsxs)(n.li,{children:[(0,e.jsx)(n.strong,{children:\"Scientific acceleration\"}),\" solving complex global challenges\"]}),`\n`]}),`\n`,(0,e.jsxs)(n.h2,{id:\"challenges-and-considerations\",children:[(0,e.jsx)(n.a,{className:\"subheading-anchor\",\"aria-label\":\"Link to section\",href:\"#challenges-and-considerations\",children:(0,e.jsx)(n.span,{className:\"icon icon-link\"})}),\"Challenges and Considerations\"]}),`\n`,(0,e.jsx)(n.p,{children:\"While 2025 has brought remarkable AI progress, challenges remain:\"}),`\n`,(0,e.jsxs)(n.h3,{id:\"ethical-considerations\",children:[(0,e.jsx)(n.a,{className:\"subheading-anchor\",\"aria-label\":\"Link to section\",href:\"#ethical-considerations\",children:(0,e.jsx)(n.span,{className:\"icon icon-link\"})}),\"Ethical Considerations\"]}),`\n`,(0,e.jsxs)(n.ul,{children:[`\n`,(0,e.jsxs)(n.li,{children:[(0,e.jsx)(n.strong,{children:\"Bias mitigation\"}),\" in healthcare AI applications\"]}),`\n`,(0,e.jsxs)(n.li,{children:[(0,e.jsx)(n.strong,{children:\"Privacy protection\"}),\" in medical data usage\"]}),`\n`,(0,e.jsxs)(n.li,{children:[(0,e.jsx)(n.strong,{children:\"Transparency requirements\"}),\" for AI decision-making\"]}),`\n`]}),`\n`,(0,e.jsxs)(n.h3,{id:\"technical-limitations\",children:[(0,e.jsx)(n.a,{className:\"subheading-anchor\",\"aria-label\":\"Link to section\",href:\"#technical-limitations\",children:(0,e.jsx)(n.span,{className:\"icon icon-link\"})}),\"Technical Limitations\"]}),`\n`,(0,e.jsxs)(n.ul,{children:[`\n`,(0,e.jsxs)(n.li,{children:[(0,e.jsx)(n.strong,{children:\"Data quality requirements\"}),\" for accurate AI training\"]}),`\n`,(0,e.jsxs)(n.li,{children:[(0,e.jsx)(n.strong,{children:\"Compute resource demands\"}),\" for advanced AI models\"]}),`\n`,(0,e.jsxs)(n.li,{children:[(0,e.jsx)(n.strong,{children:\"Integration challenges\"}),\" with existing healthcare systems\"]}),`\n`]}),`\n`,(0,e.jsxs)(n.h3,{id:\"regulatory-compliance\",children:[(0,e.jsx)(n.a,{className:\"subheading-anchor\",\"aria-label\":\"Link to section\",href:\"#regulatory-compliance\",children:(0,e.jsx)(n.span,{className:\"icon icon-link\"})}),\"Regulatory Compliance\"]}),`\n`,(0,e.jsxs)(n.ul,{children:[`\n`,(0,e.jsxs)(n.li,{children:[(0,e.jsx)(n.strong,{children:\"Implementation costs\"}),\" for AI Act compliance\"]}),`\n`,(0,e.jsxs)(n.li,{children:[(0,e.jsx)(n.strong,{children:\"Cross-border harmonization\"}),\" of AI regulations\"]}),`\n`,(0,e.jsxs)(n.li,{children:[(0,e.jsx)(n.strong,{children:\"Industry adaptation\"}),\" to new compliance requirements\"]}),`\n`]}),`\n`,(0,e.jsxs)(n.h2,{id:\"the-road-ahead\",children:[(0,e.jsx)(n.a,{className:\"subheading-anchor\",\"aria-label\":\"Link to section\",href:\"#the-road-ahead\",children:(0,e.jsx)(n.span,{className:\"icon icon-link\"})}),\"The Road Ahead\"]}),`\n`,(0,e.jsx)(n.p,{children:\"As we progress through 2025, AI continues to demonstrate its potential to transform industries and improve lives. The convergence of technological breakthroughs, regulatory frameworks, and market growth suggests we're entering a new phase of AI maturity.\"}),`\n`,(0,e.jsxs)(n.p,{children:[(0,e.jsx)(n.strong,{children:\"Key Takeaway:\"}),\" 2025 marks a pivotal year where AI moves from experimental technology to essential infrastructure across healthcare, industry, and scientific research. The focus is shifting from AI capabilities to responsible implementation and real-world impact.\"]}),`\n`,(0,e.jsx)(n.p,{children:\"Stay informed as these developments continue to unfold and shape the future of AI applications across all sectors.\"})]})}function d(i={}){let{wrapper:n}=i.components||{};return n?(0,e.jsx)(n,{...i,children:(0,e.jsx)(h,{...i})}):h(i)}function A(i,n){throw new Error(\"Expected \"+(n?\"component\":\"object\")+\" `\"+i+\"` to be defined: you likely forgot to import, pass, or provide it.\")}return y(N);})();\n;return Component;"
  },
  "_id": "blog/ai-development-revolution-2025.mdx",
  "_raw": {
    "sourceFilePath": "blog/ai-development-revolution-2025.mdx",
    "sourceFileName": "ai-development-revolution-2025.mdx",
    "sourceFileDir": "blog",
    "contentType": "mdx",
    "flattenedPath": "blog/ai-development-revolution-2025"
  },
  "type": "Post",
  "slug": "/blog/ai-development-revolution-2025",
  "slugAsParams": "ai-development-revolution-2025",
  "images": []
}