{
  "title": "ResearchCodeBench - The New Gold Standard for AI Research Code Implementation",
  "description": "A groundbreaking new benchmark tests AI's ability to implement novel machine learning research code, revealing which models can truly understand and build cutting-edge research.",
  "date": "2025-06-15T00:00:00.000Z",
  "published": true,
  "image": "/_static/blog/blog-post-3.jpg",
  "authors": [
    "drewsepeczi"
  ],
  "categories": [
    "news"
  ],
  "related": [
    "ai-benchmark-revolution-2025",
    "openai-o1-coding-breakthrough"
  ],
  "body": {
    "raw": "\n<Callout>\n  ResearchCodeBench represents a significant advancement in AI evaluation, testing models on their ability to implement actual research code rather than just solve algorithmic puzzles.\n</Callout>\n\n## Beyond Traditional Benchmarks\n\nWhile traditional coding benchmarks like HumanEval and MBPP test AI's ability to solve algorithmic problems, ResearchCodeBench takes evaluation to the next level by requiring models to implement novel machine learning research code.\n\n## What Makes ResearchCodeBench Different\n\n### Research-Focused Tasks\nInstead of simple coding exercises, ResearchCodeBench presents:\n- **Novel research papers** with innovative algorithms\n- **Complex ML implementations** requiring deep understanding\n- **Real academic literature** that models must interpret\n- **Multi-step research workflows** from paper to code\n\n### Evaluation Criteria\nThe benchmark measures:\n- **Code correctness** - Does the implementation work?\n- **Research understanding** - Does the model grasp the paper's contribution?\n- **Implementation completeness** - Are all components properly built?\n- **Novelty handling** - Can the model handle previously unseen concepts?\n\n## Current Performance Results\n\n### Leading Models\nEarly results show significant variation in performance:\n- **Specialized research models**: 45-60% success rate\n- **General-purpose LLMs**: 15-25% success rate\n- **Open-source models**: 10-20% success rate\n\n### Key Findings\n1. **Domain expertise matters** - Models trained specifically on research literature perform significantly better\n2. **Multi-step reasoning** is crucial for research implementation\n3. **Paper interpretation** remains a major challenge for most models\n\n## Implications for AI Development\n\n### For Researchers\n- **Faster prototyping** of research ideas\n- **Automated literature implementation**\n- **Reduced barrier** to testing novel concepts\n\n### For AI Companies\n- **New evaluation metrics** beyond traditional benchmarks\n- **Research capability** as a competitive differentiator\n- **Academic collaboration** opportunities\n\n## Technical Challenges\n\n### Paper Understanding\nCurrent AI systems struggle with:\n- **Mathematical notation** interpretation\n- **Algorithmic innovation** comprehension\n- **Research context** understanding\n- **Implementation requirements** extraction\n\n### Code Generation Quality\nEven when models understand the research, they face:\n- **Complex dependency** management\n- **Research-specific libraries** usage\n- **Performance optimization** for novel algorithms\n- **Testing and validation** of research implementations\n\n## The Road Ahead\n\n### Improving Research Implementation\nFuture developments may include:\n- **Specialized research datasets** for training\n- **Multi-modal understanding** combining text and diagrams\n- **Interactive implementation** with human feedback loops\n- **Domain-specific fine-tuning** for different research areas\n\n### Industry Impact\nResearchCodeBench could accelerate:\n- **Academic research** by automating implementation\n- **Technology transfer** from academia to industry\n- **Open-source research tools** development\n- **Collaborative research** between humans and AI\n\n## Getting Started\n\n### For Researchers\nThe benchmark is available for:\n- **Model evaluation** on research tasks\n- **Dataset contribution** with new research papers\n- **Community collaboration** on implementation challenges\n\n### For Developers\n- **Test your models** on realistic research tasks\n- **Contribute implementations** to improve benchmarks\n- **Explore research papers** through AI assistance\n\n## Conclusion\n\nResearchCodeBench represents a significant evolution in AI evaluation, moving beyond simple coding tasks to test genuine research comprehension and implementation capabilities. As AI models improve on these benchmarks, we may see a new era of AI-assisted research and development.\n\n**Key Takeaway**: The ability to implement novel research code could be the next major breakthrough in AI capabilities, potentially accelerating scientific progress across multiple domains.\n\nLearn more about ResearchCodeBench in the [full paper](https://arxiv.org/abs/2506.02314).\n",
    "code": "var Component=(()=>{var m=Object.create;var l=Object.defineProperty;var p=Object.getOwnPropertyDescriptor;var g=Object.getOwnPropertyNames;var u=Object.getPrototypeOf,b=Object.prototype.hasOwnProperty;var f=(i,e)=>()=>(e||i((e={exports:{}}).exports,e),e.exports),k=(i,e)=>{for(var r in e)l(i,r,{get:e[r],enumerable:!0})},s=(i,e,r,c)=>{if(e&&typeof e==\"object\"||typeof e==\"function\")for(let a of g(e))!b.call(i,a)&&a!==r&&l(i,a,{get:()=>e[a],enumerable:!(c=p(e,a))||c.enumerable});return i};var v=(i,e,r)=>(r=i!=null?m(u(i)):{},s(e||!i||!i.__esModule?l(r,\"default\",{value:i,enumerable:!0}):r,i)),y=i=>s(l({},\"__esModule\",{value:!0}),i);var t=f((I,o)=>{o.exports=_jsx_runtime});var L={};k(L,{default:()=>d,frontmatter:()=>N});var n=v(t()),N={title:\"ResearchCodeBench - The New Gold Standard for AI Research Code Implementation\",description:\"A groundbreaking new benchmark tests AI's ability to implement novel machine learning research code, revealing which models can truly understand and build cutting-edge research.\",image:\"/_static/blog/blog-post-3.jpg\",date:\"2025-06-15\",authors:[\"drewsepeczi\"],categories:[\"news\"],related:[\"ai-benchmark-revolution-2025\",\"openai-o1-coding-breakthrough\"]};function h(i){let e={a:\"a\",h2:\"h2\",h3:\"h3\",li:\"li\",ol:\"ol\",p:\"p\",span:\"span\",strong:\"strong\",ul:\"ul\",...i.components},{Callout:r}=e;return r||C(\"Callout\",!0),(0,n.jsxs)(n.Fragment,{children:[(0,n.jsx)(r,{children:(0,n.jsx)(e.p,{children:\"ResearchCodeBench represents a significant advancement in AI evaluation, testing models on their ability to implement actual research code rather than just solve algorithmic puzzles.\"})}),`\n`,(0,n.jsxs)(e.h2,{id:\"beyond-traditional-benchmarks\",children:[(0,n.jsx)(e.a,{className:\"subheading-anchor\",\"aria-label\":\"Link to section\",href:\"#beyond-traditional-benchmarks\",children:(0,n.jsx)(e.span,{className:\"icon icon-link\"})}),\"Beyond Traditional Benchmarks\"]}),`\n`,(0,n.jsx)(e.p,{children:\"While traditional coding benchmarks like HumanEval and MBPP test AI's ability to solve algorithmic problems, ResearchCodeBench takes evaluation to the next level by requiring models to implement novel machine learning research code.\"}),`\n`,(0,n.jsxs)(e.h2,{id:\"what-makes-researchcodebench-different\",children:[(0,n.jsx)(e.a,{className:\"subheading-anchor\",\"aria-label\":\"Link to section\",href:\"#what-makes-researchcodebench-different\",children:(0,n.jsx)(e.span,{className:\"icon icon-link\"})}),\"What Makes ResearchCodeBench Different\"]}),`\n`,(0,n.jsxs)(e.h3,{id:\"research-focused-tasks\",children:[(0,n.jsx)(e.a,{className:\"subheading-anchor\",\"aria-label\":\"Link to section\",href:\"#research-focused-tasks\",children:(0,n.jsx)(e.span,{className:\"icon icon-link\"})}),\"Research-Focused Tasks\"]}),`\n`,(0,n.jsx)(e.p,{children:\"Instead of simple coding exercises, ResearchCodeBench presents:\"}),`\n`,(0,n.jsxs)(e.ul,{children:[`\n`,(0,n.jsxs)(e.li,{children:[(0,n.jsx)(e.strong,{children:\"Novel research papers\"}),\" with innovative algorithms\"]}),`\n`,(0,n.jsxs)(e.li,{children:[(0,n.jsx)(e.strong,{children:\"Complex ML implementations\"}),\" requiring deep understanding\"]}),`\n`,(0,n.jsxs)(e.li,{children:[(0,n.jsx)(e.strong,{children:\"Real academic literature\"}),\" that models must interpret\"]}),`\n`,(0,n.jsxs)(e.li,{children:[(0,n.jsx)(e.strong,{children:\"Multi-step research workflows\"}),\" from paper to code\"]}),`\n`]}),`\n`,(0,n.jsxs)(e.h3,{id:\"evaluation-criteria\",children:[(0,n.jsx)(e.a,{className:\"subheading-anchor\",\"aria-label\":\"Link to section\",href:\"#evaluation-criteria\",children:(0,n.jsx)(e.span,{className:\"icon icon-link\"})}),\"Evaluation Criteria\"]}),`\n`,(0,n.jsx)(e.p,{children:\"The benchmark measures:\"}),`\n`,(0,n.jsxs)(e.ul,{children:[`\n`,(0,n.jsxs)(e.li,{children:[(0,n.jsx)(e.strong,{children:\"Code correctness\"}),\" - Does the implementation work?\"]}),`\n`,(0,n.jsxs)(e.li,{children:[(0,n.jsx)(e.strong,{children:\"Research understanding\"}),\" - Does the model grasp the paper's contribution?\"]}),`\n`,(0,n.jsxs)(e.li,{children:[(0,n.jsx)(e.strong,{children:\"Implementation completeness\"}),\" - Are all components properly built?\"]}),`\n`,(0,n.jsxs)(e.li,{children:[(0,n.jsx)(e.strong,{children:\"Novelty handling\"}),\" - Can the model handle previously unseen concepts?\"]}),`\n`]}),`\n`,(0,n.jsxs)(e.h2,{id:\"current-performance-results\",children:[(0,n.jsx)(e.a,{className:\"subheading-anchor\",\"aria-label\":\"Link to section\",href:\"#current-performance-results\",children:(0,n.jsx)(e.span,{className:\"icon icon-link\"})}),\"Current Performance Results\"]}),`\n`,(0,n.jsxs)(e.h3,{id:\"leading-models\",children:[(0,n.jsx)(e.a,{className:\"subheading-anchor\",\"aria-label\":\"Link to section\",href:\"#leading-models\",children:(0,n.jsx)(e.span,{className:\"icon icon-link\"})}),\"Leading Models\"]}),`\n`,(0,n.jsx)(e.p,{children:\"Early results show significant variation in performance:\"}),`\n`,(0,n.jsxs)(e.ul,{children:[`\n`,(0,n.jsxs)(e.li,{children:[(0,n.jsx)(e.strong,{children:\"Specialized research models\"}),\": 45-60% success rate\"]}),`\n`,(0,n.jsxs)(e.li,{children:[(0,n.jsx)(e.strong,{children:\"General-purpose LLMs\"}),\": 15-25% success rate\"]}),`\n`,(0,n.jsxs)(e.li,{children:[(0,n.jsx)(e.strong,{children:\"Open-source models\"}),\": 10-20% success rate\"]}),`\n`]}),`\n`,(0,n.jsxs)(e.h3,{id:\"key-findings\",children:[(0,n.jsx)(e.a,{className:\"subheading-anchor\",\"aria-label\":\"Link to section\",href:\"#key-findings\",children:(0,n.jsx)(e.span,{className:\"icon icon-link\"})}),\"Key Findings\"]}),`\n`,(0,n.jsxs)(e.ol,{children:[`\n`,(0,n.jsxs)(e.li,{children:[(0,n.jsx)(e.strong,{children:\"Domain expertise matters\"}),\" - Models trained specifically on research literature perform significantly better\"]}),`\n`,(0,n.jsxs)(e.li,{children:[(0,n.jsx)(e.strong,{children:\"Multi-step reasoning\"}),\" is crucial for research implementation\"]}),`\n`,(0,n.jsxs)(e.li,{children:[(0,n.jsx)(e.strong,{children:\"Paper interpretation\"}),\" remains a major challenge for most models\"]}),`\n`]}),`\n`,(0,n.jsxs)(e.h2,{id:\"implications-for-ai-development\",children:[(0,n.jsx)(e.a,{className:\"subheading-anchor\",\"aria-label\":\"Link to section\",href:\"#implications-for-ai-development\",children:(0,n.jsx)(e.span,{className:\"icon icon-link\"})}),\"Implications for AI Development\"]}),`\n`,(0,n.jsxs)(e.h3,{id:\"for-researchers\",children:[(0,n.jsx)(e.a,{className:\"subheading-anchor\",\"aria-label\":\"Link to section\",href:\"#for-researchers\",children:(0,n.jsx)(e.span,{className:\"icon icon-link\"})}),\"For Researchers\"]}),`\n`,(0,n.jsxs)(e.ul,{children:[`\n`,(0,n.jsxs)(e.li,{children:[(0,n.jsx)(e.strong,{children:\"Faster prototyping\"}),\" of research ideas\"]}),`\n`,(0,n.jsx)(e.li,{children:(0,n.jsx)(e.strong,{children:\"Automated literature implementation\"})}),`\n`,(0,n.jsxs)(e.li,{children:[(0,n.jsx)(e.strong,{children:\"Reduced barrier\"}),\" to testing novel concepts\"]}),`\n`]}),`\n`,(0,n.jsxs)(e.h3,{id:\"for-ai-companies\",children:[(0,n.jsx)(e.a,{className:\"subheading-anchor\",\"aria-label\":\"Link to section\",href:\"#for-ai-companies\",children:(0,n.jsx)(e.span,{className:\"icon icon-link\"})}),\"For AI Companies\"]}),`\n`,(0,n.jsxs)(e.ul,{children:[`\n`,(0,n.jsxs)(e.li,{children:[(0,n.jsx)(e.strong,{children:\"New evaluation metrics\"}),\" beyond traditional benchmarks\"]}),`\n`,(0,n.jsxs)(e.li,{children:[(0,n.jsx)(e.strong,{children:\"Research capability\"}),\" as a competitive differentiator\"]}),`\n`,(0,n.jsxs)(e.li,{children:[(0,n.jsx)(e.strong,{children:\"Academic collaboration\"}),\" opportunities\"]}),`\n`]}),`\n`,(0,n.jsxs)(e.h2,{id:\"technical-challenges\",children:[(0,n.jsx)(e.a,{className:\"subheading-anchor\",\"aria-label\":\"Link to section\",href:\"#technical-challenges\",children:(0,n.jsx)(e.span,{className:\"icon icon-link\"})}),\"Technical Challenges\"]}),`\n`,(0,n.jsxs)(e.h3,{id:\"paper-understanding\",children:[(0,n.jsx)(e.a,{className:\"subheading-anchor\",\"aria-label\":\"Link to section\",href:\"#paper-understanding\",children:(0,n.jsx)(e.span,{className:\"icon icon-link\"})}),\"Paper Understanding\"]}),`\n`,(0,n.jsx)(e.p,{children:\"Current AI systems struggle with:\"}),`\n`,(0,n.jsxs)(e.ul,{children:[`\n`,(0,n.jsxs)(e.li,{children:[(0,n.jsx)(e.strong,{children:\"Mathematical notation\"}),\" interpretation\"]}),`\n`,(0,n.jsxs)(e.li,{children:[(0,n.jsx)(e.strong,{children:\"Algorithmic innovation\"}),\" comprehension\"]}),`\n`,(0,n.jsxs)(e.li,{children:[(0,n.jsx)(e.strong,{children:\"Research context\"}),\" understanding\"]}),`\n`,(0,n.jsxs)(e.li,{children:[(0,n.jsx)(e.strong,{children:\"Implementation requirements\"}),\" extraction\"]}),`\n`]}),`\n`,(0,n.jsxs)(e.h3,{id:\"code-generation-quality\",children:[(0,n.jsx)(e.a,{className:\"subheading-anchor\",\"aria-label\":\"Link to section\",href:\"#code-generation-quality\",children:(0,n.jsx)(e.span,{className:\"icon icon-link\"})}),\"Code Generation Quality\"]}),`\n`,(0,n.jsx)(e.p,{children:\"Even when models understand the research, they face:\"}),`\n`,(0,n.jsxs)(e.ul,{children:[`\n`,(0,n.jsxs)(e.li,{children:[(0,n.jsx)(e.strong,{children:\"Complex dependency\"}),\" management\"]}),`\n`,(0,n.jsxs)(e.li,{children:[(0,n.jsx)(e.strong,{children:\"Research-specific libraries\"}),\" usage\"]}),`\n`,(0,n.jsxs)(e.li,{children:[(0,n.jsx)(e.strong,{children:\"Performance optimization\"}),\" for novel algorithms\"]}),`\n`,(0,n.jsxs)(e.li,{children:[(0,n.jsx)(e.strong,{children:\"Testing and validation\"}),\" of research implementations\"]}),`\n`]}),`\n`,(0,n.jsxs)(e.h2,{id:\"the-road-ahead\",children:[(0,n.jsx)(e.a,{className:\"subheading-anchor\",\"aria-label\":\"Link to section\",href:\"#the-road-ahead\",children:(0,n.jsx)(e.span,{className:\"icon icon-link\"})}),\"The Road Ahead\"]}),`\n`,(0,n.jsxs)(e.h3,{id:\"improving-research-implementation\",children:[(0,n.jsx)(e.a,{className:\"subheading-anchor\",\"aria-label\":\"Link to section\",href:\"#improving-research-implementation\",children:(0,n.jsx)(e.span,{className:\"icon icon-link\"})}),\"Improving Research Implementation\"]}),`\n`,(0,n.jsx)(e.p,{children:\"Future developments may include:\"}),`\n`,(0,n.jsxs)(e.ul,{children:[`\n`,(0,n.jsxs)(e.li,{children:[(0,n.jsx)(e.strong,{children:\"Specialized research datasets\"}),\" for training\"]}),`\n`,(0,n.jsxs)(e.li,{children:[(0,n.jsx)(e.strong,{children:\"Multi-modal understanding\"}),\" combining text and diagrams\"]}),`\n`,(0,n.jsxs)(e.li,{children:[(0,n.jsx)(e.strong,{children:\"Interactive implementation\"}),\" with human feedback loops\"]}),`\n`,(0,n.jsxs)(e.li,{children:[(0,n.jsx)(e.strong,{children:\"Domain-specific fine-tuning\"}),\" for different research areas\"]}),`\n`]}),`\n`,(0,n.jsxs)(e.h3,{id:\"industry-impact\",children:[(0,n.jsx)(e.a,{className:\"subheading-anchor\",\"aria-label\":\"Link to section\",href:\"#industry-impact\",children:(0,n.jsx)(e.span,{className:\"icon icon-link\"})}),\"Industry Impact\"]}),`\n`,(0,n.jsx)(e.p,{children:\"ResearchCodeBench could accelerate:\"}),`\n`,(0,n.jsxs)(e.ul,{children:[`\n`,(0,n.jsxs)(e.li,{children:[(0,n.jsx)(e.strong,{children:\"Academic research\"}),\" by automating implementation\"]}),`\n`,(0,n.jsxs)(e.li,{children:[(0,n.jsx)(e.strong,{children:\"Technology transfer\"}),\" from academia to industry\"]}),`\n`,(0,n.jsxs)(e.li,{children:[(0,n.jsx)(e.strong,{children:\"Open-source research tools\"}),\" development\"]}),`\n`,(0,n.jsxs)(e.li,{children:[(0,n.jsx)(e.strong,{children:\"Collaborative research\"}),\" between humans and AI\"]}),`\n`]}),`\n`,(0,n.jsxs)(e.h2,{id:\"getting-started\",children:[(0,n.jsx)(e.a,{className:\"subheading-anchor\",\"aria-label\":\"Link to section\",href:\"#getting-started\",children:(0,n.jsx)(e.span,{className:\"icon icon-link\"})}),\"Getting Started\"]}),`\n`,(0,n.jsxs)(e.h3,{id:\"for-researchers-1\",children:[(0,n.jsx)(e.a,{className:\"subheading-anchor\",\"aria-label\":\"Link to section\",href:\"#for-researchers-1\",children:(0,n.jsx)(e.span,{className:\"icon icon-link\"})}),\"For Researchers\"]}),`\n`,(0,n.jsx)(e.p,{children:\"The benchmark is available for:\"}),`\n`,(0,n.jsxs)(e.ul,{children:[`\n`,(0,n.jsxs)(e.li,{children:[(0,n.jsx)(e.strong,{children:\"Model evaluation\"}),\" on research tasks\"]}),`\n`,(0,n.jsxs)(e.li,{children:[(0,n.jsx)(e.strong,{children:\"Dataset contribution\"}),\" with new research papers\"]}),`\n`,(0,n.jsxs)(e.li,{children:[(0,n.jsx)(e.strong,{children:\"Community collaboration\"}),\" on implementation challenges\"]}),`\n`]}),`\n`,(0,n.jsxs)(e.h3,{id:\"for-developers\",children:[(0,n.jsx)(e.a,{className:\"subheading-anchor\",\"aria-label\":\"Link to section\",href:\"#for-developers\",children:(0,n.jsx)(e.span,{className:\"icon icon-link\"})}),\"For Developers\"]}),`\n`,(0,n.jsxs)(e.ul,{children:[`\n`,(0,n.jsxs)(e.li,{children:[(0,n.jsx)(e.strong,{children:\"Test your models\"}),\" on realistic research tasks\"]}),`\n`,(0,n.jsxs)(e.li,{children:[(0,n.jsx)(e.strong,{children:\"Contribute implementations\"}),\" to improve benchmarks\"]}),`\n`,(0,n.jsxs)(e.li,{children:[(0,n.jsx)(e.strong,{children:\"Explore research papers\"}),\" through AI assistance\"]}),`\n`]}),`\n`,(0,n.jsxs)(e.h2,{id:\"conclusion\",children:[(0,n.jsx)(e.a,{className:\"subheading-anchor\",\"aria-label\":\"Link to section\",href:\"#conclusion\",children:(0,n.jsx)(e.span,{className:\"icon icon-link\"})}),\"Conclusion\"]}),`\n`,(0,n.jsx)(e.p,{children:\"ResearchCodeBench represents a significant evolution in AI evaluation, moving beyond simple coding tasks to test genuine research comprehension and implementation capabilities. As AI models improve on these benchmarks, we may see a new era of AI-assisted research and development.\"}),`\n`,(0,n.jsxs)(e.p,{children:[(0,n.jsx)(e.strong,{children:\"Key Takeaway\"}),\": The ability to implement novel research code could be the next major breakthrough in AI capabilities, potentially accelerating scientific progress across multiple domains.\"]}),`\n`,(0,n.jsxs)(e.p,{children:[\"Learn more about ResearchCodeBench in the \",(0,n.jsx)(e.a,{href:\"https://arxiv.org/abs/2506.02314\",children:\"full paper\"}),\".\"]})]})}function d(i={}){let{wrapper:e}=i.components||{};return e?(0,n.jsx)(e,{...i,children:(0,n.jsx)(h,{...i})}):h(i)}function C(i,e){throw new Error(\"Expected \"+(e?\"component\":\"object\")+\" `\"+i+\"` to be defined: you likely forgot to import, pass, or provide it.\")}return y(L);})();\n;return Component;"
  },
  "_id": "blog/research-code-benchmark.mdx",
  "_raw": {
    "sourceFilePath": "blog/research-code-benchmark.mdx",
    "sourceFileName": "research-code-benchmark.mdx",
    "sourceFileDir": "blog",
    "contentType": "mdx",
    "flattenedPath": "blog/research-code-benchmark"
  },
  "type": "Post",
  "slug": "/blog/research-code-benchmark",
  "slugAsParams": "research-code-benchmark",
  "images": []
}