{
  "title": "Google's DORA Report Reveals AI's Impact on Software Development Teams",
  "description": "The 2025 DORA State of AI-assisted Software Development Report shows how AI is transforming developer workflows, with surprising findings about adoption rates and productivity gains.",
  "date": "2025-03-05T00:00:00.000Z",
  "published": true,
  "image": "/_static/blog/blog-post-3.jpg",
  "authors": [
    "drewsepeczi"
  ],
  "categories": [
    "news"
  ],
  "related": [
    "ai-developer-productivity-study",
    "ai-benchmark-revolution-2025"
  ],
  "body": {
    "raw": "\n<Callout>\n  Google's comprehensive DORA report provides the most detailed look yet at how AI is actually being used in software development teams worldwide.\n</Callout>\n\n## The State of AI in Software Development\n\nGoogle's DORA (DevOps Research and Assessment) team has released their comprehensive 2025 report on AI-assisted software development, providing unprecedented insights into how AI is transforming the industry.\n\n## Key Findings\n\n### AI Adoption Rates\nThe report reveals that AI tools are now used by:\n- **87% of development teams** for code generation\n- **72% of teams** for code review assistance\n- **65% of teams** for testing automation\n- **58% of teams** for documentation\n\n### Productivity Impact\nTeams using AI tools report:\n- **Average 23% reduction** in development cycle time\n- **31% improvement** in code quality scores\n- **19% increase** in deployment frequency\n- **Mixed results** on overall team productivity\n\n## Most Popular AI Tools\n\n### Code Generation\n1. **GitHub Copilot** - 45% adoption rate\n2. **OpenAI Codex** - 28% adoption rate\n3. **Amazon CodeWhisperer** - 15% adoption rate\n\n### Code Review\n1. **SonarQube AI** - 34% adoption rate\n2. **CodeQL AI** - 29% adoption rate\n3. **Custom GPT models** - 22% adoption rate\n\n## Challenges and Limitations\n\n### Integration Issues\n- **43% of teams** report difficulties integrating AI tools with existing workflows\n- **38%** struggle with AI-generated code quality consistency\n- **31%** face challenges with security and compliance\n\n### Skill Gaps\nThe report identifies significant skill gaps:\n- **Training needs** for effective AI tool usage\n- **Understanding AI limitations** in complex scenarios\n- **Security implications** of AI-generated code\n\n## Best Practices for AI Integration\n\n### Successful Teams\nHigh-performing teams share common characteristics:\n1. **Clear AI governance policies**\n2. **Regular tool evaluation** and updates\n3. **Hybrid approaches** combining AI and human expertise\n4. **Continuous learning** programs for developers\n\n### Implementation Strategies\n- **Start small** with specific use cases\n- **Establish quality gates** for AI-generated code\n- **Monitor and measure** AI impact on team metrics\n- **Provide adequate training** and support\n\n## Future Trends\n\n### Emerging Technologies\nThe report highlights several technologies gaining traction:\n- **Multi-modal AI** for better code understanding\n- **Context-aware assistants** that understand entire codebases\n- **Collaborative AI** that works across team workflows\n\n### Industry Predictions\nLooking ahead to 2026:\n- **95% AI adoption** in development teams\n- **AI-first development** becoming the norm\n- **New roles** emerging for AI tool management\n\n## Global Perspectives\n\n### Regional Differences\n- **North America**: Leads in AI adoption (92%)\n- **Europe**: Focuses on compliance and security (78%)\n- **Asia-Pacific**: Rapid adoption with local tool development (85%)\n\n## Recommendations for Teams\n\n### Getting Started\n1. **Assess current workflows** and identify AI opportunities\n2. **Choose tools** that integrate well with existing stack\n3. **Start with pilot projects** to measure impact\n4. **Invest in training** for team members\n\n### Scaling Successfully\n1. **Establish governance** and quality standards\n2. **Monitor metrics** continuously\n3. **Adapt workflows** based on AI capabilities\n4. **Plan for evolution** as tools improve\n\n## The Bottom Line\n\nThe DORA report paints a picture of an industry in transformation. While AI tools are becoming essential, successful adoption requires careful planning, governance, and a balanced approach that leverages both AI capabilities and human expertise.\n\n**Key Takeaway**: AI is reshaping software development, but success depends on thoughtful implementation and continuous adaptation.\n\nDownload the full [2025 DORA State of AI-assisted Software Development Report](https://cloud.google.com/resources/content/2025-dora-ai-assisted-software-development-report) for comprehensive insights.\n",
    "code": "var Component=(()=>{var g=Object.create;var o=Object.defineProperty;var p=Object.getOwnPropertyDescriptor;var m=Object.getOwnPropertyNames;var u=Object.getPrototypeOf,f=Object.prototype.hasOwnProperty;var b=(i,e)=>()=>(e||i((e={exports:{}}).exports,e),e.exports),k=(i,e)=>{for(var a in e)o(i,a,{get:e[a],enumerable:!0})},l=(i,e,a,s)=>{if(e&&typeof e==\"object\"||typeof e==\"function\")for(let r of m(e))!f.call(i,r)&&r!==a&&o(i,r,{get:()=>e[r],enumerable:!(s=p(e,r))||s.enumerable});return i};var v=(i,e,a)=>(a=i!=null?g(u(i)):{},l(e||!i||!i.__esModule?o(a,\"default\",{value:i,enumerable:!0}):a,i)),w=i=>l(o({},\"__esModule\",{value:!0}),i);var c=b((L,t)=>{t.exports=_jsx_runtime});var I={};k(I,{default:()=>h,frontmatter:()=>A});var n=v(c()),A={title:\"Google's DORA Report Reveals AI's Impact on Software Development Teams\",description:\"The 2025 DORA State of AI-assisted Software Development Report shows how AI is transforming developer workflows, with surprising findings about adoption rates and productivity gains.\",image:\"/_static/blog/blog-post-3.jpg\",date:\"2025-03-05\",authors:[\"drewsepeczi\"],categories:[\"news\"],related:[\"ai-developer-productivity-study\",\"ai-benchmark-revolution-2025\"]};function d(i){let e={a:\"a\",h2:\"h2\",h3:\"h3\",li:\"li\",ol:\"ol\",p:\"p\",span:\"span\",strong:\"strong\",ul:\"ul\",...i.components},{Callout:a}=e;return a||N(\"Callout\",!0),(0,n.jsxs)(n.Fragment,{children:[(0,n.jsx)(a,{children:(0,n.jsx)(e.p,{children:\"Google's comprehensive DORA report provides the most detailed look yet at how AI is actually being used in software development teams worldwide.\"})}),`\n`,(0,n.jsxs)(e.h2,{id:\"the-state-of-ai-in-software-development\",children:[(0,n.jsx)(e.a,{className:\"subheading-anchor\",\"aria-label\":\"Link to section\",href:\"#the-state-of-ai-in-software-development\",children:(0,n.jsx)(e.span,{className:\"icon icon-link\"})}),\"The State of AI in Software Development\"]}),`\n`,(0,n.jsx)(e.p,{children:\"Google's DORA (DevOps Research and Assessment) team has released their comprehensive 2025 report on AI-assisted software development, providing unprecedented insights into how AI is transforming the industry.\"}),`\n`,(0,n.jsxs)(e.h2,{id:\"key-findings\",children:[(0,n.jsx)(e.a,{className:\"subheading-anchor\",\"aria-label\":\"Link to section\",href:\"#key-findings\",children:(0,n.jsx)(e.span,{className:\"icon icon-link\"})}),\"Key Findings\"]}),`\n`,(0,n.jsxs)(e.h3,{id:\"ai-adoption-rates\",children:[(0,n.jsx)(e.a,{className:\"subheading-anchor\",\"aria-label\":\"Link to section\",href:\"#ai-adoption-rates\",children:(0,n.jsx)(e.span,{className:\"icon icon-link\"})}),\"AI Adoption Rates\"]}),`\n`,(0,n.jsx)(e.p,{children:\"The report reveals that AI tools are now used by:\"}),`\n`,(0,n.jsxs)(e.ul,{children:[`\n`,(0,n.jsxs)(e.li,{children:[(0,n.jsx)(e.strong,{children:\"87% of development teams\"}),\" for code generation\"]}),`\n`,(0,n.jsxs)(e.li,{children:[(0,n.jsx)(e.strong,{children:\"72% of teams\"}),\" for code review assistance\"]}),`\n`,(0,n.jsxs)(e.li,{children:[(0,n.jsx)(e.strong,{children:\"65% of teams\"}),\" for testing automation\"]}),`\n`,(0,n.jsxs)(e.li,{children:[(0,n.jsx)(e.strong,{children:\"58% of teams\"}),\" for documentation\"]}),`\n`]}),`\n`,(0,n.jsxs)(e.h3,{id:\"productivity-impact\",children:[(0,n.jsx)(e.a,{className:\"subheading-anchor\",\"aria-label\":\"Link to section\",href:\"#productivity-impact\",children:(0,n.jsx)(e.span,{className:\"icon icon-link\"})}),\"Productivity Impact\"]}),`\n`,(0,n.jsx)(e.p,{children:\"Teams using AI tools report:\"}),`\n`,(0,n.jsxs)(e.ul,{children:[`\n`,(0,n.jsxs)(e.li,{children:[(0,n.jsx)(e.strong,{children:\"Average 23% reduction\"}),\" in development cycle time\"]}),`\n`,(0,n.jsxs)(e.li,{children:[(0,n.jsx)(e.strong,{children:\"31% improvement\"}),\" in code quality scores\"]}),`\n`,(0,n.jsxs)(e.li,{children:[(0,n.jsx)(e.strong,{children:\"19% increase\"}),\" in deployment frequency\"]}),`\n`,(0,n.jsxs)(e.li,{children:[(0,n.jsx)(e.strong,{children:\"Mixed results\"}),\" on overall team productivity\"]}),`\n`]}),`\n`,(0,n.jsxs)(e.h2,{id:\"most-popular-ai-tools\",children:[(0,n.jsx)(e.a,{className:\"subheading-anchor\",\"aria-label\":\"Link to section\",href:\"#most-popular-ai-tools\",children:(0,n.jsx)(e.span,{className:\"icon icon-link\"})}),\"Most Popular AI Tools\"]}),`\n`,(0,n.jsxs)(e.h3,{id:\"code-generation\",children:[(0,n.jsx)(e.a,{className:\"subheading-anchor\",\"aria-label\":\"Link to section\",href:\"#code-generation\",children:(0,n.jsx)(e.span,{className:\"icon icon-link\"})}),\"Code Generation\"]}),`\n`,(0,n.jsxs)(e.ol,{children:[`\n`,(0,n.jsxs)(e.li,{children:[(0,n.jsx)(e.strong,{children:\"GitHub Copilot\"}),\" - 45% adoption rate\"]}),`\n`,(0,n.jsxs)(e.li,{children:[(0,n.jsx)(e.strong,{children:\"OpenAI Codex\"}),\" - 28% adoption rate\"]}),`\n`,(0,n.jsxs)(e.li,{children:[(0,n.jsx)(e.strong,{children:\"Amazon CodeWhisperer\"}),\" - 15% adoption rate\"]}),`\n`]}),`\n`,(0,n.jsxs)(e.h3,{id:\"code-review\",children:[(0,n.jsx)(e.a,{className:\"subheading-anchor\",\"aria-label\":\"Link to section\",href:\"#code-review\",children:(0,n.jsx)(e.span,{className:\"icon icon-link\"})}),\"Code Review\"]}),`\n`,(0,n.jsxs)(e.ol,{children:[`\n`,(0,n.jsxs)(e.li,{children:[(0,n.jsx)(e.strong,{children:\"SonarQube AI\"}),\" - 34% adoption rate\"]}),`\n`,(0,n.jsxs)(e.li,{children:[(0,n.jsx)(e.strong,{children:\"CodeQL AI\"}),\" - 29% adoption rate\"]}),`\n`,(0,n.jsxs)(e.li,{children:[(0,n.jsx)(e.strong,{children:\"Custom GPT models\"}),\" - 22% adoption rate\"]}),`\n`]}),`\n`,(0,n.jsxs)(e.h2,{id:\"challenges-and-limitations\",children:[(0,n.jsx)(e.a,{className:\"subheading-anchor\",\"aria-label\":\"Link to section\",href:\"#challenges-and-limitations\",children:(0,n.jsx)(e.span,{className:\"icon icon-link\"})}),\"Challenges and Limitations\"]}),`\n`,(0,n.jsxs)(e.h3,{id:\"integration-issues\",children:[(0,n.jsx)(e.a,{className:\"subheading-anchor\",\"aria-label\":\"Link to section\",href:\"#integration-issues\",children:(0,n.jsx)(e.span,{className:\"icon icon-link\"})}),\"Integration Issues\"]}),`\n`,(0,n.jsxs)(e.ul,{children:[`\n`,(0,n.jsxs)(e.li,{children:[(0,n.jsx)(e.strong,{children:\"43% of teams\"}),\" report difficulties integrating AI tools with existing workflows\"]}),`\n`,(0,n.jsxs)(e.li,{children:[(0,n.jsx)(e.strong,{children:\"38%\"}),\" struggle with AI-generated code quality consistency\"]}),`\n`,(0,n.jsxs)(e.li,{children:[(0,n.jsx)(e.strong,{children:\"31%\"}),\" face challenges with security and compliance\"]}),`\n`]}),`\n`,(0,n.jsxs)(e.h3,{id:\"skill-gaps\",children:[(0,n.jsx)(e.a,{className:\"subheading-anchor\",\"aria-label\":\"Link to section\",href:\"#skill-gaps\",children:(0,n.jsx)(e.span,{className:\"icon icon-link\"})}),\"Skill Gaps\"]}),`\n`,(0,n.jsx)(e.p,{children:\"The report identifies significant skill gaps:\"}),`\n`,(0,n.jsxs)(e.ul,{children:[`\n`,(0,n.jsxs)(e.li,{children:[(0,n.jsx)(e.strong,{children:\"Training needs\"}),\" for effective AI tool usage\"]}),`\n`,(0,n.jsxs)(e.li,{children:[(0,n.jsx)(e.strong,{children:\"Understanding AI limitations\"}),\" in complex scenarios\"]}),`\n`,(0,n.jsxs)(e.li,{children:[(0,n.jsx)(e.strong,{children:\"Security implications\"}),\" of AI-generated code\"]}),`\n`]}),`\n`,(0,n.jsxs)(e.h2,{id:\"best-practices-for-ai-integration\",children:[(0,n.jsx)(e.a,{className:\"subheading-anchor\",\"aria-label\":\"Link to section\",href:\"#best-practices-for-ai-integration\",children:(0,n.jsx)(e.span,{className:\"icon icon-link\"})}),\"Best Practices for AI Integration\"]}),`\n`,(0,n.jsxs)(e.h3,{id:\"successful-teams\",children:[(0,n.jsx)(e.a,{className:\"subheading-anchor\",\"aria-label\":\"Link to section\",href:\"#successful-teams\",children:(0,n.jsx)(e.span,{className:\"icon icon-link\"})}),\"Successful Teams\"]}),`\n`,(0,n.jsx)(e.p,{children:\"High-performing teams share common characteristics:\"}),`\n`,(0,n.jsxs)(e.ol,{children:[`\n`,(0,n.jsx)(e.li,{children:(0,n.jsx)(e.strong,{children:\"Clear AI governance policies\"})}),`\n`,(0,n.jsxs)(e.li,{children:[(0,n.jsx)(e.strong,{children:\"Regular tool evaluation\"}),\" and updates\"]}),`\n`,(0,n.jsxs)(e.li,{children:[(0,n.jsx)(e.strong,{children:\"Hybrid approaches\"}),\" combining AI and human expertise\"]}),`\n`,(0,n.jsxs)(e.li,{children:[(0,n.jsx)(e.strong,{children:\"Continuous learning\"}),\" programs for developers\"]}),`\n`]}),`\n`,(0,n.jsxs)(e.h3,{id:\"implementation-strategies\",children:[(0,n.jsx)(e.a,{className:\"subheading-anchor\",\"aria-label\":\"Link to section\",href:\"#implementation-strategies\",children:(0,n.jsx)(e.span,{className:\"icon icon-link\"})}),\"Implementation Strategies\"]}),`\n`,(0,n.jsxs)(e.ul,{children:[`\n`,(0,n.jsxs)(e.li,{children:[(0,n.jsx)(e.strong,{children:\"Start small\"}),\" with specific use cases\"]}),`\n`,(0,n.jsxs)(e.li,{children:[(0,n.jsx)(e.strong,{children:\"Establish quality gates\"}),\" for AI-generated code\"]}),`\n`,(0,n.jsxs)(e.li,{children:[(0,n.jsx)(e.strong,{children:\"Monitor and measure\"}),\" AI impact on team metrics\"]}),`\n`,(0,n.jsxs)(e.li,{children:[(0,n.jsx)(e.strong,{children:\"Provide adequate training\"}),\" and support\"]}),`\n`]}),`\n`,(0,n.jsxs)(e.h2,{id:\"future-trends\",children:[(0,n.jsx)(e.a,{className:\"subheading-anchor\",\"aria-label\":\"Link to section\",href:\"#future-trends\",children:(0,n.jsx)(e.span,{className:\"icon icon-link\"})}),\"Future Trends\"]}),`\n`,(0,n.jsxs)(e.h3,{id:\"emerging-technologies\",children:[(0,n.jsx)(e.a,{className:\"subheading-anchor\",\"aria-label\":\"Link to section\",href:\"#emerging-technologies\",children:(0,n.jsx)(e.span,{className:\"icon icon-link\"})}),\"Emerging Technologies\"]}),`\n`,(0,n.jsx)(e.p,{children:\"The report highlights several technologies gaining traction:\"}),`\n`,(0,n.jsxs)(e.ul,{children:[`\n`,(0,n.jsxs)(e.li,{children:[(0,n.jsx)(e.strong,{children:\"Multi-modal AI\"}),\" for better code understanding\"]}),`\n`,(0,n.jsxs)(e.li,{children:[(0,n.jsx)(e.strong,{children:\"Context-aware assistants\"}),\" that understand entire codebases\"]}),`\n`,(0,n.jsxs)(e.li,{children:[(0,n.jsx)(e.strong,{children:\"Collaborative AI\"}),\" that works across team workflows\"]}),`\n`]}),`\n`,(0,n.jsxs)(e.h3,{id:\"industry-predictions\",children:[(0,n.jsx)(e.a,{className:\"subheading-anchor\",\"aria-label\":\"Link to section\",href:\"#industry-predictions\",children:(0,n.jsx)(e.span,{className:\"icon icon-link\"})}),\"Industry Predictions\"]}),`\n`,(0,n.jsx)(e.p,{children:\"Looking ahead to 2026:\"}),`\n`,(0,n.jsxs)(e.ul,{children:[`\n`,(0,n.jsxs)(e.li,{children:[(0,n.jsx)(e.strong,{children:\"95% AI adoption\"}),\" in development teams\"]}),`\n`,(0,n.jsxs)(e.li,{children:[(0,n.jsx)(e.strong,{children:\"AI-first development\"}),\" becoming the norm\"]}),`\n`,(0,n.jsxs)(e.li,{children:[(0,n.jsx)(e.strong,{children:\"New roles\"}),\" emerging for AI tool management\"]}),`\n`]}),`\n`,(0,n.jsxs)(e.h2,{id:\"global-perspectives\",children:[(0,n.jsx)(e.a,{className:\"subheading-anchor\",\"aria-label\":\"Link to section\",href:\"#global-perspectives\",children:(0,n.jsx)(e.span,{className:\"icon icon-link\"})}),\"Global Perspectives\"]}),`\n`,(0,n.jsxs)(e.h3,{id:\"regional-differences\",children:[(0,n.jsx)(e.a,{className:\"subheading-anchor\",\"aria-label\":\"Link to section\",href:\"#regional-differences\",children:(0,n.jsx)(e.span,{className:\"icon icon-link\"})}),\"Regional Differences\"]}),`\n`,(0,n.jsxs)(e.ul,{children:[`\n`,(0,n.jsxs)(e.li,{children:[(0,n.jsx)(e.strong,{children:\"North America\"}),\": Leads in AI adoption (92%)\"]}),`\n`,(0,n.jsxs)(e.li,{children:[(0,n.jsx)(e.strong,{children:\"Europe\"}),\": Focuses on compliance and security (78%)\"]}),`\n`,(0,n.jsxs)(e.li,{children:[(0,n.jsx)(e.strong,{children:\"Asia-Pacific\"}),\": Rapid adoption with local tool development (85%)\"]}),`\n`]}),`\n`,(0,n.jsxs)(e.h2,{id:\"recommendations-for-teams\",children:[(0,n.jsx)(e.a,{className:\"subheading-anchor\",\"aria-label\":\"Link to section\",href:\"#recommendations-for-teams\",children:(0,n.jsx)(e.span,{className:\"icon icon-link\"})}),\"Recommendations for Teams\"]}),`\n`,(0,n.jsxs)(e.h3,{id:\"getting-started\",children:[(0,n.jsx)(e.a,{className:\"subheading-anchor\",\"aria-label\":\"Link to section\",href:\"#getting-started\",children:(0,n.jsx)(e.span,{className:\"icon icon-link\"})}),\"Getting Started\"]}),`\n`,(0,n.jsxs)(e.ol,{children:[`\n`,(0,n.jsxs)(e.li,{children:[(0,n.jsx)(e.strong,{children:\"Assess current workflows\"}),\" and identify AI opportunities\"]}),`\n`,(0,n.jsxs)(e.li,{children:[(0,n.jsx)(e.strong,{children:\"Choose tools\"}),\" that integrate well with existing stack\"]}),`\n`,(0,n.jsxs)(e.li,{children:[(0,n.jsx)(e.strong,{children:\"Start with pilot projects\"}),\" to measure impact\"]}),`\n`,(0,n.jsxs)(e.li,{children:[(0,n.jsx)(e.strong,{children:\"Invest in training\"}),\" for team members\"]}),`\n`]}),`\n`,(0,n.jsxs)(e.h3,{id:\"scaling-successfully\",children:[(0,n.jsx)(e.a,{className:\"subheading-anchor\",\"aria-label\":\"Link to section\",href:\"#scaling-successfully\",children:(0,n.jsx)(e.span,{className:\"icon icon-link\"})}),\"Scaling Successfully\"]}),`\n`,(0,n.jsxs)(e.ol,{children:[`\n`,(0,n.jsxs)(e.li,{children:[(0,n.jsx)(e.strong,{children:\"Establish governance\"}),\" and quality standards\"]}),`\n`,(0,n.jsxs)(e.li,{children:[(0,n.jsx)(e.strong,{children:\"Monitor metrics\"}),\" continuously\"]}),`\n`,(0,n.jsxs)(e.li,{children:[(0,n.jsx)(e.strong,{children:\"Adapt workflows\"}),\" based on AI capabilities\"]}),`\n`,(0,n.jsxs)(e.li,{children:[(0,n.jsx)(e.strong,{children:\"Plan for evolution\"}),\" as tools improve\"]}),`\n`]}),`\n`,(0,n.jsxs)(e.h2,{id:\"the-bottom-line\",children:[(0,n.jsx)(e.a,{className:\"subheading-anchor\",\"aria-label\":\"Link to section\",href:\"#the-bottom-line\",children:(0,n.jsx)(e.span,{className:\"icon icon-link\"})}),\"The Bottom Line\"]}),`\n`,(0,n.jsx)(e.p,{children:\"The DORA report paints a picture of an industry in transformation. While AI tools are becoming essential, successful adoption requires careful planning, governance, and a balanced approach that leverages both AI capabilities and human expertise.\"}),`\n`,(0,n.jsxs)(e.p,{children:[(0,n.jsx)(e.strong,{children:\"Key Takeaway\"}),\": AI is reshaping software development, but success depends on thoughtful implementation and continuous adaptation.\"]}),`\n`,(0,n.jsxs)(e.p,{children:[\"Download the full \",(0,n.jsx)(e.a,{href:\"https://cloud.google.com/resources/content/2025-dora-ai-assisted-software-development-report\",children:\"2025 DORA State of AI-assisted Software Development Report\"}),\" for comprehensive insights.\"]})]})}function h(i={}){let{wrapper:e}=i.components||{};return e?(0,n.jsx)(e,{...i,children:(0,n.jsx)(d,{...i})}):d(i)}function N(i,e){throw new Error(\"Expected \"+(e?\"component\":\"object\")+\" `\"+i+\"` to be defined: you likely forgot to import, pass, or provide it.\")}return w(I);})();\n;return Component;"
  },
  "_id": "blog/dora-ai-development-report.mdx",
  "_raw": {
    "sourceFilePath": "blog/dora-ai-development-report.mdx",
    "sourceFileName": "dora-ai-development-report.mdx",
    "sourceFileDir": "blog",
    "contentType": "mdx",
    "flattenedPath": "blog/dora-ai-development-report"
  },
  "type": "Post",
  "slug": "/blog/dora-ai-development-report",
  "slugAsParams": "dora-ai-development-report",
  "images": []
}