{
  "title": "AI Coding Revolution - From 4% to 72% Success in One Year",
  "description": "The Stanford AI Index reveals massive improvements in AI coding capabilities, with SWE-bench scores jumping from 4.4% to 71.7%. Open-weight models are also catching up rapidly.",
  "date": "2025-01-20T00:00:00.000Z",
  "published": true,
  "image": "/_static/blog/blog-post-2.jpg",
  "authors": [
    "drewsepeczi"
  ],
  "categories": [
    "news"
  ],
  "related": [
    "ai-benchmark-revolution-2025",
    "openai-o1-coding-breakthrough"
  ],
  "body": {
    "raw": "\n<Callout>\n  The 2025 AI Index shows unprecedented progress in AI's ability to write and debug code. This could fundamentally change how we approach software development.\n</Callout>\n\n## Unprecedented AI Progress in Coding\n\nThe latest Stanford HAI AI Index reveals astonishing improvements in AI's coding capabilities. In just one year, AI systems have gone from solving 4.4% of software engineering problems to an impressive 71.7% success rate on the challenging SWE-bench benchmark.\n\n## Benchmark Breakthroughs\n\n### SWE-bench Performance\n- **2023**: 4.4% success rate\n- **2024**: 71.7% success rate\n- **Improvement**: 67.3 percentage points\n\nThis massive leap suggests AI is becoming genuinely useful for real-world software engineering tasks, not just simple coding exercises.\n\n### Other Notable Improvements\n- **MMMU**: 18.8 percentage point improvement\n- **GPQA**: 48.9 percentage point improvement\n- **MATH-500**: Continued strong performance in mathematical reasoning\n\n## Open-Weight Models Close the Gap\n\nOne of the most significant findings is how quickly open-weight models are catching up to their closed-weight counterparts:\n\n### Chatbot Arena Leaderboard Gap\n- **January 2024**: 8.04% performance gap\n- **February 2025**: Only 1.70% gap remaining\n\nThis democratization of AI capabilities means smaller teams and individual developers can now access state-of-the-art coding assistance without enterprise-level budgets.\n\n## Global Competition Heats Up\n\nThe traditional gap between US and Chinese AI models is also closing rapidly:\n\n### Performance Gaps (End of 2023 vs End of 2024)\n- **MMLU**: 17.5% → 0.3%\n- **MMMU**: 13.5% → 8.1%\n- **MATH**: 24.3% → 1.6%\n- **HumanEval**: 31.6% → 3.7%\n\n## What This Means for Developers\n\n### Immediate Benefits\n1. **More accessible AI tools** - Open-weight models mean lower costs\n2. **Better coding assistance** - 72% success rate on real engineering tasks\n3. **Faster development cycles** - AI can handle routine coding work\n\n### Future Implications\n- **Job evolution** rather than job replacement\n- **Focus on complex problem-solving** while AI handles implementation\n- **More collaborative development** between humans and AI\n\n## The Road Ahead\n\nWhile these improvements are impressive, experts caution that AI still struggles with:\n- **Long-term project planning**\n- **Architecture decisions**\n- **Understanding business requirements**\n\nThe AI Index suggests we're entering a new era where AI becomes a genuine collaborator in software development rather than just a tool.\n\n**Key Takeaway**: AI coding capabilities have improved dramatically, but the technology still needs human oversight for complex, real-world applications.\n\nRead the full [Stanford AI Index 2025 Report](https://hai.stanford.edu/ai-index/2025-ai-index-report) for more details.\n",
    "code": "var Component=(()=>{var p=Object.create;var o=Object.defineProperty;var m=Object.getOwnPropertyDescriptor;var g=Object.getOwnPropertyNames;var u=Object.getPrototypeOf,b=Object.prototype.hasOwnProperty;var f=(i,e)=>()=>(e||i((e={exports:{}}).exports,e),e.exports),v=(i,e)=>{for(var a in e)o(i,a,{get:e[a],enumerable:!0})},l=(i,e,a,s)=>{if(e&&typeof e==\"object\"||typeof e==\"function\")for(let r of g(e))!b.call(i,r)&&r!==a&&o(i,r,{get:()=>e[r],enumerable:!(s=m(e,r))||s.enumerable});return i};var k=(i,e,a)=>(a=i!=null?p(u(i)):{},l(e||!i||!i.__esModule?o(a,\"default\",{value:i,enumerable:!0}):a,i)),w=i=>l(o({},\"__esModule\",{value:!0}),i);var c=f((y,t)=>{t.exports=_jsx_runtime});var N={};v(N,{default:()=>d,frontmatter:()=>I});var n=k(c()),I={title:\"AI Coding Revolution - From 4% to 72% Success in One Year\",description:\"The Stanford AI Index reveals massive improvements in AI coding capabilities, with SWE-bench scores jumping from 4.4% to 71.7%. Open-weight models are also catching up rapidly.\",image:\"/_static/blog/blog-post-2.jpg\",date:\"2025-01-20\",authors:[\"drewsepeczi\"],categories:[\"news\"],related:[\"ai-benchmark-revolution-2025\",\"openai-o1-coding-breakthrough\"]};function h(i){let e={a:\"a\",h2:\"h2\",h3:\"h3\",li:\"li\",ol:\"ol\",p:\"p\",span:\"span\",strong:\"strong\",ul:\"ul\",...i.components},{Callout:a}=e;return a||A(\"Callout\",!0),(0,n.jsxs)(n.Fragment,{children:[(0,n.jsx)(a,{children:(0,n.jsx)(e.p,{children:\"The 2025 AI Index shows unprecedented progress in AI's ability to write and debug code. This could fundamentally change how we approach software development.\"})}),`\n`,(0,n.jsxs)(e.h2,{id:\"unprecedented-ai-progress-in-coding\",children:[(0,n.jsx)(e.a,{className:\"subheading-anchor\",\"aria-label\":\"Link to section\",href:\"#unprecedented-ai-progress-in-coding\",children:(0,n.jsx)(e.span,{className:\"icon icon-link\"})}),\"Unprecedented AI Progress in Coding\"]}),`\n`,(0,n.jsx)(e.p,{children:\"The latest Stanford HAI AI Index reveals astonishing improvements in AI's coding capabilities. In just one year, AI systems have gone from solving 4.4% of software engineering problems to an impressive 71.7% success rate on the challenging SWE-bench benchmark.\"}),`\n`,(0,n.jsxs)(e.h2,{id:\"benchmark-breakthroughs\",children:[(0,n.jsx)(e.a,{className:\"subheading-anchor\",\"aria-label\":\"Link to section\",href:\"#benchmark-breakthroughs\",children:(0,n.jsx)(e.span,{className:\"icon icon-link\"})}),\"Benchmark Breakthroughs\"]}),`\n`,(0,n.jsxs)(e.h3,{id:\"swe-bench-performance\",children:[(0,n.jsx)(e.a,{className:\"subheading-anchor\",\"aria-label\":\"Link to section\",href:\"#swe-bench-performance\",children:(0,n.jsx)(e.span,{className:\"icon icon-link\"})}),\"SWE-bench Performance\"]}),`\n`,(0,n.jsxs)(e.ul,{children:[`\n`,(0,n.jsxs)(e.li,{children:[(0,n.jsx)(e.strong,{children:\"2023\"}),\": 4.4% success rate\"]}),`\n`,(0,n.jsxs)(e.li,{children:[(0,n.jsx)(e.strong,{children:\"2024\"}),\": 71.7% success rate\"]}),`\n`,(0,n.jsxs)(e.li,{children:[(0,n.jsx)(e.strong,{children:\"Improvement\"}),\": 67.3 percentage points\"]}),`\n`]}),`\n`,(0,n.jsx)(e.p,{children:\"This massive leap suggests AI is becoming genuinely useful for real-world software engineering tasks, not just simple coding exercises.\"}),`\n`,(0,n.jsxs)(e.h3,{id:\"other-notable-improvements\",children:[(0,n.jsx)(e.a,{className:\"subheading-anchor\",\"aria-label\":\"Link to section\",href:\"#other-notable-improvements\",children:(0,n.jsx)(e.span,{className:\"icon icon-link\"})}),\"Other Notable Improvements\"]}),`\n`,(0,n.jsxs)(e.ul,{children:[`\n`,(0,n.jsxs)(e.li,{children:[(0,n.jsx)(e.strong,{children:\"MMMU\"}),\": 18.8 percentage point improvement\"]}),`\n`,(0,n.jsxs)(e.li,{children:[(0,n.jsx)(e.strong,{children:\"GPQA\"}),\": 48.9 percentage point improvement\"]}),`\n`,(0,n.jsxs)(e.li,{children:[(0,n.jsx)(e.strong,{children:\"MATH-500\"}),\": Continued strong performance in mathematical reasoning\"]}),`\n`]}),`\n`,(0,n.jsxs)(e.h2,{id:\"open-weight-models-close-the-gap\",children:[(0,n.jsx)(e.a,{className:\"subheading-anchor\",\"aria-label\":\"Link to section\",href:\"#open-weight-models-close-the-gap\",children:(0,n.jsx)(e.span,{className:\"icon icon-link\"})}),\"Open-Weight Models Close the Gap\"]}),`\n`,(0,n.jsx)(e.p,{children:\"One of the most significant findings is how quickly open-weight models are catching up to their closed-weight counterparts:\"}),`\n`,(0,n.jsxs)(e.h3,{id:\"chatbot-arena-leaderboard-gap\",children:[(0,n.jsx)(e.a,{className:\"subheading-anchor\",\"aria-label\":\"Link to section\",href:\"#chatbot-arena-leaderboard-gap\",children:(0,n.jsx)(e.span,{className:\"icon icon-link\"})}),\"Chatbot Arena Leaderboard Gap\"]}),`\n`,(0,n.jsxs)(e.ul,{children:[`\n`,(0,n.jsxs)(e.li,{children:[(0,n.jsx)(e.strong,{children:\"January 2024\"}),\": 8.04% performance gap\"]}),`\n`,(0,n.jsxs)(e.li,{children:[(0,n.jsx)(e.strong,{children:\"February 2025\"}),\": Only 1.70% gap remaining\"]}),`\n`]}),`\n`,(0,n.jsx)(e.p,{children:\"This democratization of AI capabilities means smaller teams and individual developers can now access state-of-the-art coding assistance without enterprise-level budgets.\"}),`\n`,(0,n.jsxs)(e.h2,{id:\"global-competition-heats-up\",children:[(0,n.jsx)(e.a,{className:\"subheading-anchor\",\"aria-label\":\"Link to section\",href:\"#global-competition-heats-up\",children:(0,n.jsx)(e.span,{className:\"icon icon-link\"})}),\"Global Competition Heats Up\"]}),`\n`,(0,n.jsx)(e.p,{children:\"The traditional gap between US and Chinese AI models is also closing rapidly:\"}),`\n`,(0,n.jsxs)(e.h3,{id:\"performance-gaps-end-of-2023-vs-end-of-2024\",children:[(0,n.jsx)(e.a,{className:\"subheading-anchor\",\"aria-label\":\"Link to section\",href:\"#performance-gaps-end-of-2023-vs-end-of-2024\",children:(0,n.jsx)(e.span,{className:\"icon icon-link\"})}),\"Performance Gaps (End of 2023 vs End of 2024)\"]}),`\n`,(0,n.jsxs)(e.ul,{children:[`\n`,(0,n.jsxs)(e.li,{children:[(0,n.jsx)(e.strong,{children:\"MMLU\"}),\": 17.5% \\u2192 0.3%\"]}),`\n`,(0,n.jsxs)(e.li,{children:[(0,n.jsx)(e.strong,{children:\"MMMU\"}),\": 13.5% \\u2192 8.1%\"]}),`\n`,(0,n.jsxs)(e.li,{children:[(0,n.jsx)(e.strong,{children:\"MATH\"}),\": 24.3% \\u2192 1.6%\"]}),`\n`,(0,n.jsxs)(e.li,{children:[(0,n.jsx)(e.strong,{children:\"HumanEval\"}),\": 31.6% \\u2192 3.7%\"]}),`\n`]}),`\n`,(0,n.jsxs)(e.h2,{id:\"what-this-means-for-developers\",children:[(0,n.jsx)(e.a,{className:\"subheading-anchor\",\"aria-label\":\"Link to section\",href:\"#what-this-means-for-developers\",children:(0,n.jsx)(e.span,{className:\"icon icon-link\"})}),\"What This Means for Developers\"]}),`\n`,(0,n.jsxs)(e.h3,{id:\"immediate-benefits\",children:[(0,n.jsx)(e.a,{className:\"subheading-anchor\",\"aria-label\":\"Link to section\",href:\"#immediate-benefits\",children:(0,n.jsx)(e.span,{className:\"icon icon-link\"})}),\"Immediate Benefits\"]}),`\n`,(0,n.jsxs)(e.ol,{children:[`\n`,(0,n.jsxs)(e.li,{children:[(0,n.jsx)(e.strong,{children:\"More accessible AI tools\"}),\" - Open-weight models mean lower costs\"]}),`\n`,(0,n.jsxs)(e.li,{children:[(0,n.jsx)(e.strong,{children:\"Better coding assistance\"}),\" - 72% success rate on real engineering tasks\"]}),`\n`,(0,n.jsxs)(e.li,{children:[(0,n.jsx)(e.strong,{children:\"Faster development cycles\"}),\" - AI can handle routine coding work\"]}),`\n`]}),`\n`,(0,n.jsxs)(e.h3,{id:\"future-implications\",children:[(0,n.jsx)(e.a,{className:\"subheading-anchor\",\"aria-label\":\"Link to section\",href:\"#future-implications\",children:(0,n.jsx)(e.span,{className:\"icon icon-link\"})}),\"Future Implications\"]}),`\n`,(0,n.jsxs)(e.ul,{children:[`\n`,(0,n.jsxs)(e.li,{children:[(0,n.jsx)(e.strong,{children:\"Job evolution\"}),\" rather than job replacement\"]}),`\n`,(0,n.jsxs)(e.li,{children:[(0,n.jsx)(e.strong,{children:\"Focus on complex problem-solving\"}),\" while AI handles implementation\"]}),`\n`,(0,n.jsxs)(e.li,{children:[(0,n.jsx)(e.strong,{children:\"More collaborative development\"}),\" between humans and AI\"]}),`\n`]}),`\n`,(0,n.jsxs)(e.h2,{id:\"the-road-ahead\",children:[(0,n.jsx)(e.a,{className:\"subheading-anchor\",\"aria-label\":\"Link to section\",href:\"#the-road-ahead\",children:(0,n.jsx)(e.span,{className:\"icon icon-link\"})}),\"The Road Ahead\"]}),`\n`,(0,n.jsx)(e.p,{children:\"While these improvements are impressive, experts caution that AI still struggles with:\"}),`\n`,(0,n.jsxs)(e.ul,{children:[`\n`,(0,n.jsx)(e.li,{children:(0,n.jsx)(e.strong,{children:\"Long-term project planning\"})}),`\n`,(0,n.jsx)(e.li,{children:(0,n.jsx)(e.strong,{children:\"Architecture decisions\"})}),`\n`,(0,n.jsx)(e.li,{children:(0,n.jsx)(e.strong,{children:\"Understanding business requirements\"})}),`\n`]}),`\n`,(0,n.jsx)(e.p,{children:\"The AI Index suggests we're entering a new era where AI becomes a genuine collaborator in software development rather than just a tool.\"}),`\n`,(0,n.jsxs)(e.p,{children:[(0,n.jsx)(e.strong,{children:\"Key Takeaway\"}),\": AI coding capabilities have improved dramatically, but the technology still needs human oversight for complex, real-world applications.\"]}),`\n`,(0,n.jsxs)(e.p,{children:[\"Read the full \",(0,n.jsx)(e.a,{href:\"https://hai.stanford.edu/ai-index/2025-ai-index-report\",children:\"Stanford AI Index 2025 Report\"}),\" for more details.\"]})]})}function d(i={}){let{wrapper:e}=i.components||{};return e?(0,n.jsx)(e,{...i,children:(0,n.jsx)(h,{...i})}):h(i)}function A(i,e){throw new Error(\"Expected \"+(e?\"component\":\"object\")+\" `\"+i+\"` to be defined: you likely forgot to import, pass, or provide it.\")}return w(N);})();\n;return Component;"
  },
  "_id": "blog/ai-benchmark-revolution-2025.mdx",
  "_raw": {
    "sourceFilePath": "blog/ai-benchmark-revolution-2025.mdx",
    "sourceFileName": "ai-benchmark-revolution-2025.mdx",
    "sourceFileDir": "blog",
    "contentType": "mdx",
    "flattenedPath": "blog/ai-benchmark-revolution-2025"
  },
  "type": "Post",
  "slug": "/blog/ai-benchmark-revolution-2025",
  "slugAsParams": "ai-benchmark-revolution-2025",
  "images": []
}